id_pregunta,año,convocatoria,fecha_examen,tipo_acceso,ejercicio,modelo,familia_modelos,computar_en_frecuencia,observacion_equivalencia,numero_pregunta,reserva,enunciado,opcion_a,opcion_b,opcion_c,opcion_d,tema_id,tema_oficial,bloque,titulo_tema,apartado_concreto,norma,articulo_precepto,tipo_pregunta,dificultad,concepto_principal,organismo_implicado,plazo_cifra_porcentaje_edad,contiene_excepcion,caracter,respuesta_provisional,respuesta_definitiva,resultado_final,fuente_pdf,enlace_oficial,metodo_extraccion,puntuacion_clasificacion,confianza_clasificacion,metodo_clasificacion,id_pregunta_canonica,similitud_canonica
2024_conv2023_ordinario_A-T01,2024,2023,2024-11-30,Acceso libre,Primera parte,A,A/B,Sí,Modelo A usado como variante canónica; el modelo B oficial está archivado y permuta el orden y/o las opciones.,1,No,"De acuerdo con 10 establecido en el artículo 167.1 de la Constitución Española, los proyectos de reforma constitucional deberán ser aprobados:","Por una mayoría de tres quintos de cada una de las Cámaras, salvo en ei supuesto en que no hubiese acuerdo entre ambas partes.","Por una mayoría de dos tercios de cada una de las Cámaras, salvo en el supuesto en que no hubiese acuerdo entre ambas partes.","Por una mayoría de un tercio de cada una de las Cámaras, salvo en el supuesto en que no hubiese acuerdo entre ambas partes.","Por una mayoría de un quinto de cada una de las Cámaras, salvo en el supuesto en que no hubiese acuerdo entre ambas partes.",G01,1,Temario general,La Constitución Española de 1978: Estructura y contenido. La reforma de la Constitución.,reforma constitucional,Constitución Española,167.1,Artículos literales,Media,reforma constitucional,,,No,Teórico,A,A,Válida,01. Información oficial de la oposición\Exámenes oficiales anteriores\2024 Convocatoria 2023 - Cuestionario libre Modelo A.pdf,https://www.seg-social.es/wps/portal/wss/internet/InformacionUtil/9950/88beb45d-ca83-4bab-8162-f94ef2894562,OCR Windows es-ES sobre PDF oficial,100,Alta,Regla jurídica determinista,2024_conv2023_ordinario_A-T01,1.0
2024_conv2023_ordinario_A-T02,2024,2023,2024-11-30,Acceso libre,Primera parte,A,A/B,Sí,Modelo A usado como variante canónica; el modelo B oficial está archivado y permuta el orden y/o las opciones.,2,No,"En relación con eI derecho de reunión pacífica y sin armas que establece el artículo 21 de la Constitución Española, señale la respuesta CORRECTA:",EI ejercicio de este derecho necesita autorización previa.,En los casos de reuniones en lugares de tránsito público y manifestaciones se dará comunicación previa a la autoridad.,En los casos de reuniones en lugares de tránsito público y manifestaciones no seré necesario dar comunicación previa a la autoridad.,"La autoridad correspondiente no podrá prohibirlas ni cuando existan razones fundadas de alteración del orden público, con peligro para personas o bienes,",G02,2,Temario general,Derechos y deberes fundamentales. Su garantía y suspensión.,G02,Constitución Española,21,Artículos literales,Media,G02,,,No,Teórico,B,B,Válida,01. Información oficial de la oposición\Exámenes oficiales anteriores\2024 Convocatoria 2023 - Cuestionario libre Modelo A.pdf,https://www.seg-social.es/wps/portal/wss/internet/InformacionUtil/9950/88beb45d-ca83-4bab-8162-f94ef2894562,OCR Windows es-ES sobre PDF oficial,100,Alta,Regla jurídica determinista,2024_conv2023_ordinario_A-T02,1.0
2024_conv2023_ordinario_A-T03,2024,2023,2024-11-30,Acceso libre,Primera parte,A,A/B,Sí,Modelo A usado como variante canónica; el modelo B oficial está archivado y permuta el orden y/o las opciones.,3,No,"Según 10 establecido en el artículo 9 de la Ley Orgánica 2/1979, de 3 de octubre, del Tribunal Constitucional, en relación al Presidente:",Será elegido por el Tribunal en Pleno de entre sus miembros por votación secreta.,"E Tribunal en pleno nombrará al Presidente por un periodo de cinco años, expirado eI cual podrá ser reelegido por una sola vez.","Ei Presidente elegirá entre sus miembros un Vicepresidente, al que incumbe sustituir al Presidente en caso de vacante, ausencia u otro motivo Eegal y presidir la Sala Segunda.","EI Presidente será elegido por un período de 3 años, expirado eI cual podrá ser reelegido por dos periodos más, con un máximo de 9 años.",G03,3,Temario general,"El Tribunal Constitucional. Organización, composición y atribuciones.",G03,Ley Orgánica 2/1979,9,Artículos literales,Media,G03,Tribunal Constitucional,,No,Teórico,A,A,Válida,01. Información oficial de la oposición\Exámenes oficiales anteriores\2024 Convocatoria 2023 - Cuestionario libre Modelo A.pdf,https://www.seg-social.es/wps/portal/wss/internet/InformacionUtil/9950/88beb45d-ca83-4bab-8162-f94ef2894562,OCR Windows es-ES sobre PDF oficial,100,Alta,Regla jurídica determinista,2024_conv2023_ordinario_A-T03,1.0
2024_conv2023_ordinario_A-T04,2024,2023,2024-11-30,Acceso libre,Primera parte,A,A/B,Sí,Modelo A usado como variante canónica; el modelo B oficial está archivado y permuta el orden y/o las opciones.,4,No,"Entre las funciones que el artículo 62 de la Constitución Española atribuye al Rey, ¿se encuentra la posibilidad de presidir eI Consejo de Ministros?","No, porque seria una invasión de las competencias atribuidas exclusivamente al Presidente del Gobierno.","SL a petición de las Cortes Generales,","No, se excluye en la ley orgánica de desarrollo.","Sí. para ser informado de los asuntos de Estado, cuando 10 estime oportuno, a petición del Presidente del Gobierno.",G04,4,Temario general,La Corona. Funciones constitucionales del Rey. Sucesión y regencia. El refrendo.,G04,Constitución Española,62,Artículos literales,Media,G04,Consejo de Ministros,,No,Teórico,D,D,Válida,01. Información oficial de la oposición\Exámenes oficiales anteriores\2024 Convocatoria 2023 - Cuestionario libre Modelo A.pdf,https://www.seg-social.es/wps/portal/wss/internet/InformacionUtil/9950/88beb45d-ca83-4bab-8162-f94ef2894562,OCR Windows es-ES sobre PDF oficial,100,Alta,Regla jurídica determinista,2024_conv2023_ordinario_A-T04,1.0
2024_conv2023_ordinario_A-T05,2024,2023,2024-11-30,Acceso libre,Primera parte,A,A/B,Sí,Modelo A usado como variante canónica; el modelo B oficial está archivado y permuta el orden y/o las opciones.,5,No,"De acuerdo con el afticulo 79 de la Constitución Española, el Congreso de los Diputados y el Senado adoptarán acuerdos:","Por mayoría de tres quintos, sin perjuicio de las mayorías especiales que establezcan la Constitución o las leyes orgánicas.","Por la mayoría de los miembros presentes, sin perjuicio de las mayorias especiales que establezcan la Constitución o las leyes orgánicas y las que para elección de personas establezcan los Reglamentos de las Cámaras,","Por mayoría absoluta, sin perjuicio de las mayorías especiales que establezcan la Constitución o las leyes orgánicas.","Por la mayoria de los miembros presentes, en todo caso.",G05,5,Temario general,"El poder legislativo. Las Cortes Generales: Composición, atribuciones y funcionamiento. El Defensor del Pueblo.",G05,Constitución Española,,Artículos literales,Media,G05,,,No,Teórico,B,B,Válida,01. Información oficial de la oposición\Exámenes oficiales anteriores\2024 Convocatoria 2023 - Cuestionario libre Modelo A.pdf,https://www.seg-social.es/wps/portal/wss/internet/InformacionUtil/9950/88beb45d-ca83-4bab-8162-f94ef2894562,OCR Windows es-ES sobre PDF oficial,100,Alta,Regla jurídica determinista,2024_conv2023_ordinario_A-T05,1.0
2024_conv2023_ordinario_A-T06,2024,2023,2024-11-30,Acceso libre,Primera parte,A,A/B,Sí,Modelo A usado como variante canónica; el modelo B oficial está archivado y permuta el orden y/o las opciones.,6,No,"De acuerdo con el artículo 117,5 de la Constitución Española, el principio de unidad jurisdiccional es la base de la organización y funcionamiento de los Tribunales. La ley regulará el ejercicio de la jurisdicción militar en el ámbito estrictamente castrense y, de acuerdo con los principios de la Constitución, ¿en qué supuestos?",En los supuestos de estado de excepción.,En los supuestos de estado de sitio.,En los supuestos de estado de alarma.,En los supuestos de estado de alerta.,G06,6,Temario general,El Poder Judicial. El principio de unidad jurisdiccional. El Consejo General del Poder Judicial. La organización judicial española.,G06,Constitución Española,117,Artículos literales,Alta,G06,,,No,Teórico,B,B,Válida,01. Información oficial de la oposición\Exámenes oficiales anteriores\2024 Convocatoria 2023 - Cuestionario libre Modelo A.pdf,https://www.seg-social.es/wps/portal/wss/internet/InformacionUtil/9950/88beb45d-ca83-4bab-8162-f94ef2894562,OCR Windows es-ES sobre PDF oficial,100,Alta,Regla jurídica determinista,2024_conv2023_ordinario_A-T06,1.0
2024_conv2023_ordinario_A-T07,2024,2023,2024-11-30,Acceso libre,Primera parte,A,A/B,Sí,Modelo A usado como variante canónica; el modelo B oficial está archivado y permuta el orden y/o las opciones.,7,No,"Según eI articulo 113 de la Constitución Española, señale la afirmación CORRECTA:",La moción de censura no podrá ser votada hasta que transcurran cinco días desde su presentación. En los dos primeros días de dicho plazo podrán presentarse mociones alternativas.,"Si la moción de censura no fuere aprobada por las Cortes Generales, sus signatarios no podrán presentar otra durante el mismo periodo de sesiones.","La moción de censura deberá ser propuesta por 50 diputados 0 50 senadores, y habrá de incluir un candidato a la Presidencia del Gobierno.",EI Congreso de los Diputados puede exigir la responsabilidad política del Gobierno mediante la adopción por mayoria simple de la moción de censura.,G07,7,Temario general,"El poder ejecutivo. El presidente del Gobierno y el Consejo de Ministros. Relaciones entre el Gobierno y las Cortes Generales. Designación, causas de cese y responsabilidad del Gobierno. El Consejo de Estado.",G07,Constitución Española,113,Artículos literales,Media,G07,,,No,Teórico,A,A,Válida,01. Información oficial de la oposición\Exámenes oficiales anteriores\2024 Convocatoria 2023 - Cuestionario libre Modelo A.pdf,https://www.seg-social.es/wps/portal/wss/internet/InformacionUtil/9950/88beb45d-ca83-4bab-8162-f94ef2894562,OCR Windows es-ES sobre PDF oficial,100,Alta,Regla jurídica determinista,2024_conv2023_ordinario_A-T07,1.0
2024_conv2023_ordinario_A-T08,2024,2023,2024-11-30,Acceso libre,Primera parte,A,A/B,Sí,Modelo A usado como variante canónica; el modelo B oficial está archivado y permuta el orden y/o las opciones.,8,No,"De acuerdo con 10 establecido en el artículo 58 de la Ley 40/2015, de 1 de octubre, de Régimen Jurídico del Sector Público, señale la respuesta INCORRECTA:",Los Ministerios contarán en todo caso con una Subsecretaría.,En todos los Ministerios deberá existir una Secretaría de Estado.,Las Direcciones Generales son los órganos de gestión de una o varias áreas funcionalmente homogéneas.,"Las Direcciones Generales se organizan en Subdirecciones Generales para la distribución de las competencias encomendadas a aquellas, la realización de las actividades que les son propias y la asignación de objetivos y responsabilidades.",G08,8,Temario general,"La Administración General del Estado. Principios de organización y funcionamiento. Órganos centrales. Órganos superiores y órganos directivos: creación, nombramiento, cese y funciones. Los servicios comunes de los ministerios. Órganos territoriales. La Administración del Estado en el Exterior.",G08,Ley 40/2015,58,Artículos literales,Alta,G08,,,Sí,Teórico,B,B,Válida,01. Información oficial de la oposición\Exámenes oficiales anteriores\2024 Convocatoria 2023 - Cuestionario libre Modelo A.pdf,https://www.seg-social.es/wps/portal/wss/internet/InformacionUtil/9950/88beb45d-ca83-4bab-8162-f94ef2894562,OCR Windows es-ES sobre PDF oficial,100,Alta,Regla jurídica determinista,2024_conv2023_ordinario_A-T08,1.0
2024_conv2023_ordinario_A-T09,2024,2023,2024-11-30,Acceso libre,Primera parte,A,A/B,Sí,Modelo A usado como variante canónica; el modelo B oficial está archivado y permuta el orden y/o las opciones.,9,No,"Según el artículo 153 de la Constitución Española, señale la respuesta INCORRECTA respeto al control de la actividad de los órganos de las comunidades autónomas:","Se ejercerá por el Gobierno, previo dictamen del Consejo de Estado, el del ejercicio de funciones delegadas a que se refiere el apartado 2 del artículo 150.","Se ejercerá por la jurisdicción civil, el de la administración autónoma y sus normas reglamentarias","Se ejercerá por eI Tribunal de Cuentas, eI económico y presupuestario.","Se ejercerá por el Tribunal Constitucional, el relativo a la constitucionalidad de sus disposiciones normativas con fuerza de ley.",G09,9,Temario general,La organización territorial del Estado. Las Comunidades Autónomas. Los Estatutos de Autonomía. La delimitación de competencias entre el Estado y las Comunidades Autónomas en la Constitución y en los Estatutos de Autonomía. La Administración local: El municipio. La provincia.,G09,Constitución Española,153,Órganos,Alta,G09,,,Sí,Teórico,B,B,Válida,01. Información oficial de la oposición\Exámenes oficiales anteriores\2024 Convocatoria 2023 - Cuestionario libre Modelo A.pdf,https://www.seg-social.es/wps/portal/wss/internet/InformacionUtil/9950/88beb45d-ca83-4bab-8162-f94ef2894562,OCR Windows es-ES sobre PDF oficial,100,Alta,Regla jurídica determinista,2024_conv2023_ordinario_A-T09,1.0
2024_conv2023_ordinario_A-T10,2024,2023,2024-11-30,Acceso libre,Primera parte,A,A/B,Sí,Modelo A usado como variante canónica; el modelo B oficial está archivado y permuta el orden y/o las opciones.,10,No,"Indique cuál de las siguientes NO es una competencia exclusiva de la Unión Europea, de acuerdo con el artículo 3 del Tratado de Funcionamiento de la Unión Europea.",La unión aduanera.,La industria.,La política monetaria de tos Estados miembros cuya moneda es el euro.,La conservación de los recursos biológicos marinos dentro de la politica pesquera común.,G10,10,Temario general,"Las Instituciones de la Unión Europea: El Consejo, el Parlamento Europeo, la Comisión, el Tribunal de Justicia.",G10,Tratado de Funcionamiento de la Unión Europea,3,Competencias,Media,G10,,,Sí,Teórico,B,B,Válida,01. Información oficial de la oposición\Exámenes oficiales anteriores\2024 Convocatoria 2023 - Cuestionario libre Modelo A.pdf,https://www.seg-social.es/wps/portal/wss/internet/InformacionUtil/9950/88beb45d-ca83-4bab-8162-f94ef2894562,OCR Windows es-ES sobre PDF oficial,100,Alta,Regla jurídica determinista,2024_conv2023_ordinario_A-T10,1.0
2024_conv2023_ordinario_A-T11,2024,2023,2024-11-30,Acceso libre,Primera parte,A,A/B,Sí,Modelo A usado como variante canónica; el modelo B oficial está archivado y permuta el orden y/o las opciones.,11,No,"En el artículo 288 del Tratado de Funcionamiento de la Unión Europea, se recogen los tipos de normas que regulan el Derecho Comunitario, entre ellas se encuentran las denominadas ""Decisiones"" ¿tienen carácter vinculante?","No, porque son meras recomendaciones a los Estados miembros de la Unión Europea.","No, solo son vinculantes los Reglamentos Comunitarios y las Directivas.","Sí, son obligatorias en todos sus elementos. Cuando designe destinatarios, sófo será obligatoria para éstos.","Si, son obligatorias para todos los países miembros de la Unión Europea cuando son aprobadas en votación del Parlamento Europeo, por mayoría de dos tercios de los miembros de la Unión Europea.",G11,11,Temario general,"Las fuentes del derecho de la Unión Europea. Derecho originario. Derecho derivado: Reglamentos, directivas y decisiones. Otras fuentes. Las relaciones entre el Derecho de la Unión Europea y el ordenamiento jurídico de los Estados miembros.",G11,Tratado de Funcionamiento de la Unión Europea,288,Artículos literales,Media,G11,,,No,Teórico,C,C,Válida,01. Información oficial de la oposición\Exámenes oficiales anteriores\2024 Convocatoria 2023 - Cuestionario libre Modelo A.pdf,https://www.seg-social.es/wps/portal/wss/internet/InformacionUtil/9950/88beb45d-ca83-4bab-8162-f94ef2894562,OCR Windows es-ES sobre PDF oficial,100,Alta,Regla jurídica determinista,2024_conv2023_ordinario_A-T11,1.0
2024_conv2023_ordinario_A-T12,2024,2023,2024-11-30,Acceso libre,Primera parte,A,A/B,Sí,Modelo A usado como variante canónica; el modelo B oficial está archivado y permuta el orden y/o las opciones.,12,No,"Según eI artículo I del Real Decreto 501/2024, de 21 de mayo, el Ministerio de Inclusión, Seguridad Social y Migraciones posee dos Secretarías de Estado que se denominan:",Secretaría de Estado de Inmigraciones y Secretaria de Estado de la Seguridad Social y Pensiones.,Secretaría de Estado de Migraciones y Secretaría de Estado de la Seguridad Social y Pensiones.,Secretaría de Estado de Migraciones y Secretaría de Estado de la Seguridad Social y Prestaciones.,Secretaría de Estado de Inclusión y Secretaria de Estado de la Seguridad Sociat y Pensiones.,G12,12,Temario general,"El Ministerio de Inclusión, Seguridad Social y Migraciones. Organización. Estructura y funciones.",G12,Real Decreto 501/2024,,Artículos literales,Media,G12,,,No,Teórico,B,B,Válida,01. Información oficial de la oposición\Exámenes oficiales anteriores\2024 Convocatoria 2023 - Cuestionario libre Modelo A.pdf,https://www.seg-social.es/wps/portal/wss/internet/InformacionUtil/9950/88beb45d-ca83-4bab-8162-f94ef2894562,OCR Windows es-ES sobre PDF oficial,100,Alta,Regla jurídica determinista,2024_conv2023_ordinario_A-T12,1.0
2024_conv2023_ordinario_A-T13,2024,2023,2024-11-30,Acceso libre,Primera parte,A,A/B,Sí,Modelo A usado como variante canónica; el modelo B oficial está archivado y permuta el orden y/o las opciones.,13,No,Señale la respuesta CORRECTA de acuerdo con 10 dispuesto en el articulo 1 del Código Civil:,Carecerán de validez las disposiciones que contradigan otra de rango superior.,Los tratados internacionales serán de aplicación directa en España aunque no hayan sido publicados en eI Boletín Oficial del Estado.,"La Constitución y las leyes constituyen las únicas fuentes del ordenamiento jurídico,",Carecerán de validez las disposiciones que contradigan otra de rango inferior.,G13,13,Temario general,Las fuentes del Derecho Administrativo. Concepto y clases. La jerarquía de las fuentes.,G13,,1,Artículos literales,Media,G13,,,No,Teórico,A,A,Válida,01. Información oficial de la oposición\Exámenes oficiales anteriores\2024 Convocatoria 2023 - Cuestionario libre Modelo A.pdf,https://www.seg-social.es/wps/portal/wss/internet/InformacionUtil/9950/88beb45d-ca83-4bab-8162-f94ef2894562,OCR Windows es-ES sobre PDF oficial,100,Alta,Regla jurídica determinista,2024_conv2023_ordinario_A-T13,1.0
2024_conv2023_ordinario_A-T14,2024,2023,2024-11-30,Acceso libre,Primera parte,A,A/B,Sí,Modelo A usado como variante canónica; el modelo B oficial está archivado y permuta el orden y/o las opciones.,14,No,De acuerdo con 10 regulado en eI artículo 82 de la Constitución Española:,Las Codes Generales podrán delegar en eI Gobierno la potestad de dictar normas con rango de ley sobre materias determinadas.,La delegación legislativa de las Cortes Generales en el Gobierno deberá otorgarse mediante una ley ordinaria cuando su objeto sea la formación de textos articulados.,La delegación legislativa de las Cortes Generales en el Gobierno deberá otorgarse mediante una ley de bases cuando se trate de refundir varios textos legales en uno solo.,"La delegación legislativa habrá de otorgarse al Gobierno de forma expresa para materia concreta, sin necesidad de establecer ningún plazo para su ejercicio.",G14,14,Temario general,"La Ley. Tipos de leyes. Disposiciones del Gobierno con fuerza de ley: decreto-ley y decreto legislativo. El Reglamento: concepto, clases y límites. Los principios generales del Derecho.",G14,Constitución Española,82,Artículos literales,Media,G14,,,No,Teórico,A,A,Válida,01. Información oficial de la oposición\Exámenes oficiales anteriores\2024 Convocatoria 2023 - Cuestionario libre Modelo A.pdf,https://www.seg-social.es/wps/portal/wss/internet/InformacionUtil/9950/88beb45d-ca83-4bab-8162-f94ef2894562,OCR Windows es-ES sobre PDF oficial,100,Alta,Regla jurídica determinista,2024_conv2023_ordinario_A-T14,1.0
2024_conv2023_ordinario_A-T15,2024,2023,2024-11-30,Acceso libre,Primera parte,A,A/B,Sí,Modelo A usado como variante canónica; el modelo B oficial está archivado y permuta el orden y/o las opciones.,15,No,"De acuerdo con 10 establecido en eI artículo 50 de la Ley 39/2015, de 1 de octubre, del Procedimiento Administrativo Común de las Administraciones Públicas, los actos nulos o anulables que, sín embargo, contengan los elementos constitutivos de otro distinto:",Producirán los efectos de éste.,No producirán los efectos de éste.,"Producirán los efectos de éste, salvo en la parte que ei administrado así 10 solicite en el plazo establecido a tat efecto.",Producirán los efectos de éste únicamente con la extensión que eI administrado solicite en eI plazo establecido a tal efecto.,G15,15,Temario general,"Los actos administrativos. Concepto y clases. Motivación, forma y eficacia de los actos administrativos. Notificación y publicación. Nulidad y anulabilidad. La revisión de oficio.",embargo,Ley 39/2015,50,Procedimientos,Media,embargo,,,No,Teórico,A,A,Válida,01. Información oficial de la oposición\Exámenes oficiales anteriores\2024 Convocatoria 2023 - Cuestionario libre Modelo A.pdf,https://www.seg-social.es/wps/portal/wss/internet/InformacionUtil/9950/88beb45d-ca83-4bab-8162-f94ef2894562,OCR Windows es-ES sobre PDF oficial,100,Alta,Regla jurídica determinista,2024_conv2023_ordinario_A-T15,1.0
2024_conv2023_ordinario_A-T16,2024,2023,2024-11-30,Acceso libre,Primera parte,A,A/B,Sí,Modelo A usado como variante canónica; el modelo B oficial está archivado y permuta el orden y/o las opciones.,16,No,"Es un derecho de los interesados en eI procedimiento administrativo común, en virtud del artículo 53 de la Ley 39/2015, de I de octubre, del Procedimiento Administrativo Común de las Administraciones Públicas:","Conocer, en cualquier momento, el estado de la tramitación de los procedimientos en los que tengan la condición de interesados.",Identificar a las autoridades y al personal al servicio de las Administraciones Públicas bajo cuya responsabilidad se tramiten los procedimientos.,Actuar asistidos de asesor cuando 10 consideren conveniente en defensa de sus intereses,Todas las respuestas anteriores son correctas.,G16,16,Temario general,El procedimiento administrativo común. La capacidad de obrar y el concepto de interesado. Representación. Identificación y firma de los interesados. Derechos del interesado en el procedimiento administrativo. Obligación de resolver y silencio administrativo. Términos y plazos.,G16,Ley 39/2015,53,Procedimientos,Media,G16,,,No,Teórico,D,D,Válida,01. Información oficial de la oposición\Exámenes oficiales anteriores\2024 Convocatoria 2023 - Cuestionario libre Modelo A.pdf,https://www.seg-social.es/wps/portal/wss/internet/InformacionUtil/9950/88beb45d-ca83-4bab-8162-f94ef2894562,OCR Windows es-ES sobre PDF oficial,100,Alta,Regla jurídica determinista,2024_conv2023_ordinario_A-T16,1.0
2024_conv2023_ordinario_A-T17,2024,2023,2024-11-30,Acceso libre,Primera parte,A,A/B,Sí,Modelo A usado como variante canónica; el modelo B oficial está archivado y permuta el orden y/o las opciones.,17,No,"De acuerdo con la sección 1 a, Disposiciones generales, del Capítulo V, Finalización del procedimiento, de la Ley 391201 5, de I de octubre, del Procedimiento Administrativo Común de las Administraciones Públicas:",Únicamente pone fin al procedimiento la resolución motivada del mismo.,"En un procedimiento sancionador, si el infractor reconoce su responsabilidad, se podrá resolver eI procedimiento con la imposición de la sanción que proceda.","EI desistimiento del procedimiento no pone fin al mismo, ya que será impulsado hasta su resolución por la Administración Pública competente.","Cuando la sanción tenga únicamente carácter pecuniario, eI órgano competente para resolver ei procedimiento aplicará reducciones de, al menos, eI 60 % sobre el importe de la sanción propuesta.",G17,17,Temario general,"Las fases del procedimiento administrativo: Iniciación, ordenación, instrucción y finalización. La ejecución de los actos y resoluciones administrativas.",G17,,,Procedimientos,Media,G17,,,No,Teórico,B,B,Válida,01. Información oficial de la oposición\Exámenes oficiales anteriores\2024 Convocatoria 2023 - Cuestionario libre Modelo A.pdf,https://www.seg-social.es/wps/portal/wss/internet/InformacionUtil/9950/88beb45d-ca83-4bab-8162-f94ef2894562,OCR Windows es-ES sobre PDF oficial,100,Alta,Regla jurídica determinista,2024_conv2023_ordinario_A-T17,1.0
2024_conv2023_ordinario_A-T18,2024,2023,2024-11-30,Acceso libre,Primera parte,A,A/B,Sí,Modelo A usado como variante canónica; el modelo B oficial está archivado y permuta el orden y/o las opciones.,18,No,"En virtud del artículo 122 de la Ley 39/2015, de I de octubre, del Procedimiento Administrativo Común de las Administraciones Públicas:","EI plazo para la interposición del recurso de alzada será de un mes, si el acto fuera expreso.","Si el acto no fuera expreso, no se podrá interponer recurso de alzada.","EI plazo para la interposición del recurso de alzada será de tres meses, si eI acto no Lera expreso.","EI plazo para la interposición del recurso de alzada será de tres meses, si el acto fuera expreso.",G18,18,Temario general,Los recursos administrativos: concepto y clases. Recurso de alzada. Recurso potestativo de reposición. Recurso extraordinario de revisión. La jurisdicción contencioso-administrativa: objeto y plazos de interposición del recurso contencioso administrativo.,G18,Ley 39/2015,122,Procedimientos,Media,G18,,,No,Teórico,A,A,Válida,01. Información oficial de la oposición\Exámenes oficiales anteriores\2024 Convocatoria 2023 - Cuestionario libre Modelo A.pdf,https://www.seg-social.es/wps/portal/wss/internet/InformacionUtil/9950/88beb45d-ca83-4bab-8162-f94ef2894562,OCR Windows es-ES sobre PDF oficial,100,Alta,Regla jurídica determinista,2024_conv2023_ordinario_A-T18,1.0
2024_conv2023_ordinario_A-T19,2024,2023,2024-11-30,Acceso libre,Primera parte,A,A/B,Sí,Modelo A usado como variante canónica; el modelo B oficial está archivado y permuta el orden y/o las opciones.,19,No,"Según el artículo 8 del Real Decreto Legislativo 5/2015, de 30 de octubre, por el que se aprueba el texto refundido de la Ley del Estatuto Básico del Empleado Público (TREBEP) ¿quiénes desempeñan funciones retribuidas en las Administraciones Públicas al servicio de los intereses generales?",Los empleados públicos.,"Los funcionarios de carrera y los funcionarios interinos, exclusivamente.",Únicamente los funcionarios de carrera y el personal laboral por tiempo indefinido.,"Los funcionarios de carrera, los funcionarios interinos y eI personal laboral, exclusivamente.",G19,19,Temario general,"El personal al servicio de las Administraciones Públicas: concepto y clases. Derechos y deberes de los funcionarios. La carrera administrativa. Las incompatibilidades. Régimen disciplinario: faltas, sanciones y procedimiento.",G19,Real Decreto Legislativo 5/2015,8,Artículos literales,Media,G19,,,No,Teórico,A,A,Válida,01. Información oficial de la oposición\Exámenes oficiales anteriores\2024 Convocatoria 2023 - Cuestionario libre Modelo A.pdf,https://www.seg-social.es/wps/portal/wss/internet/InformacionUtil/9950/88beb45d-ca83-4bab-8162-f94ef2894562,OCR Windows es-ES sobre PDF oficial,100,Alta,Regla jurídica determinista,2024_conv2023_ordinario_A-T19,1.0
2024_conv2023_ordinario_A-T20,2024,2023,2024-11-30,Acceso libre,Primera parte,A,A/B,Sí,Modelo A usado como variante canónica; el modelo B oficial está archivado y permuta el orden y/o las opciones.,20,No,"De acuerdo con e' artículo II de la Ley Orgánica 4/2001, de 12 de noviembre, reguladora del Derecho de Petición, una vez admitida a trámite una petición, la autoridad u órgano competente vendrán obligados a contestar y a notificar la contestación en el plazo máximo de:",Seis meses a contar desde la fecha de su presentación.,Un mes a contar desde la fecha de su presentación.,Dos meses a contar desde la fecha de su presentación.,Tres meses a contar desde la fecha de su presentación.,G20,20,Temario general,Atención al público. Atención de personas con discapacidad. Los servicios de información administrativa. Información general y particular al ciudadano. Iniciativas. Reclamaciones. Quejas. Peticiones.,G20,Ley Orgánica 4/2001,,Plazos,Media,G20,,,No,Teórico,D,D,Válida,01. Información oficial de la oposición\Exámenes oficiales anteriores\2024 Convocatoria 2023 - Cuestionario libre Modelo A.pdf,https://www.seg-social.es/wps/portal/wss/internet/InformacionUtil/9950/88beb45d-ca83-4bab-8162-f94ef2894562,OCR Windows es-ES sobre PDF oficial,100,Alta,Regla jurídica determinista,2024_conv2023_ordinario_A-T20,1.0
2024_conv2023_ordinario_A-T21,2024,2023,2024-11-30,Acceso libre,Primera parte,A,A/B,Sí,Modelo A usado como variante canónica; el modelo B oficial está archivado y permuta el orden y/o las opciones.,21,No,"Según eI artículo 10 de la Ley 4/2023, de 28 de febrero, para la igualdad real y efectiva de las personas trans y para la garantía de los derechos de las personas LGTBI, la Estrategia estatal para la igualdad de trato y no discriminación de las personas LGTBI será aprobada mediante:",Acuerdo del Consejo de Ministros. previo informe favorable de la Conferencia Sectorial de Igualdad.,"Resolución del Ministerio competente en materia de igualdad, previo informe favorable de la Conferencia Sectorial de Igualdad.","Acuerdo del Consejo de Ministros, previo informe favorable del Ministerio competente en materia de igualdad.","Acuerdo del Consejo de Ministros, previo informe favorable del Consejo de Participación de las Personas LGTBI.",G21,21,Temario general,"Políticas de igualdad y contra la violencia de género. Discapacidad y dependencia: régimen jurídico. La Ley 4/2023, de 28 de febrero, para la igualdad real y efectiva de las personas trans y para la garantía de los derechos de las personas LGTBI.",G21,Ley 4/2023,10,Artículos literales,Media,G21,,,No,Teórico,A,A,Válida,01. Información oficial de la oposición\Exámenes oficiales anteriores\2024 Convocatoria 2023 - Cuestionario libre Modelo A.pdf,https://www.seg-social.es/wps/portal/wss/internet/InformacionUtil/9950/88beb45d-ca83-4bab-8162-f94ef2894562,OCR Windows es-ES sobre PDF oficial,100,Alta,Regla jurídica determinista,2024_conv2023_ordinario_A-T21,1.0
2024_conv2023_ordinario_A-T22,2024,2023,2024-11-30,Acceso libre,Primera parte,A,A/B,Sí,Modelo A usado como variante canónica; el modelo B oficial está archivado y permuta el orden y/o las opciones.,22,No,"La Ley Orgánica 312018, de 5 de diciembre, de Protección de Datos Personales y garantía de los derechos digitales establece en eI artículo 13 y siguientes que serán derechos de las personas o afectados:","Derecho a obtener y utilizar medios de firma electrónica, derecho a ser asistidos en el uso de medios electrónicos, derecho de acceso y derecho de rectificación.","Derecho de reafirmación, derecho a la conservación, derecho a la ampliación del tratamiento y derecho de cesión.","Derecho de acceso, derecho de rectificación, derecho de supresión, derecho a la limitación del tratamiento, derecho a la portabilidad y derecho de oposición.","Únicamente están reconocidos como derechos el acceso y la oposición, no siendo posible rectificar sus datos ni tampoco suprimirlos.",G22,22,Temario general,"Normativa reguladora de la protección de datos personales: principios, derechos de las personas y ejercicios de los derechos.",G22,,13,Artículos literales,Media,G22,,,No,Teórico,C,C,Válida,01. Información oficial de la oposición\Exámenes oficiales anteriores\2024 Convocatoria 2023 - Cuestionario libre Modelo A.pdf,https://www.seg-social.es/wps/portal/wss/internet/InformacionUtil/9950/88beb45d-ca83-4bab-8162-f94ef2894562,OCR Windows es-ES sobre PDF oficial,100,Alta,Regla jurídica determinista,2024_conv2023_ordinario_A-T22,1.0
2024_conv2023_ordinario_A-T23,2024,2023,2024-11-30,Acceso libre,Primera parte,A,A/B,Sí,Modelo A usado como variante canónica; el modelo B oficial está archivado y permuta el orden y/o las opciones.,23,No,"Según eI apartado 1 del artículo 53 del Real Decreto 203/2021, de 30 de marzo, por el que se aprueba el Reglamento de actuación y funcionamiento del sector público por medios electrónicos, los documentos presentados por eI interesado en soporte papel que no puedan serle devueltos en el momento de su presentación, una vez digitalizados serán conservados a su disposición, para que pueda recogerlos, durante:","Seis meses, salvo que reglamentariamente la Administración correspondiente establezca un plazo mayor.","Tres meses, en todo caso.","Un año, salvo que reglamentariamente la Administración correspondiente establezca un p\azo mayor.","Seis meses, en todo caso.",G23,23,Temario general,"El funcionamiento electrónico del sector público. Derecho y obligación de relacionarse electrónicamente con las Administraciones Públicas, registros y archivo electrónico.",G23,Real Decreto 203/2021,53,Artículos literales,Alta,G23,,,No,Teórico,A,A,Válida,01. Información oficial de la oposición\Exámenes oficiales anteriores\2024 Convocatoria 2023 - Cuestionario libre Modelo A.pdf,https://www.seg-social.es/wps/portal/wss/internet/InformacionUtil/9950/88beb45d-ca83-4bab-8162-f94ef2894562,OCR Windows es-ES sobre PDF oficial,100,Alta,Regla jurídica determinista,2024_conv2023_ordinario_A-T23,1.0
2024_conv2023_ordinario_A-T24,2024,2023,2024-11-30,Acceso libre,Primera parte,A,A/B,Sí,Modelo A usado como variante canónica; el modelo B oficial está archivado y permuta el orden y/o las opciones.,24,No,"Según se establece en el artículo 41 de la Constitución Española, los poderes públicos mantendrán un régimen público de Seguridad Social para todos los ciudadanos que garantice la asistencia y prestaciones sociales suficientes ante situaciones de necesidad:",Especialmente en caso de discapacidad.,Especialmente en caso de desempleo.,Especialmente en caso de maternidad.,"Especialmente en caso de incapacidad,",S01,1,Temario específico Seguridad Social,La Seguridad Social en la Constitución española de 1978. El texto refundido de la Ley General de la Seguridad Social.,S01,Constitución Española,41,Artículos literales,Media,S01,,,No,Teórico,B,B,Válida,01. Información oficial de la oposición\Exámenes oficiales anteriores\2024 Convocatoria 2023 - Cuestionario libre Modelo A.pdf,https://www.seg-social.es/wps/portal/wss/internet/InformacionUtil/9950/88beb45d-ca83-4bab-8162-f94ef2894562,OCR Windows es-ES sobre PDF oficial,100,Alta,Regla jurídica determinista,2024_conv2023_ordinario_A-T24,1.0
2024_conv2023_ordinario_A-T25,2024,2023,2024-11-30,Acceso libre,Primera parte,A,A/B,Sí,Modelo A usado como variante canónica; el modelo B oficial está archivado y permuta el orden y/o las opciones.,25,No,"¿Cuál es el Titulo IV del texto refundido de la Ley General de la Seguridad Social, aprobado por Real Decreto legislativo 8/2015, de 30 de octubre?:",Protección por desempleo.,Prestaciones no contributivas.,"Protección por cese de actividad,",Régimen Especial de la Seguridad Social de los Trabajadores por Cuenta Propia o Autónomos.,S02,2,Temario específico Seguridad Social,"Campo de aplicación y composición del sistema de la Seguridad Social. Régimen general: ámbito subjetivo de aplicación, inclusiones y exclusiones. Regímenes especiales: enumeración, características generales, altas, bajas y cotización. Particularidades de la acción protectora. Sistemas especiales: enumeración y características generales. Altas, bajas y cotización. Particularidades de la acción protectora.",S02,Real Decreto legislativo 8/2015,,Artículos literales,Media,S02,,,No,Teórico,D,D,Válida,01. Información oficial de la oposición\Exámenes oficiales anteriores\2024 Convocatoria 2023 - Cuestionario libre Modelo A.pdf,https://www.seg-social.es/wps/portal/wss/internet/InformacionUtil/9950/88beb45d-ca83-4bab-8162-f94ef2894562,OCR Windows es-ES sobre PDF oficial,100,Alta,Revisión jurídica individual,2024_conv2023_ordinario_A-T25,1.0
2024_conv2023_ordinario_A-T26,2024,2023,2024-11-30,Acceso libre,Primera parte,A,A/B,Sí,Modelo A usado como variante canónica; el modelo B oficial está archivado y permuta el orden y/o las opciones.,26,No,"De los principios rectores de la política social y económica de la Constitución Española ¿en qué artículo se recoge la protección social, económica y jurídica de la familia?",Artículo 39.1,Artículo 40.2,Artículo 43.1,Artículo 50,S01,1,Temario específico Seguridad Social,La Seguridad Social en la Constitución española de 1978. El texto refundido de la Ley General de la Seguridad Social.,S01,Constitución Española,,Artículos literales,Media,S01,,,No,Teórico,A,A,Válida,01. Información oficial de la oposición\Exámenes oficiales anteriores\2024 Convocatoria 2023 - Cuestionario libre Modelo A.pdf,https://www.seg-social.es/wps/portal/wss/internet/InformacionUtil/9950/88beb45d-ca83-4bab-8162-f94ef2894562,OCR Windows es-ES sobre PDF oficial,100,Alta,Revisión jurídica individual,2024_conv2023_ordinario_A-T26,1.0
2024_conv2023_ordinario_A-T27,2024,2023,2024-11-30,Acceso libre,Primera parte,A,A/B,Sí,Modelo A usado como variante canónica; el modelo B oficial está archivado y permuta el orden y/o las opciones.,27,No,"De acuerdo con el articulo 7.3 del texto refundido de la Ley General de la Seguridad Social, el Gobierno, en el marco de los sistemas de protección social pública, puede establecer medidas de protección social en favor de:","Los españoles residentes en España, de acuerdo con las características propias de nuestro país.","Los extranjeros no residentes en España, de acuerdo con las características de los países de residencia.","Los españoles no residentes en España, de acuerdo con las características de los países da residencia.","Los extranjeros residentes en España, de acuerdo con las características propias de nuestro país.",S02,2,Temario específico Seguridad Social,"Campo de aplicación y composición del sistema de la Seguridad Social. Régimen general: ámbito subjetivo de aplicación, inclusiones y exclusiones. Regímenes especiales: enumeración, características generales, altas, bajas y cotización. Particularidades de la acción protectora. Sistemas especiales: enumeración y características generales. Altas, bajas y cotización. Particularidades de la acción protectora.",S02,texto refundido de la Ley General de la Seguridad Social,7.3,Artículos literales,Media,S02,,,No,Teórico,C,C,Válida,01. Información oficial de la oposición\Exámenes oficiales anteriores\2024 Convocatoria 2023 - Cuestionario libre Modelo A.pdf,https://www.seg-social.es/wps/portal/wss/internet/InformacionUtil/9950/88beb45d-ca83-4bab-8162-f94ef2894562,OCR Windows es-ES sobre PDF oficial,100,Alta,Regla jurídica determinista,2024_conv2023_ordinario_A-T27,1.0
2024_conv2023_ordinario_A-T28,2024,2023,2024-11-30,Acceso libre,Primera parte,A,A/B,Sí,Modelo A usado como variante canónica; el modelo B oficial está archivado y permuta el orden y/o las opciones.,28,No,"Según el artículo 4 de la Ley 47/2015, quedan comprendidos en eI Régimen Especial de la Seguridad Social de los Trabajadores del Mar, entre otros, como trabajadores por cuenta propia o autónomos:",Buceadores con titulaciones deportivas-recreativas.,Acuicultura desarrollada en zona terrestre.,"Los mariscadores, percebeiros, recogedores de algas y análogos,",Estibadores portuarios.,S02,2,Temario específico Seguridad Social,"Campo de aplicación y composición del sistema de la Seguridad Social. Régimen general: ámbito subjetivo de aplicación, inclusiones y exclusiones. Regímenes especiales: enumeración, características generales, altas, bajas y cotización. Particularidades de la acción protectora. Sistemas especiales: enumeración y características generales. Altas, bajas y cotización. Particularidades de la acción protectora.",S02,Ley 47/2015,4,Artículos literales,Media,S02,,,No,Teórico,C,C,Válida,01. Información oficial de la oposición\Exámenes oficiales anteriores\2024 Convocatoria 2023 - Cuestionario libre Modelo A.pdf,https://www.seg-social.es/wps/portal/wss/internet/InformacionUtil/9950/88beb45d-ca83-4bab-8162-f94ef2894562,OCR Windows es-ES sobre PDF oficial,100,Alta,Regla jurídica determinista,2024_conv2023_ordinario_A-T28,1.0
2024_conv2023_ordinario_A-T29,2024,2023,2024-11-30,Acceso libre,Primera parte,A,A/B,Sí,Modelo A usado como variante canónica; el modelo B oficial está archivado y permuta el orden y/o las opciones.,29,No,"De acuerdo con el articulo 253,2. del texto refundido de la Ley General de la Seguridad Social, para quedar incluido en eI Sistema Especial de Trabajadores por Cuenta Ajena Agrarios durante los períodos de inactividad son requisitos necesarios que el trabajador:",Haya realizado un minimo de 30 jornadas reales en un período continuado de 365 días y solicite expresamente la inclusión dentro de los 3 meses naturales siguientes al de la realización de la última de dichas jornadas.,Haya realizado un minimo de 25 jornadas reales en un período continuado de 365 días y solicite expresamente la inclusión dentro de los 2 meses naturales siguientes al de la realización de la última de dichas jornadas.,Haya realizado un mínimo de 30 jornadas reales en un periodo continuado de 365 días y solicite expresamente la inclusión dentro de los 6 meses naturales siguientes al de la realización de la última de dichas jornadas.,Haya realizado un mínimo de 25 jornadas reales en un período continuado de 365 días y solicite expresamente la inclusión dentro de los 3 meses naturales siguientes al de la realización de la última de dichas jornadas.,S02,2,Temario específico Seguridad Social,"Campo de aplicación y composición del sistema de la Seguridad Social. Régimen general: ámbito subjetivo de aplicación, inclusiones y exclusiones. Regímenes especiales: enumeración, características generales, altas, bajas y cotización. Particularidades de la acción protectora. Sistemas especiales: enumeración y características generales. Altas, bajas y cotización. Particularidades de la acción protectora.",S02,texto refundido de la Ley General de la Seguridad Social,253,Requisitos,Media,S02,,,No,Teórico,A,A,Válida,01. Información oficial de la oposición\Exámenes oficiales anteriores\2024 Convocatoria 2023 - Cuestionario libre Modelo A.pdf,https://www.seg-social.es/wps/portal/wss/internet/InformacionUtil/9950/88beb45d-ca83-4bab-8162-f94ef2894562,OCR Windows es-ES sobre PDF oficial,100,Alta,Regla jurídica determinista,2024_conv2023_ordinario_A-T29,1.0
2024_conv2023_ordinario_A-T30,2024,2023,2024-11-30,Acceso libre,Primera parte,A,A/B,Sí,Modelo A usado como variante canónica; el modelo B oficial está archivado y permuta el orden y/o las opciones.,30,No,"De acuerdo con 10 previsto en eI artículo 28 del Real Decreto 84/1996, de 26 de enero, la variación de los datos de la afiliación deberá comunicarse:","Por el empresario y, en su caso, por eE trabajador interesado a cualquier dirección provincial de la Tesorería General de la Seguridad Social o administración de la Seguridad Social, dentro de los tres días hábiles siguientes a aquel en que la variación se produzca y mediante los modelos oficiales o por ei sistema establecido ai efecto.","Por eI empresario y, en su caso, por el trabajador interesado a cualquier dirección provincial de la Tesorería General de la Seguridad Social o administración de la Seguridad Social, dentro de los cinco dias naturales siguientes a aquel en que la variación se produzca y mediante los modelos oficiales o por el sistema establecido al efecto.","Por el empresario y, en su caso, por el trabajador interesado a cualquier dirección provincial de la Tesorería General de la Seguridad Social o administración de la Seguridad Social, dentro de los tres dias naturales siguientes a aquel en que la variación se produzca y ruediante los modelos oficiales o por ei sistema establecido al efecto.","Por el empresario y, en su caso, por el trabajador interesado a cualquier dirección provincial de la Tesoreria General de la Seguridad social o administración de la Seguridad Social, dentro de los cinco días hábiles siguientes a aquel en que la variación se produzca y mediante los modelos oficiales o por eI sistema establecido al efecto,",S03,3,Temario específico Seguridad Social,Normas sobre afiliación. Altas y bajas en el régimen general. Procedimiento y efectos. El convenio especial y otras situaciones asimiladas a la del alta. Encuadramiento e inscripción.,afiliación,Real Decreto 84/1996,28,"Afiliación, altas y bajas",Media,afiliación,,,No,Teórico,C,C,Válida,01. Información oficial de la oposición\Exámenes oficiales anteriores\2024 Convocatoria 2023 - Cuestionario libre Modelo A.pdf,https://www.seg-social.es/wps/portal/wss/internet/InformacionUtil/9950/88beb45d-ca83-4bab-8162-f94ef2894562,OCR Windows es-ES sobre PDF oficial,100,Alta,Regla jurídica determinista,2024_conv2023_ordinario_A-T30,1.0
2024_conv2023_ordinario_A-T31,2024,2023,2024-11-30,Acceso libre,Primera parte,A,A/B,Sí,Modelo A usado como variante canónica; el modelo B oficial está archivado y permuta el orden y/o las opciones.,31,No,"Según el artículo 6.1 del Real Decreto 84/1996, de 26 de enero, mediante el acto administrativo de afiliación, la Tesorería General de la Seguridad Social reconoce la condición de incluida en el sistema de la Seguridad Social, a la persona física que por vez primera realiza una actividad determinante de su inclusión en el ámbito de aplicación del mismo, estableciendo que:","La afiliación al Sistema de la Seguridad Social es obligatoria para todas las personas comprendidas en el campo de aplicación del mismo, es única y general para todos los Regímenes que componen el sistema, se extiende a toda la vida de las personas comprendidas en el campo de aplicación del sistema y es exclusiva.","La afiliación al Sistema de la Seguridad Social es obligatoria para todas las personas comprendidas en eI campo de aplicación del mismo, se extiende a toda la vida de las personas comprendidas en eI campo de aplicación del sistema, es exclusiva, aunque no única y general para todos los Regímenes que componen el sistema.","La afiliación al Sistema de la Seguridad Social es obligatoria para todas las personas comprendidas en eI campo de aplicación del mismo, es única y general para todos los Regímenes, es exclusiva, aunque no se extiende a toda la vida de las personas comprendidas en eI campo de aplicación del sistema.","La afiliación al Sistema de la Seguridad Social es obligatoria para todas las personas comprendidas en eI campo de aplicación del mismo, es única y general para todos los Regímenes que componen eI sistema, se extiende a toda la vida de las personas comprendidas en el campo de aplicación del sistema y no es exclusiva,",S03,3,Temario específico Seguridad Social,Normas sobre afiliación. Altas y bajas en el régimen general. Procedimiento y efectos. El convenio especial y otras situaciones asimiladas a la del alta. Encuadramiento e inscripción.,afiliación,Real Decreto 84/1996,6.1,"Afiliación, altas y bajas",Alta,afiliación,Tesorería General de la Seguridad Social; ISM,,No,Teórico,A,A,Válida,01. Información oficial de la oposición\Exámenes oficiales anteriores\2024 Convocatoria 2023 - Cuestionario libre Modelo A.pdf,https://www.seg-social.es/wps/portal/wss/internet/InformacionUtil/9950/88beb45d-ca83-4bab-8162-f94ef2894562,OCR Windows es-ES sobre PDF oficial,100,Alta,Regla jurídica determinista,2024_conv2023_ordinario_A-T31,1.0
2024_conv2023_ordinario_A-T32,2024,2023,2024-11-30,Acceso libre,Primera parte,A,A/B,Sí,Modelo A usado como variante canónica; el modelo B oficial está archivado y permuta el orden y/o las opciones.,32,No,"Según el artículo 32 del Real Decreto 84/1996, de 26 de enero, las solicitudes para la baja y variaciones de datos de trabajadores deberán dirigirse a:",La Dirección Provincial de la Tesorería General de la Seguridad Social o Administración de la misma en que los trabajadores hayan sido dados de alta.,La Dirección Provincial de la Tesorería General de la Seguridad Social o Administración de la misma del domicilio del trabajador.,La Dirección Provincial de la Tesorería General de la Seguridad Social o Administración de la misma de la provincia que esté domiciliada la empresa.,La Dirección Provincial de la Tesorería General de la Seguridad Social o Administración de la misma del domicilio del empresario.,S03,3,Temario específico Seguridad Social,Normas sobre afiliación. Altas y bajas en el régimen general. Procedimiento y efectos. El convenio especial y otras situaciones asimiladas a la del alta. Encuadramiento e inscripción.,baja,Real Decreto 84/1996,32,Procedimientos,Media,baja,,,No,Teórico,A,A,Válida,01. Información oficial de la oposición\Exámenes oficiales anteriores\2024 Convocatoria 2023 - Cuestionario libre Modelo A.pdf,https://www.seg-social.es/wps/portal/wss/internet/InformacionUtil/9950/88beb45d-ca83-4bab-8162-f94ef2894562,OCR Windows es-ES sobre PDF oficial,100,Alta,Regla jurídica determinista,2024_conv2023_ordinario_A-T32,1.0
2024_conv2023_ordinario_A-T33,2024,2023,2024-11-30,Acceso libre,Primera parte,A,A/B,Sí,Modelo A usado como variante canónica; el modelo B oficial está archivado y permuta el orden y/o las opciones.,33,No,"Según eI artículo 33 del Real Decreto 84/1996, de 26 de enero, establece que es competente para reconocer el derecho a la afiliación, al alta o a la baja en la Seguridad Social la Dirección Provincial de la Tesorería General de la Seguridad Social o la Administración de la misma en la provincia:",En cuyo ámbito territorial se encuentre eI domicilio del trabajador por cuenta ajena.,En la que radique eI establecimiento del trabajador por cuenta ajena.,En que se encuentre abierta la cuenta de cotización del empresario al que presta servicios eI trabajador por cuenta ajena.,Es competente la Dirección Provincial del Instituto Nacional de la Seguridad Social.,S03,3,Temario específico Seguridad Social,Normas sobre afiliación. Altas y bajas en el régimen general. Procedimiento y efectos. El convenio especial y otras situaciones asimiladas a la del alta. Encuadramiento e inscripción.,afiliación,Real Decreto 84/1996,33,Competencias,Media,afiliación,Tesorería General de la Seguridad Social; ISM,,No,Teórico,C,C,Válida,01. Información oficial de la oposición\Exámenes oficiales anteriores\2024 Convocatoria 2023 - Cuestionario libre Modelo A.pdf,https://www.seg-social.es/wps/portal/wss/internet/InformacionUtil/9950/88beb45d-ca83-4bab-8162-f94ef2894562,OCR Windows es-ES sobre PDF oficial,100,Alta,Regla jurídica determinista,2024_conv2023_ordinario_A-T33,1.0
2024_conv2023_ordinario_A-T34,2024,2023,2024-11-30,Acceso libre,Primera parte,A,A/B,Sí,Modelo A usado como variante canónica; el modelo B oficial está archivado y permuta el orden y/o las opciones.,34,No,"¿Quién es el sujeto activo de la obligación de cotizar a la Seguridad Social, conforme a 10 dispuesto en eI artículo 7.1 del Real Decreto 2064/1995, de 22 de diciembre, por el que se aprueba el Reglamento General sobre Cotización y Liquidación de otros Derechos de la Seguridad Social?",EI empresario como sujeto responsable del cumplimiento de la obligación de cotizar.,La Tesorería General de la Seguridad Social.,La Secretaría de Estado de la Seguridad Social y Pensiones.,Los empresarios y trabajadores incluidos en el Sistema de la Seguridad Social.,S04,4,Temario específico Seguridad Social,La cotización a la Seguridad Social: normas comunes del sistema. La liquidación de cuotas. El régimen general de la Seguridad Social. Supuestos especiales. Bases y tipos de cotización. Liquidación de otras deudas.,S04,Real Decreto 2064/1995,7.1,Cotización,Media,S04,,,No,Teórico,B,B,Válida,01. Información oficial de la oposición\Exámenes oficiales anteriores\2024 Convocatoria 2023 - Cuestionario libre Modelo A.pdf,https://www.seg-social.es/wps/portal/wss/internet/InformacionUtil/9950/88beb45d-ca83-4bab-8162-f94ef2894562,OCR Windows es-ES sobre PDF oficial,100,Alta,Regla jurídica determinista,2024_conv2023_ordinario_A-T34,1.0
2024_conv2023_ordinario_A-T35,2024,2023,2024-11-30,Acceso libre,Primera parte,A,A/B,Sí,Modelo A usado como variante canónica; el modelo B oficial está archivado y permuta el orden y/o las opciones.,35,No,"De acuerdo con 10 dispuesto en los arts. 147.2.d) del texto refundido de la Ley General de la Seguridad Social y 23.2.c) del Reglamento de Cotización y Liquidación de derechos de Seguridad Social (RD 2064/1995), NO se computarán en la base de cotización:",Las percepciones de vencimiento superior al mensual.,Las percepciones correspondientes a vacaciones anuales devengadas y no disfrutadas que sean retribuidas a la finalización de la relación laboral.,Las prestaciones de la Seguridad Social y las mejoras de las prestaciones por incapacidad temporal concedidas por las empresas.,"Todas las percepciones recibidas por los trabajadores se incluirán en la base de cotización, independientemente de su cuantía.",S04,4,Temario específico Seguridad Social,La cotización a la Seguridad Social: normas comunes del sistema. La liquidación de cuotas. El régimen general de la Seguridad Social. Supuestos especiales. Bases y tipos de cotización. Liquidación de otras deudas.,base de cotización,texto refundido de la Ley General de la Seguridad Social,,Cotización,Media,base de cotización,,,No,Teórico,C,C,Válida,01. Información oficial de la oposición\Exámenes oficiales anteriores\2024 Convocatoria 2023 - Cuestionario libre Modelo A.pdf,https://www.seg-social.es/wps/portal/wss/internet/InformacionUtil/9950/88beb45d-ca83-4bab-8162-f94ef2894562,OCR Windows es-ES sobre PDF oficial,100,Alta,Regla jurídica determinista,2024_conv2023_ordinario_A-T35,1.0
2024_conv2023_ordinario_A-T36,2024,2023,2024-11-30,Acceso libre,Primera parte,A,A/B,Sí,Modelo A usado como variante canónica; el modelo B oficial está archivado y permuta el orden y/o las opciones.,36,No,"¿Cómo se denomina la cotización finalista establecida sobre la base de cotización por contingencias comunes en todas las situaciones en las que existe obligación de cotizar para la cobertura de la pensión de jubilación, para preservar el equilibrio entre generaciones y fortalecer la sostenibilidad del sistema de la Seguridad Social a largo plazo? EI art. 127.bis y la D.T. 43 del texto refundido de la Ley General de la Seguridad Social fo definen como:","Fondo de Garantía del Sistema de la Seguridad Social,",Mecanismo de equidad intergeneracional.,Factor de Sostenibilidad.,Fondo de Depósito de la prestación de jubilación.,S04,4,Temario específico Seguridad Social,La cotización a la Seguridad Social: normas comunes del sistema. La liquidación de cuotas. El régimen general de la Seguridad Social. Supuestos especiales. Bases y tipos de cotización. Liquidación de otras deudas.,base de cotización,texto refundido de la Ley General de la Seguridad Social,,Plazos,Alta,base de cotización,,,No,Teórico,B,B,Válida,01. Información oficial de la oposición\Exámenes oficiales anteriores\2024 Convocatoria 2023 - Cuestionario libre Modelo A.pdf,https://www.seg-social.es/wps/portal/wss/internet/InformacionUtil/9950/88beb45d-ca83-4bab-8162-f94ef2894562,OCR Windows es-ES sobre PDF oficial,100,Alta,Regla jurídica determinista,2024_conv2023_ordinario_A-T36,1.0
2024_conv2023_ordinario_A-T37,2024,2023,2024-11-30,Acceso libre,Primera parte,A,A/B,Sí,Modelo A usado como variante canónica; el modelo B oficial está archivado y permuta el orden y/o las opciones.,37,No,"Según establece el artículo 6 del Reglamento General de Recaudación de la Seguridad Social, aprobado por Real Decreto 1415/2004, de II de junio ¿Cuándo se inicia y finaliza el período voluntario de recaudación?","Se iniciará una vez finalizado el plazo reglamentario de ingreso, y se prolongará, de no mediar pago u otra causa de extinción de la deuda, hasta la emisión de la providencia de apremio, con la que se dará inicio al periodo de recaudación ejecutiva.","Se iniciará una vez finalizado el plazo reglamentario de ingreso, y se prolongará, de no tnediar pago u otra causa de extinción de la deuda, hasta la emisión de la reclamación de deuda o acta de liquidación.","Se iniciará en la fecha de comienzo del plazo reglamentario de ingreso, y finalizará eI último dia de dicho plazo reglamentario.","Se iniciará en la fecha de comienzo del plazo reglamentario de ingreso, y se prolongará, de no mediar pago u otra causa de extinción de la deuda, hasta la emisión de la providencia de apremio, con la que se dará inicio al periodo de recaudación ejecutiva.",S05,5,Temario específico Seguridad Social,"La gestión recaudatoria: concepto, competencia y objeto. Responsables del pago. Requisitos para el pago. Medios de pago. Control de recaudación. Revisión de los actos de gestión recaudatoria. La recaudación en periodo voluntario. Efectos de la falta de cotización en período reglamentario. Recaudación de otros recursos. Aplazamientos. Devolución de ingresos indebidos. Capital coste de pensiones.",S05,Real Decreto 1415/2004,6,Recaudación,Media,S05,,,No,Teórico,D,D,Válida,01. Información oficial de la oposición\Exámenes oficiales anteriores\2024 Convocatoria 2023 - Cuestionario libre Modelo A.pdf,https://www.seg-social.es/wps/portal/wss/internet/InformacionUtil/9950/88beb45d-ca83-4bab-8162-f94ef2894562,OCR Windows es-ES sobre PDF oficial,100,Alta,Regla jurídica determinista,2024_conv2023_ordinario_A-T37,1.0
2024_conv2023_ordinario_A-T38,2024,2023,2024-11-30,Acceso libre,Primera parte,A,A/B,Sí,Modelo A usado como variante canónica; el modelo B oficial está archivado y permuta el orden y/o las opciones.,38,No,¿Cuál es el plazo reglamentario para el ingreso de las cuotas correspondientes al Régimen Especial de Trabajadores por Cuenta Propia o Autónomos?,Dentro del mismo mes al que aquellas correspondan.,Dentro del mes siguiente al que corresponda su devengo.,Dentro del mes siguiente a aquel en que se comunique la liquidación correspondiente por la TGSS.,"Dentro del año natural,",S05,5,Temario específico Seguridad Social,"La gestión recaudatoria: concepto, competencia y objeto. Responsables del pago. Requisitos para el pago. Medios de pago. Control de recaudación. Revisión de los actos de gestión recaudatoria. La recaudación en periodo voluntario. Efectos de la falta de cotización en período reglamentario. Recaudación de otros recursos. Aplazamientos. Devolución de ingresos indebidos. Capital coste de pensiones.",S05,,,Plazos,Básica,S05,,,No,Teórico,A,A,Válida,01. Información oficial de la oposición\Exámenes oficiales anteriores\2024 Convocatoria 2023 - Cuestionario libre Modelo A.pdf,https://www.seg-social.es/wps/portal/wss/internet/InformacionUtil/9950/88beb45d-ca83-4bab-8162-f94ef2894562,OCR Windows es-ES sobre PDF oficial,100,Alta,Revisión jurídica individual,2024_conv2023_ordinario_A-T38,1.0
2024_conv2023_ordinario_A-T39,2024,2023,2024-11-30,Acceso libre,Primera parte,A,A/B,Sí,Modelo A usado como variante canónica; el modelo B oficial está archivado y permuta el orden y/o las opciones.,39,No,Las actas de liquidación de cuotas se extenderán por:,Por la Inspección de Trabajo y Seguridad Social.,Por la Tesorería General de la Seguridad Social.,Por la Comunidad Autónoma competente.,Por la Agencia Tributaria del Ministerio de Hacienda.,S04,4,Temario específico Seguridad Social,La cotización a la Seguridad Social: normas comunes del sistema. La liquidación de cuotas. El régimen general de la Seguridad Social. Supuestos especiales. Bases y tipos de cotización. Liquidación de otras deudas.,liquidación de cuotas,,,Cotización,Básica,liquidación de cuotas,,,No,Teórico,A,A,Válida,01. Información oficial de la oposición\Exámenes oficiales anteriores\2024 Convocatoria 2023 - Cuestionario libre Modelo A.pdf,https://www.seg-social.es/wps/portal/wss/internet/InformacionUtil/9950/88beb45d-ca83-4bab-8162-f94ef2894562,OCR Windows es-ES sobre PDF oficial,100,Alta,Regla jurídica determinista,2024_conv2023_ordinario_A-T39,1.0
2024_conv2023_ordinario_A-T40,2024,2023,2024-11-30,Acceso libre,Primera parte,A,A/B,Sí,Modelo A usado como variante canónica; el modelo B oficial está archivado y permuta el orden y/o las opciones.,40,No,"De acuerdo con el artículo 84 del Reglamento General de Recaudación de la Seguridad Social, aprobado por Real Decreto 141512004, de 11 de junio, la providencia de apremio contendrá la advertencia expresa de que serán exigibles los intereses de demora devengados desde la finalización del plazo reglamentario de ingreso, si no se efectúa el pago en el plazo de:",Quince días hábiles siguientes a la notificación.,"Quince días naturales siguientes a la notificación,","Veinte días naturales siguientes a la notificación,",Un mes natural siguiente a la notificación.,S06,6,Temario específico Seguridad Social,La recaudación en vía ejecutiva. Normas generales. Iniciación y título ejecutivo. La providencia de apremio. Oposición y efectos. El embargo de bienes. Enajenación de bienes: modalidades. Créditos incobrables. Tercerías.,providencia de apremio,,84,Plazos,Alta,providencia de apremio,,,No,Teórico,B,B,Válida,01. Información oficial de la oposición\Exámenes oficiales anteriores\2024 Convocatoria 2023 - Cuestionario libre Modelo A.pdf,https://www.seg-social.es/wps/portal/wss/internet/InformacionUtil/9950/88beb45d-ca83-4bab-8162-f94ef2894562,OCR Windows es-ES sobre PDF oficial,100,Alta,Regla jurídica determinista,2024_conv2023_ordinario_A-T40,1.0
2024_conv2023_ordinario_A-T41,2024,2023,2024-11-30,Acceso libre,Primera parte,A,A/B,Sí,Modelo A usado como variante canónica; el modelo B oficial está archivado y permuta el orden y/o las opciones.,41,No,"EI artículo 87 del Reglamento General de Recaudación de la Seguridad Social, aprobado por Real Decreto 141512004, de II de junio, permite prever un incremento sobre la cuantia exigible en las actuaciones del procedimiento de apremio para el cobro de la deuda, en concepto de previsión de costas e intereses que puedan devengarse hasta eI momento efectivo del cobro, pero la previsión de costas no puede superar:",EI diez por ciento del importe de la deuda.,No existe límite.,EI quince por ciento del importe de la deuda.,E! tres por ciento del importe de la deuda.,S06,6,Temario específico Seguridad Social,La recaudación en vía ejecutiva. Normas generales. Iniciación y título ejecutivo. La providencia de apremio. Oposición y efectos. El embargo de bienes. Enajenación de bienes: modalidades. Créditos incobrables. Tercerías.,S06,,87,Cálculos,Alta,S06,,,No,Teórico,D,D,Válida,01. Información oficial de la oposición\Exámenes oficiales anteriores\2024 Convocatoria 2023 - Cuestionario libre Modelo A.pdf,https://www.seg-social.es/wps/portal/wss/internet/InformacionUtil/9950/88beb45d-ca83-4bab-8162-f94ef2894562,OCR Windows es-ES sobre PDF oficial,100,Alta,Regla jurídica determinista,2024_conv2023_ordinario_A-T41,1.0
2024_conv2023_ordinario_A-T42,2024,2023,2024-11-30,Acceso libre,Primera parte,A,A/B,Sí,Modelo A usado como variante canónica; el modelo B oficial está archivado y permuta el orden y/o las opciones.,42,No,"Conforme establece el artículo 90 del Reglamento General de Recaudación de la Seguridad Social, aprobado por Real Decreto 1415/2004, de II de junio, la solicitud de información de movimientos de cuentas corrientes a bancos o cajas de ahorro exigirá la autorización previa:",Del Director Provincial de la Tesorería General de la Seguridad Social competente.,Del Director General de la Tesorería General de la Seguridad Social competente.,Del Subdirector Provincial de la Tesorería General de la Seguridad Social competente en materia de recaudación ejecutiva.,Del Subdirector General de la Tesorería General de la Seguridad Social competente en materia de recaudación ejecutiva.,S06,6,Temario específico Seguridad Social,La recaudación en vía ejecutiva. Normas generales. Iniciación y título ejecutivo. La providencia de apremio. Oposición y efectos. El embargo de bienes. Enajenación de bienes: modalidades. Créditos incobrables. Tercerías.,S06,Real Decreto 1415/2004,90,Procedimientos,Media,S06,,,No,Teórico,A,A,Válida,01. Información oficial de la oposición\Exámenes oficiales anteriores\2024 Convocatoria 2023 - Cuestionario libre Modelo A.pdf,https://www.seg-social.es/wps/portal/wss/internet/InformacionUtil/9950/88beb45d-ca83-4bab-8162-f94ef2894562,OCR Windows es-ES sobre PDF oficial,100,Alta,Regla jurídica determinista,2024_conv2023_ordinario_A-T42,1.0
2024_conv2023_ordinario_A-T43,2024,2023,2024-11-30,Acceso libre,Primera parte,A,A/B,Sí,Modelo A usado como variante canónica; el modelo B oficial está archivado y permuta el orden y/o las opciones.,43,No,"EI artículo 135 del Reglamento General de Recaudación de la Seguridad Social, aprobado por Real Decreto 1415/2004, de II de junio, establece que la reclamación en tercería se resolverá, previa la práctica de la prueba que pueda estimarse oportuna, por el Director Provincial de la Tesorería General de la Seguridad Social en eI plazo máximo de:","Seis meses, a contar desde eI día en que se promovió.","Tres meses, a contar desde eI día en que se promovió.","Tres meses, a contar desde el día de la remisión por la unidad de recaudación ejecutiva a la Dirección Provincial para su resolución.","Seis meses, a contar desde eI día de la remisión por la unidad de recaudación ejecutiva a la Dirección Provincial para su resolución.",S06,6,Temario específico Seguridad Social,La recaudación en vía ejecutiva. Normas generales. Iniciación y título ejecutivo. La providencia de apremio. Oposición y efectos. El embargo de bienes. Enajenación de bienes: modalidades. Créditos incobrables. Tercerías.,S06,Real Decreto 1415/2004,135,Plazos,Alta,S06,Tesorería General de la Seguridad Social,,No,Teórico,B,B,Válida,01. Información oficial de la oposición\Exámenes oficiales anteriores\2024 Convocatoria 2023 - Cuestionario libre Modelo A.pdf,https://www.seg-social.es/wps/portal/wss/internet/InformacionUtil/9950/88beb45d-ca83-4bab-8162-f94ef2894562,OCR Windows es-ES sobre PDF oficial,100,Alta,Regla jurídica determinista,2024_conv2023_ordinario_A-T43,1.0
2024_conv2023_ordinario_A-T44,2024,2023,2024-11-30,Acceso libre,Primera parte,A,A/B,Sí,Modelo A usado como variante canónica; el modelo B oficial está archivado y permuta el orden y/o las opciones.,44,No,"Según eI artículo 54 del texto refundido de la Ley General de la Seguridad Social, ¿cuándo caduca eI derecho al percibo de las prestaciones a tanto alzado y por una sola vez?","En un mes, a contar desde el día siguiente al de haber sido notificada en forma al interesado su reconocimiento.","En un año, a contar desde eI día siguiente al de haber sido notificada en forma al interesado su reconocimiento.","En un mes, a contar desde eI día siguiente al del hecho causante.",En un año a contar desde el día siguiente al del hecho causante.,S07,7,Temario específico Seguridad Social,"Acción protectora. Contenido y clasificación de las prestaciones. Caracteres de las prestaciones. Incompatibilidades. Reintegro de las prestaciones indebidas. Requisitos generales del derecho a las prestaciones. Responsabilidades en orden a las prestaciones por incumplimiento de las obligaciones de afiliación, altas, bajas y cotización. Automaticidad y anticipo de prestaciones. Riesgo protegido: contingencias comunes y profesionales.",S07,texto refundido de la Ley General de la Seguridad Social,54,Artículos literales,Media,S07,,,No,Teórico,B,B,Válida,01. Información oficial de la oposición\Exámenes oficiales anteriores\2024 Convocatoria 2023 - Cuestionario libre Modelo A.pdf,https://www.seg-social.es/wps/portal/wss/internet/InformacionUtil/9950/88beb45d-ca83-4bab-8162-f94ef2894562,OCR Windows es-ES sobre PDF oficial,100,Alta,Regla jurídica determinista,2024_conv2023_ordinario_A-T44,1.0
2024_conv2023_ordinario_A-T45,2024,2023,2024-11-30,Acceso libre,Primera parte,A,A/B,Sí,Modelo A usado como variante canónica; el modelo B oficial está archivado y permuta el orden y/o las opciones.,45,No,"Según eI artículo 53 del texto refundido de la Ley General de la Seguridad Social, con carácter general, con la salvedad de las excepciones que se determinen en la propia ley, ¿cuándo prescribirá el derecho al reconocimiento de las prestaciones?",A los 3 años contados desde eI día siguiente a aquel en que tenga lugar eI hecho causante de la prestación de que se trate.,A los 4 años contados desde eI día siguiente a aquel en que tenga lugar el hecho causante de la prestación de que se trate.,A los 5 años contados desde el día siguiente a aquel en que tenga lugar eI hecho causante de la prestación de que se trate.,"Nunca, todas las prestaciones de Seguridad Social son imprescriptibles.",S07,7,Temario específico Seguridad Social,"Acción protectora. Contenido y clasificación de las prestaciones. Caracteres de las prestaciones. Incompatibilidades. Reintegro de las prestaciones indebidas. Requisitos generales del derecho a las prestaciones. Responsabilidades en orden a las prestaciones por incumplimiento de las obligaciones de afiliación, altas, bajas y cotización. Automaticidad y anticipo de prestaciones. Riesgo protegido: contingencias comunes y profesionales.",S07,texto refundido de la Ley General de la Seguridad Social,53,Artículos literales,Media,S07,,,No,Teórico,C,C,Válida,01. Información oficial de la oposición\Exámenes oficiales anteriores\2024 Convocatoria 2023 - Cuestionario libre Modelo A.pdf,https://www.seg-social.es/wps/portal/wss/internet/InformacionUtil/9950/88beb45d-ca83-4bab-8162-f94ef2894562,OCR Windows es-ES sobre PDF oficial,100,Alta,Regla jurídica determinista,2024_conv2023_ordinario_A-T45,1.0
2024_conv2023_ordinario_A-T46,2024,2023,2024-11-30,Acceso libre,Primera parte,A,A/B,Sí,Modelo A usado como variante canónica; el modelo B oficial está archivado y permuta el orden y/o las opciones.,46,No,"Según 10 establecido en eI artículo 46 del texto refundido de la Ley General de la Seguridad Social, ¿cómo se efectuará eI pago de las pensiones contributivas derivadas de contingencias comunes?","Serán satisfechas en doce pagas, correspondientes a cada uno de los meses del año.","Serán satisfechas en catorce pagas, correspondientes a cada uno de los meses del año y dos pagas extraordinarias que se devengarán en los meses de julio y noviembre.","Serán satisfechas en catorce pagas, correspondientes a cada uno de los meses del año y dos pagas extraordinarias que se devengarán en los meses de junio y diciembre.","Serán satisfechas en catorce pagas, correspondientes a cada uno de los meses del año y dos pagas extraordinarias que se devengarán en los meses de junio y noviembre.",S07,7,Temario específico Seguridad Social,"Acción protectora. Contenido y clasificación de las prestaciones. Caracteres de las prestaciones. Incompatibilidades. Reintegro de las prestaciones indebidas. Requisitos generales del derecho a las prestaciones. Responsabilidades en orden a las prestaciones por incumplimiento de las obligaciones de afiliación, altas, bajas y cotización. Automaticidad y anticipo de prestaciones. Riesgo protegido: contingencias comunes y profesionales.",S07,texto refundido de la Ley General de la Seguridad Social,46,Artículos literales,Media,S07,,,No,Teórico,D,D,Válida,01. Información oficial de la oposición\Exámenes oficiales anteriores\2024 Convocatoria 2023 - Cuestionario libre Modelo A.pdf,https://www.seg-social.es/wps/portal/wss/internet/InformacionUtil/9950/88beb45d-ca83-4bab-8162-f94ef2894562,OCR Windows es-ES sobre PDF oficial,100,Alta,Regla jurídica determinista,2024_conv2023_ordinario_A-T46,1.0
2024_conv2023_ordinario_A-T47,2024,2023,2024-11-30,Acceso libre,Primera parte,A,A/B,Sí,Modelo A usado como variante canónica; el modelo B oficial está archivado y permuta el orden y/o las opciones.,47,No,"De acuerdo con eI cuadro de enfermedades profesionales en eI sistema de la Seguridad Social aprobado por eI Real Decreto 1299/2006, de 10 de noviembre, ¿cuál de los siguientes grupos NO está incluido dentro de la clasificación del cuadro de enfermedades profesionales?",Enfermedades profesionales causadas por agentes físicos.,Enfermedades profesionales causadas por agentes carcinogénicos.,Enfermedades profesionales causadas por agentes psicológicos.,Enfermedades profesionales causadas por agentes biológicos.,S07,7,Temario específico Seguridad Social,"Acción protectora. Contenido y clasificación de las prestaciones. Caracteres de las prestaciones. Incompatibilidades. Reintegro de las prestaciones indebidas. Requisitos generales del derecho a las prestaciones. Responsabilidades en orden a las prestaciones por incumplimiento de las obligaciones de afiliación, altas, bajas y cotización. Automaticidad y anticipo de prestaciones. Riesgo protegido: contingencias comunes y profesionales.",S07,Real Decreto 1299/2006,,Artículos literales,Media,S07,,,Sí,Teórico,C,C,Válida,01. Información oficial de la oposición\Exámenes oficiales anteriores\2024 Convocatoria 2023 - Cuestionario libre Modelo A.pdf,https://www.seg-social.es/wps/portal/wss/internet/InformacionUtil/9950/88beb45d-ca83-4bab-8162-f94ef2894562,OCR Windows es-ES sobre PDF oficial,100,Alta,Revisión jurídica individual,2024_conv2023_ordinario_A-T47,1.0
2024_conv2023_ordinario_A-T48,2024,2023,2024-11-30,Acceso libre,Primera parte,A,A/B,Sí,Modelo A usado como variante canónica; el modelo B oficial está archivado y permuta el orden y/o las opciones.,48,No,"De acuerdo con eI art. 173 del texto refundido de la Ley General de la Seguridad Social, en caso de accidente de trabajo o enfermedad profesional, el subsidio se abonará.",A partir del cuarto día de baja en el trabajo.,A partir del tercer día de baja en el trabajo.,"Desde el día siguiente al de la baja en el trabajo, estando a cargo del empresario salario íntegro correspondiente al dia de la baja.",Desde eI día decimosegundo de baja en et trabajo.,S08,8,Temario específico Seguridad Social,"Incapacidad temporal: concepto y causas que motivan esta situación. Beneficiarios. Prestación económica: determinación y cuantía. Nacimiento, duración y extinción del derecho al subsidio. Reconocimiento y pago. Control de la incapacidad. Incapacidad permanente contributiva: concepto. Grados de incapacidad. Prestaciones. Determinación y cuantía. Beneficiarios. Nacimiento, duración y extinción del derecho. Lesiones permanentes no incapacitantes. La calificación y revisión de la incapacidad permanente.",S08,texto refundido de la Ley General de la Seguridad Social,,Incapacidad,Media,S08,,,No,Teórico,C,C,Válida,01. Información oficial de la oposición\Exámenes oficiales anteriores\2024 Convocatoria 2023 - Cuestionario libre Modelo A.pdf,https://www.seg-social.es/wps/portal/wss/internet/InformacionUtil/9950/88beb45d-ca83-4bab-8162-f94ef2894562,OCR Windows es-ES sobre PDF oficial,100,Alta,Regla jurídica determinista,2024_conv2023_ordinario_A-T48,1.0
2024_conv2023_ordinario_A-T49,2024,2023,2024-11-30,Acceso libre,Primera parte,A,A/B,Sí,Modelo A usado como variante canónica; el modelo B oficial está archivado y permuta el orden y/o las opciones.,49,No,"En la situación especial de incapacidad temporal por menstruación incapacitante secundaria prevista en el párrafo segundo del articulo 169.1 .a) del texto refundido de la Ley General de la Seguridad Social, el subsidio se abonará",A cargo de la Seguridad Social desde día de la baja en el trabajo.,"Desde ei día siguiente al de la baja en eI trabajo, estando a cargo del empresario eI salario íntegro correspondiente al día de la baja.",A partir del cuarto dia de la baja en el trabajo.,A partir del tercer día de la baja en el trabajo.,S08,8,Temario específico Seguridad Social,"Incapacidad temporal: concepto y causas que motivan esta situación. Beneficiarios. Prestación económica: determinación y cuantía. Nacimiento, duración y extinción del derecho al subsidio. Reconocimiento y pago. Control de la incapacidad. Incapacidad permanente contributiva: concepto. Grados de incapacidad. Prestaciones. Determinación y cuantía. Beneficiarios. Nacimiento, duración y extinción del derecho. Lesiones permanentes no incapacitantes. La calificación y revisión de la incapacidad permanente.",incapacidad temporal,texto refundido de la Ley General de la Seguridad Social,169.1,Incapacidad,Media,incapacidad temporal,,,No,Teórico,A,A,Válida,01. Información oficial de la oposición\Exámenes oficiales anteriores\2024 Convocatoria 2023 - Cuestionario libre Modelo A.pdf,https://www.seg-social.es/wps/portal/wss/internet/InformacionUtil/9950/88beb45d-ca83-4bab-8162-f94ef2894562,OCR Windows es-ES sobre PDF oficial,100,Alta,Regla jurídica determinista,2024_conv2023_ordinario_A-T49,1.0
2024_conv2023_ordinario_A-T50,2024,2023,2024-11-30,Acceso libre,Primera parte,A,A/B,Sí,Modelo A usado como variante canónica; el modelo B oficial está archivado y permuta el orden y/o las opciones.,50,No,"De acuerdo con el art. 195 del texto refundido de la Ley General de la Seguridad Social, en el caso de incapacidad permanente parcial, eI período mínimo de cotización exigible será de:","Mii quinientos días, que han de estar comprendidos en los diez años inmediatamente anteriores a la fecha en la que se haya extinguido la incapacidad temporal de la que se derive la incapacidad permanente.","Mil quinientos días, que han de estar comprendidos en los quince años inmediatamente anteriores a la fecha en la que se haya extinguido la incapacidad temporal de la que se derive la incapacidad permanente.",Mil trescientos días a 10 largo de la vida laboral de la persona trabajadora.,"Mil ochocientos días, que han de estar comprendidos en los diez años inmediatamente anteriores a la fecha en la que se haya extinguido la incapacidad temporal de la que se derive la incapacidad permanente.",S08,8,Temario específico Seguridad Social,"Incapacidad temporal: concepto y causas que motivan esta situación. Beneficiarios. Prestación económica: determinación y cuantía. Nacimiento, duración y extinción del derecho al subsidio. Reconocimiento y pago. Control de la incapacidad. Incapacidad permanente contributiva: concepto. Grados de incapacidad. Prestaciones. Determinación y cuantía. Beneficiarios. Nacimiento, duración y extinción del derecho. Lesiones permanentes no incapacitantes. La calificación y revisión de la incapacidad permanente.",incapacidad permanente,texto refundido de la Ley General de la Seguridad Social,,Requisitos,Media,incapacidad permanente,,,No,Teórico,D,D,Válida,01. Información oficial de la oposición\Exámenes oficiales anteriores\2024 Convocatoria 2023 - Cuestionario libre Modelo A.pdf,https://www.seg-social.es/wps/portal/wss/internet/InformacionUtil/9950/88beb45d-ca83-4bab-8162-f94ef2894562,OCR Windows es-ES sobre PDF oficial,100,Alta,Regla jurídica determinista,2024_conv2023_ordinario_A-T50,1.0
2024_conv2023_ordinario_A-T51,2024,2023,2024-11-30,Acceso libre,Primera parte,A,A/B,Sí,Modelo A usado como variante canónica; el modelo B oficial está archivado y permuta el orden y/o las opciones.,51,No,"Según el artículo 2 del Real Decreto 1300/1995, de 21 de julio, el Equipo de Valoración de Incapacidades, estará constituido por",Un Presidente y cuatro Vocales.,Un Presidente y tres Vocales.,"Un Presidente, tres Vocales y un Administrador.",Seis Vocales y seis Consejeros.,S08,8,Temario específico Seguridad Social,"Incapacidad temporal: concepto y causas que motivan esta situación. Beneficiarios. Prestación económica: determinación y cuantía. Nacimiento, duración y extinción del derecho al subsidio. Reconocimiento y pago. Control de la incapacidad. Incapacidad permanente contributiva: concepto. Grados de incapacidad. Prestaciones. Determinación y cuantía. Beneficiarios. Nacimiento, duración y extinción del derecho. Lesiones permanentes no incapacitantes. La calificación y revisión de la incapacidad permanente.",S08,Real Decreto 1300/1995,2,Incapacidad,Media,S08,,,No,Teórico,A,A,Válida,01. Información oficial de la oposición\Exámenes oficiales anteriores\2024 Convocatoria 2023 - Cuestionario libre Modelo A.pdf,https://www.seg-social.es/wps/portal/wss/internet/InformacionUtil/9950/88beb45d-ca83-4bab-8162-f94ef2894562,OCR Windows es-ES sobre PDF oficial,100,Alta,Regla jurídica determinista,2024_conv2023_ordinario_A-T51,1.0
2024_conv2023_ordinario_A-T52,2024,2023,2024-11-30,Acceso libre,Primera parte,A,A/B,Sí,Modelo A usado como variante canónica; el modelo B oficial está archivado y permuta el orden y/o las opciones.,52,No,"En virtud de 10 establecido por eI art. 178 del texto refundido de la Ley General de la Seguridad Social, el periodo mínimo de cotización que debe acreditarse por una persona mayor de veintiséis años para ser beneficiario del subsidio por nacimiento y cuidado de menor es:","Ciento ochenta días cotizados dentro de los siete años inmediatamente anteriores al momento de inicio del descanso, o alternativamente, trescientos sesenta días cotizados a lo largo de su vida laboral, con anterioridad a esta última fecha.",No se exige periodo mínimo de cotización.,"Noventa días cotizados dentro de los siete años inmediatamente anteriores al momento de inicio del descanso, o alternativamente, ciento ochenta dias cotizados a 10 largo de su vida laboral, con anterioridad a esta última fecha,",Ciento veinte días cotizados dentro de tos siete años inmediatamente anteriores al momento de inicio del descanso.,S09,9,Temario específico Seguridad Social,Nacimiento y cuidado de menor. Ejercicio corresponsable del cuidado del lactante. Prestación por riesgo durante el embarazo. Prestación por riesgo durante la lactancia natural. Asignación económica por hijo o menor acogido a cargo. Prestación económica por nacimiento o adopción de hijo en supuestos de familias numerosas o monoparentales y en los casos de madres o padres con discapacidad. Prestación por parto o adopción Subsidio por cuidado de menores afectados por cáncer u otra enfermedad grave.,nacimiento y cuidado de menor,texto refundido de la Ley General de la Seguridad Social,,Personas beneficiarias,Media,nacimiento y cuidado de menor,,,No,Teórico,A,A,Válida,01. Información oficial de la oposición\Exámenes oficiales anteriores\2024 Convocatoria 2023 - Cuestionario libre Modelo A.pdf,https://www.seg-social.es/wps/portal/wss/internet/InformacionUtil/9950/88beb45d-ca83-4bab-8162-f94ef2894562,OCR Windows es-ES sobre PDF oficial,100,Alta,Regla jurídica determinista,2024_conv2023_ordinario_A-T52,1.0
2024_conv2023_ordinario_A-T53,2024,2023,2024-11-30,Acceso libre,Primera parte,A,A/B,Sí,Modelo A usado como variante canónica; el modelo B oficial está archivado y permuta el orden y/o las opciones.,53,No,"Tal y como establece el art. 179 del texto refundido de la Ley General de la Seguridad Social, la prestación económica por nacimiento y cuidado de menor consistirá en:","Un subsidio equivalente al 75 por ciento de la base reguladora correspondiente,",Un subsidio equivalente al 60 por ciento de la base reguladora correspondiente.,Un subsidio equivalente al 100 por ciento de la base reguladora correspondiente.,Un subsidio equivalente al 70 por ciento de la base reguladora correspondiente durante los seis primeros meses y del 60 por ciento el resto de duración de la prestación.,S09,9,Temario específico Seguridad Social,Nacimiento y cuidado de menor. Ejercicio corresponsable del cuidado del lactante. Prestación por riesgo durante el embarazo. Prestación por riesgo durante la lactancia natural. Asignación económica por hijo o menor acogido a cargo. Prestación económica por nacimiento o adopción de hijo en supuestos de familias numerosas o monoparentales y en los casos de madres o padres con discapacidad. Prestación por parto o adopción Subsidio por cuidado de menores afectados por cáncer u otra enfermedad grave.,nacimiento y cuidado de menor,texto refundido de la Ley General de la Seguridad Social,,Prestaciones familiares,Media,nacimiento y cuidado de menor,,,No,Teórico,C,C,Válida,01. Información oficial de la oposición\Exámenes oficiales anteriores\2024 Convocatoria 2023 - Cuestionario libre Modelo A.pdf,https://www.seg-social.es/wps/portal/wss/internet/InformacionUtil/9950/88beb45d-ca83-4bab-8162-f94ef2894562,OCR Windows es-ES sobre PDF oficial,100,Alta,Regla jurídica determinista,2024_conv2023_ordinario_A-T53,1.0
2024_conv2023_ordinario_A-T54,2024,2023,2024-11-30,Acceso libre,Primera parte,A,A/B,Sí,Modelo A usado como variante canónica; el modelo B oficial está archivado y permuta el orden y/o las opciones.,54,No,"En virtud del art. 352 del texto refundido de la Ley General de la Seguridad Social, uno de los requisitos para tener derecho a la asignación económica por hijo o menor a cargo es:",Residir legalmente en territorio español.,"Tener un periodo cotizado de, al menos, 360 días a 10 largo de su vida laboral.",Estar en situación de alta o asimilada a la de alta.,Ser beneficiario previo del Ingreso Mínimo Vital.,S09,9,Temario específico Seguridad Social,Nacimiento y cuidado de menor. Ejercicio corresponsable del cuidado del lactante. Prestación por riesgo durante el embarazo. Prestación por riesgo durante la lactancia natural. Asignación económica por hijo o menor acogido a cargo. Prestación económica por nacimiento o adopción de hijo en supuestos de familias numerosas o monoparentales y en los casos de madres o padres con discapacidad. Prestación por parto o adopción Subsidio por cuidado de menores afectados por cáncer u otra enfermedad grave.,S09,texto refundido de la Ley General de la Seguridad Social,,Requisitos,Media,S09,,,No,Teórico,A,A,Válida,01. Información oficial de la oposición\Exámenes oficiales anteriores\2024 Convocatoria 2023 - Cuestionario libre Modelo A.pdf,https://www.seg-social.es/wps/portal/wss/internet/InformacionUtil/9950/88beb45d-ca83-4bab-8162-f94ef2894562,OCR Windows es-ES sobre PDF oficial,100,Alta,Regla jurídica determinista,2024_conv2023_ordinario_A-T54,1.0
2024_conv2023_ordinario_A-T55,2024,2023,2024-11-30,Acceso libre,Primera parte,A,A/B,Sí,Modelo A usado como variante canónica; el modelo B oficial está archivado y permuta el orden y/o las opciones.,55,No,"En virtud del artículo 7 del Real Decreto 1148/2011, de 29 de julio, el subsidio por cuidado de menores afectados por cáncer u otra enfermedad grave se reconocerá:","Por un periodo de dos meses, prorrogable por periodos de igual duracióm","Por un periodo de tres meses, prorrogable por periodos de igual duración.","Por un periodo de cuatro meses, prorrogable inicialmente por un periodo de cuatro meses y sucesivos de dos meses.","Por un periodo de un mes, prorrogable inicialmente por un periodo de dos meses y sucesivos de cuatro meses.",S09,9,Temario específico Seguridad Social,Nacimiento y cuidado de menor. Ejercicio corresponsable del cuidado del lactante. Prestación por riesgo durante el embarazo. Prestación por riesgo durante la lactancia natural. Asignación económica por hijo o menor acogido a cargo. Prestación económica por nacimiento o adopción de hijo en supuestos de familias numerosas o monoparentales y en los casos de madres o padres con discapacidad. Prestación por parto o adopción Subsidio por cuidado de menores afectados por cáncer u otra enfermedad grave.,S09,Real Decreto 1148/2011,7,Prestaciones familiares,Media,S09,,,No,Teórico,D,D,Válida,01. Información oficial de la oposición\Exámenes oficiales anteriores\2024 Convocatoria 2023 - Cuestionario libre Modelo A.pdf,https://www.seg-social.es/wps/portal/wss/internet/InformacionUtil/9950/88beb45d-ca83-4bab-8162-f94ef2894562,OCR Windows es-ES sobre PDF oficial,100,Alta,Regla jurídica determinista,2024_conv2023_ordinario_A-T55,1.0
2024_conv2023_ordinario_A-T56,2024,2023,2024-11-30,Acceso libre,Primera parte,A,A/B,Sí,Modelo A usado como variante canónica; el modelo B oficial está archivado y permuta el orden y/o las opciones.,56,No,"Según el artículo 205 del texto refundido de la Ley General de la Seguridad Social, ¿qué periodo mínimo de cotización será necesario para acceder a la jubilación en su modalidad contributiva?",15 años de los cuales al menos cinco deberán estar comprendidos dentro de los quince años inmediatamente anteriores al momento de causar eI derecho.,25 años de los cueles al menos diez deberán estar comprendidos dentro de fos quince años inmediatamente anteriores al momento de causar el derecho.,15 años de tos cuales al menos dos deberán estar comprendidos dentro de los diez años inmediatamente anteriores al momento de causar eI derecho.,15 años de los cuales al menos dos deberán estar comprendidos dentro de los quince años inmediatamente anteriores al momento de causar el derecho.,S10,10,Temario específico Seguridad Social,"Jubilación en la modalidad contributiva: concepto. Jubilación ordinaria: requisitos: especial referencia a la edad de jubilación. Determinación de la cuantía de la prestación: base reguladora y porcentaje. Jubilación anticipada, jubilación parcial y jubilación flexible. Compatibilidad de la pensión de jubilación y el trabajo. Suspensión y extinción de la prestación. Especial referencia a la aplicación de la normativa anterior a la Ley 27/2011.",jubilación,texto refundido de la Ley General de la Seguridad Social,205,Requisitos,Media,jubilación,,,No,Teórico,D,D,Válida,01. Información oficial de la oposición\Exámenes oficiales anteriores\2024 Convocatoria 2023 - Cuestionario libre Modelo A.pdf,https://www.seg-social.es/wps/portal/wss/internet/InformacionUtil/9950/88beb45d-ca83-4bab-8162-f94ef2894562,OCR Windows es-ES sobre PDF oficial,100,Alta,Regla jurídica determinista,2024_conv2023_ordinario_A-T56,1.0
2024_conv2023_ordinario_A-T57,2024,2023,2024-11-30,Acceso libre,Primera parte,A,A/B,Sí,Modelo A usado como variante canónica; el modelo B oficial está archivado y permuta el orden y/o las opciones.,57,No,"Según el artículo 235 del texto refundido de la Ley General de la Seguridad Social, ¿qué número de días se reconocerán como periodos de cotización asimilados por parto a efectos de pensiones contributivas de jubilación y de incapacidad permanente?","Un total de noventa y ocho días completos de cotización por cada parto de un solo hijo y de 7 días más por cada hijo a paflir del segundo, este incluido, si el parto fuera múltiple.","Un total de ciento doce días completos de cotización por cada parto de un solo hijo y de 7 días más por cada hijo a partir del segundo, este incluido, si el parto fuera múltiple.","Un total de ciento doce dias completos de cotización por cada parto de un solo hijo y de 14 días más por cada hijo a partir del segundo, este incluido, si el parto fuera múltiple.","Un total de ciento catorce días completos de cotización por cada parto de un solo hijo y de 14 días más por cada hijo a partir del segundo, este incluido, si eI parto fuera múltiple.",S12,12,Temario específico Seguridad Social,"Prestaciones no contributivas y asistenciales. El ingreso mínimo vital: beneficiarios, requisitos y duración. Obligaciones de las personas beneficiarias. Cuantía, pago, reintegro de prestaciones indebidas. Prestaciones familiares múltiples. Prestaciones familiares en la modalidad contributiva. Las pensiones no contributivas: Invalidez no contributiva: Jubilación no contributiva.",incapacidad permanente,texto refundido de la Ley General de la Seguridad Social,235,Plazos,Media,incapacidad permanente,,,No,Teórico,C,C,Válida,01. Información oficial de la oposición\Exámenes oficiales anteriores\2024 Convocatoria 2023 - Cuestionario libre Modelo A.pdf,https://www.seg-social.es/wps/portal/wss/internet/InformacionUtil/9950/88beb45d-ca83-4bab-8162-f94ef2894562,OCR Windows es-ES sobre PDF oficial,100,Alta,Revisión jurídica individual,2024_conv2023_ordinario_A-T57,1.0
2024_conv2023_ordinario_A-T58,2024,2023,2024-11-30,Acceso libre,Primera parte,A,A/B,Sí,Modelo A usado como variante canónica; el modelo B oficial está archivado y permuta el orden y/o las opciones.,58,No,"Según 10 establecido en el articulo 213 del texto refundido de la Ley General de la Seguridad Social, ¿en cuál de los siguientes casos será compatible el percibo de la pensión de jubilación con la realización de trabajos por cuenta propia?","Con la realización de trabajos por cuenta propia cuyos ingresos anuales totales no superen eI salario minimo interprofesional (SMI), en cómputo anual.","Con la realización de trabajos por cuenta propia cuyos ingresos anuales totales no superen el doble del salario minimo interprofesional (SMI), en cómputo anual.","Con la realización de trabajos por cuenta propia cuyos ingresos mensuales totales no superen el importe del indicador público de Renta a Efectos Múltiples (IPREM), en cómputo anual.","Con la realización de trabajos por cuenta propia cuyos ingresos mensuales totales no superen eI doble del importe del indicador público de Renta a Efectos Múltiples (IPREM), en cómputo anual.",S10,10,Temario específico Seguridad Social,"Jubilación en la modalidad contributiva: concepto. Jubilación ordinaria: requisitos: especial referencia a la edad de jubilación. Determinación de la cuantía de la prestación: base reguladora y porcentaje. Jubilación anticipada, jubilación parcial y jubilación flexible. Compatibilidad de la pensión de jubilación y el trabajo. Suspensión y extinción de la prestación. Especial referencia a la aplicación de la normativa anterior a la Ley 27/2011.",jubilación,texto refundido de la Ley General de la Seguridad Social,213,Jubilación,Media,jubilación,,,No,Teórico,A,A,Válida,01. Información oficial de la oposición\Exámenes oficiales anteriores\2024 Convocatoria 2023 - Cuestionario libre Modelo A.pdf,https://www.seg-social.es/wps/portal/wss/internet/InformacionUtil/9950/88beb45d-ca83-4bab-8162-f94ef2894562,OCR Windows es-ES sobre PDF oficial,100,Alta,Regla jurídica determinista,2024_conv2023_ordinario_A-T58,1.0
2024_conv2023_ordinario_A-T59,2024,2023,2024-11-30,Acceso libre,Primera parte,A,A/B,Sí,Modelo A usado como variante canónica; el modelo B oficial está archivado y permuta el orden y/o las opciones.,59,No,"De acuerdo con 10 establecido en el articulo 210 del texto refundido de la Ley General de la Seguridad Social, respecto de la cuantía de la pensión de jubilación anticipada por causas no imputables al trabajador en los supuestos en que deban aplicarse coeficientes reductores por edad en el momento del hecho causante, una vez aplicados, ¿a qué cuantia no podrá ser superior el importe de la pensión resultante?","A la cuantía que resulte de reducir eI tope máximo de pensión en un 0,25 por ciento por cada trimestre o fracción de trimestre de anticipación.","A la cuantía que resulte de reducir eI tope máximo de pensión en un 0,50 por ciento por cada trimestre o fracción de trimestre de anticipación.","A la cuantía que resulte de reducir eI tope máximo de pensión en un 0,25 por ciento por cada año o fracción de año de anticipación.",A la cuantía que resulte de reducir el tope máximo de pensión en un 1 por ciento por cada año o fracción de año de anticipación.,S10,10,Temario específico Seguridad Social,"Jubilación en la modalidad contributiva: concepto. Jubilación ordinaria: requisitos: especial referencia a la edad de jubilación. Determinación de la cuantía de la prestación: base reguladora y porcentaje. Jubilación anticipada, jubilación parcial y jubilación flexible. Compatibilidad de la pensión de jubilación y el trabajo. Suspensión y extinción de la prestación. Especial referencia a la aplicación de la normativa anterior a la Ley 27/2011.",jubilación anticipada,texto refundido de la Ley General de la Seguridad Social,210,Cálculos,Alta,jubilación anticipada,,,No,Teórico,B,B,Válida,01. Información oficial de la oposición\Exámenes oficiales anteriores\2024 Convocatoria 2023 - Cuestionario libre Modelo A.pdf,https://www.seg-social.es/wps/portal/wss/internet/InformacionUtil/9950/88beb45d-ca83-4bab-8162-f94ef2894562,OCR Windows es-ES sobre PDF oficial,100,Alta,Regla jurídica determinista,2024_conv2023_ordinario_A-T59,1.0
2024_conv2023_ordinario_A-T60,2024,2023,2024-11-30,Acceso libre,Primera parte,A,A/B,Sí,Modelo A usado como variante canónica; el modelo B oficial está archivado y permuta el orden y/o las opciones.,60,No,"Según 10 establecido en el artículo 215 del texto refundido de la Ley General de la Seguridad Social, ¿cuál será eI período mínimo de cotización necesario en el momento del hecho causante para acceder a la jubilación parcial?",30 años cotizados para todos tos supuestos.,33 años cotizados salvo que se acredite un grado de discapacidad igual o superior al 33% en cuyo caso el período mínimo de cotización será de 25 años.,33 años cotizados salvo que se acredite un grado de discapacidad igual o superior al 65% en cuyo caso eI período mínimo de cotización será de 30 años.,30 años cotizados salvo que se acredite un grado de discapacidad igual o superior al 33% en cuyo caso el período mínimo de cotización será de 25 años.,S10,10,Temario específico Seguridad Social,"Jubilación en la modalidad contributiva: concepto. Jubilación ordinaria: requisitos: especial referencia a la edad de jubilación. Determinación de la cuantía de la prestación: base reguladora y porcentaje. Jubilación anticipada, jubilación parcial y jubilación flexible. Compatibilidad de la pensión de jubilación y el trabajo. Suspensión y extinción de la prestación. Especial referencia a la aplicación de la normativa anterior a la Ley 27/2011.",jubilación,texto refundido de la Ley General de la Seguridad Social,215,Requisitos,Media,jubilación,,,No,Teórico,B,B,Válida,01. Información oficial de la oposición\Exámenes oficiales anteriores\2024 Convocatoria 2023 - Cuestionario libre Modelo A.pdf,https://www.seg-social.es/wps/portal/wss/internet/InformacionUtil/9950/88beb45d-ca83-4bab-8162-f94ef2894562,OCR Windows es-ES sobre PDF oficial,100,Alta,Regla jurídica determinista,2024_conv2023_ordinario_A-T60,1.0
2024_conv2023_ordinario_A-T61,2024,2023,2024-11-30,Acceso libre,Primera parte,A,A/B,Sí,Modelo A usado como variante canónica; el modelo B oficial está archivado y permuta el orden y/o las opciones.,61,No,"EI derecho al reconocimiento de las prestaciones por muerte y supervivencia, con excepción del auxilio por defunción:","Será imprescriptible, sin perjuicio de que los efectos de tal reconocimiento se produzcan a partir de los tres meses anteriores a la fecha en la que se presente la correspondiente solicitud","Será imprescriptible, sin perjuicio de que los efectos de tal reconocimiento se produzcan a partir de los tres meses posteriores a la fecha en ta que se presente la correspondiente solicitud.","Será imprescriptible, sin perjuicio de que los efectos de tal reconocimiento se produzcan a partir de los dos meses anteriores a la fecha en la que se presente la correspondiente solicitud.","Será imprescriptible, sin perjuicio de que los efectos de tal reconocimiento se produzcan a partir de los dos meses posteriores a la fecha en la que se presente la correspondiente solicitud.",S11,11,Temario específico Seguridad Social,"La protección por muerte y supervivencia. Hecho causante. Requisitos para las prestaciones de viudedad, orfandad y en favor de familiares. Cuantía de las prestaciones. Compatibilidad. Suspensión y Extinción. Normas específicas en caso de muerte derivada de accidente de trabajo o enfermedad profesional. Efectividad económica de las prestaciones. El auxilio por defunción.",S11,,,Muerte y supervivencia,Básica,S11,,,No,Teórico,A,A,Válida,01. Información oficial de la oposición\Exámenes oficiales anteriores\2024 Convocatoria 2023 - Cuestionario libre Modelo A.pdf,https://www.seg-social.es/wps/portal/wss/internet/InformacionUtil/9950/88beb45d-ca83-4bab-8162-f94ef2894562,OCR Windows es-ES sobre PDF oficial,100,Alta,Regla jurídica determinista,2024_conv2023_ordinario_A-T61,1.0
2024_conv2023_ordinario_A-T62,2024,2023,2024-11-30,Acceso libre,Primera parte,A,A/B,Sí,Modelo A usado como variante canónica; el modelo B oficial está archivado y permuta el orden y/o las opciones.,62,No,"De acuerdo con eI artículo 224.1 del texto refundido de la Ley General de la Seguridad Social, señale la respuesta INCORRECTA:","Será beneficiario de la pensión de orfandad eI hijo del fallecido, cualquiera que sea la naturaleza de su filiación, menor de 25 años que no efectúe un trabajo lucrativo por cuenta ajena o propia, o cuando realizándolo, los ingresos que obtenga resuiten inferiores, en cómputo anual, a ta cuantia vigente para eI salario mínimo interprofesional, también en cómputo anua[ y que el causante se encontrase en alta o situación asimilada a la de alta, o fuera pensionista en los términos del artículo 217.1 .c).","Será beneficiario de la pensión de orfandad eI hijo del fallecido, cualquiera que sea la naturaleza de su filiación, menor de 21 años, y que el causante se encontrase en alta o situación asimilada a la de alta, o fuera pensionista en los términos del artículo 217.11c).","Será beneficiario de la pensión de orfandad eI hijo del fallecido, cualquiera que sea la naturaleza de su filiación, que esté incapacitado para eI trabajo y que el causante se encontrase en alta o situación asimilada a la de alta, o fuera pensionista en los términos del articulo 217,1 .c).","Será beneficiario de la pensión de orfandad el hijo del fallecido, cualquiera que sea la naturaleza de su filiación, que esté incapacitado para eI trabajo, siempre que sea menor de 25 años y que el causante se encontrase en alta o situación asimilada a la de alta, o fuera pensionista en los términos del articulo 217.1 .c).",S11,11,Temario específico Seguridad Social,"La protección por muerte y supervivencia. Hecho causante. Requisitos para las prestaciones de viudedad, orfandad y en favor de familiares. Cuantía de las prestaciones. Compatibilidad. Suspensión y Extinción. Normas específicas en caso de muerte derivada de accidente de trabajo o enfermedad profesional. Efectividad económica de las prestaciones. El auxilio por defunción.",S11,texto refundido de la Ley General de la Seguridad Social,224.1,Muerte y supervivencia,Alta,S11,,,Sí,Teórico,D,D,Válida,01. Información oficial de la oposición\Exámenes oficiales anteriores\2024 Convocatoria 2023 - Cuestionario libre Modelo A.pdf,https://www.seg-social.es/wps/portal/wss/internet/InformacionUtil/9950/88beb45d-ca83-4bab-8162-f94ef2894562,OCR Windows es-ES sobre PDF oficial,100,Alta,Regla jurídica determinista,2024_conv2023_ordinario_A-T62,1.0
2024_conv2023_ordinario_A-T63,2024,2023,2024-11-30,Acceso libre,Primera parte,A,A/B,Sí,Modelo A usado como variante canónica; el modelo B oficial está archivado y permuta el orden y/o las opciones.,63,No,"Según la Orden de 13 de febrero de 1967, es requisito para ser considerado beneficiario de la pensión en favor de familiares:","Que convivan con el causante, aunque no dependan económicamente de él, con seis meses de antelación al fallecimiento de aquel.","Que convivan con el causante, aunque no dependan económicamente de él, con un año de antelación al fallecimiento de aquel.",Que convivan con el causante y a sus expensas con un año de antelación al fallecimiento de aquel.,Que convivan con el causante y a sus expensas con dos años de antelación al fallecimiento de aquel.,S11,11,Temario específico Seguridad Social,"La protección por muerte y supervivencia. Hecho causante. Requisitos para las prestaciones de viudedad, orfandad y en favor de familiares. Cuantía de las prestaciones. Compatibilidad. Suspensión y Extinción. Normas específicas en caso de muerte derivada de accidente de trabajo o enfermedad profesional. Efectividad económica de las prestaciones. El auxilio por defunción.",S11,,,Personas beneficiarias,Media,S11,,,No,Teórico,D,D,Válida,01. Información oficial de la oposición\Exámenes oficiales anteriores\2024 Convocatoria 2023 - Cuestionario libre Modelo A.pdf,https://www.seg-social.es/wps/portal/wss/internet/InformacionUtil/9950/88beb45d-ca83-4bab-8162-f94ef2894562,OCR Windows es-ES sobre PDF oficial,100,Alta,Regla jurídica determinista,2024_conv2023_ordinario_A-T63,1.0
2024_conv2023_ordinario_A-T64,2024,2023,2024-11-30,Acceso libre,Primera parte,A,A/B,Sí,Modelo A usado como variante canónica; el modelo B oficial está archivado y permuta el orden y/o las opciones.,64,No,"Según el artículo 232 del texto refundido de la Ley General de la Seguridad Social, en relación con la suspensión cautelar de las prestaciones de muerte y supervivencia:","La entidad gestora suspenderá cautelarmente el abono de las mismas cuando recaiga resolución judicial de la que se deriven indicios racionales de que el sujeto investigado es responsable de un delito doloso de homicidio en cualquiera de sus formas, si la víctima fuera eI sujeto causante de la prestación, con efectos del día primero del mes siguiente a aquel en que Ie sea comunicada tal circunstancia.","EI juez suspenderá cautelarmente el abono de [as mismas cuando recaiga resolución judicial de la que se deriven indicios racionales de que el sujeto investigado es responsable de un delito doloso de homicidio en cualquiera de sus formas, si la víctima tuera el sujeto causante de la prestación, con efectos del dia primero del mes siguiente a aquel en que Ie sea comunicada tal circunstancia.","La entidad gestora suspenderá cautelarmente el abono de las mismas cuando recaiga resolución judicial de la que se deriven indicios racionales de que eI sujeto investigado es responsable de un delito doloso de homicidio en cualquiera de sus formas, si la victima fuera el sujeto causante de la prestación, con efectos del día primero del mes en que le sea comunicada tal circunstancia.","EI juez suspenderá cautelarmente eI abono de las mismas cuando recaiga resolución judicial de la que se deriven indicios racionales de que eI sujeto investigado es responsable de un delito doloso de homicidio en cualquiera de sus formas, si la víctima fuera eI sujeto causante de la prestación, con efectos del día primero del mes en que le sea comunicada tal circunstancia.",S11,11,Temario específico Seguridad Social,"La protección por muerte y supervivencia. Hecho causante. Requisitos para las prestaciones de viudedad, orfandad y en favor de familiares. Cuantía de las prestaciones. Compatibilidad. Suspensión y Extinción. Normas específicas en caso de muerte derivada de accidente de trabajo o enfermedad profesional. Efectividad económica de las prestaciones. El auxilio por defunción.",S11,texto refundido de la Ley General de la Seguridad Social,232,Causas de suspensión,Media,S11,,,No,Teórico,A,A,Válida,01. Información oficial de la oposición\Exámenes oficiales anteriores\2024 Convocatoria 2023 - Cuestionario libre Modelo A.pdf,https://www.seg-social.es/wps/portal/wss/internet/InformacionUtil/9950/88beb45d-ca83-4bab-8162-f94ef2894562,OCR Windows es-ES sobre PDF oficial,100,Alta,Regla jurídica determinista,2024_conv2023_ordinario_A-T64,1.0
2024_conv2023_ordinario_A-T65,2024,2023,2024-11-30,Acceso libre,Primera parte,A,A/B,Sí,Modelo A usado como variante canónica; el modelo B oficial está archivado y permuta el orden y/o las opciones.,65,No,"De acuerdo con el articulo 3 de la Ley 19/2021, la prestación del Ingreso Mínimo Vital presenta alguna de las siguientes características:",Es transferible.,"Se articula en su acción protectora dirigiéndose exclusivamente a unidades de convivencia, atendiendo a su estructura y características específicas.",Se configura como una red de protección dirigida a permitir el tránsito desde una situación de exclusión a una de participación en la sociedad.,"Es una prestación cuya duración se prolongará mientras persista la situación de vulnerabilidad económica, aunque no se mantengan los requisitos que originaron eI derecho a su percepción.",S12,12,Temario específico Seguridad Social,"Prestaciones no contributivas y asistenciales. El ingreso mínimo vital: beneficiarios, requisitos y duración. Obligaciones de las personas beneficiarias. Cuantía, pago, reintegro de prestaciones indebidas. Prestaciones familiares múltiples. Prestaciones familiares en la modalidad contributiva. Las pensiones no contributivas: Invalidez no contributiva: Jubilación no contributiva.",ingreso mínimo vital,Ley 19/2021,3,Prestaciones no contributivas,Media,ingreso mínimo vital,,,No,Teórico,C,C,Válida,01. Información oficial de la oposición\Exámenes oficiales anteriores\2024 Convocatoria 2023 - Cuestionario libre Modelo A.pdf,https://www.seg-social.es/wps/portal/wss/internet/InformacionUtil/9950/88beb45d-ca83-4bab-8162-f94ef2894562,OCR Windows es-ES sobre PDF oficial,100,Alta,Regla jurídica determinista,2024_conv2023_ordinario_A-T65,1.0
2024_conv2023_ordinario_A-T66,2024,2023,2024-11-30,Acceso libre,Primera parte,A,A/B,Sí,Modelo A usado como variante canónica; el modelo B oficial está archivado y permuta el orden y/o las opciones.,66,No,"Según el artículo 6 de la Ley 19/2021, por la que se establece eI Ingreso Minimo Vital, señale la respuesta CORRECTA en relación con la unidad de convivencia:","Se considerará que rompe la convivencia la separación transitoria por razón de estudios, trabajo, tratamiento médico, rehabilitación u otras causas similares.","En algunos casos, una misma persona podrá formar parte de dos o más unidades de convivencia.",EI fallecimiento de alguna de las personas que constituyen la unidad de convivencia alterará la consideración de tal.,"Es requisito para la consideración de integrante de la unidad de convivencia la residencia efecliva, legal y continuada en España.",S12,12,Temario específico Seguridad Social,"Prestaciones no contributivas y asistenciales. El ingreso mínimo vital: beneficiarios, requisitos y duración. Obligaciones de las personas beneficiarias. Cuantía, pago, reintegro de prestaciones indebidas. Prestaciones familiares múltiples. Prestaciones familiares en la modalidad contributiva. Las pensiones no contributivas: Invalidez no contributiva: Jubilación no contributiva.",ingreso mínimo vital,Ley 19/2021,6,Prestaciones no contributivas,Media,ingreso mínimo vital,,,No,Teórico,D,D,Válida,01. Información oficial de la oposición\Exámenes oficiales anteriores\2024 Convocatoria 2023 - Cuestionario libre Modelo A.pdf,https://www.seg-social.es/wps/portal/wss/internet/InformacionUtil/9950/88beb45d-ca83-4bab-8162-f94ef2894562,OCR Windows es-ES sobre PDF oficial,100,Alta,Regla jurídica determinista,2024_conv2023_ordinario_A-T66,1.0
2024_conv2023_ordinario_A-T67,2024,2023,2024-11-30,Acceso libre,Primera parte,A,A/B,Sí,Modelo A usado como variante canónica; el modelo B oficial está archivado y permuta el orden y/o las opciones.,67,No,"Según el articulo 363 del texto refundido de la Ley General de la Seguridad Social, se consideran beneficiarios de la pensión de invalidez no contributiva las personas que cumplan alguno de los siguientes requisitos:","Estar afectado por una discapacidad o por una enfermedad crónica, en un grado igual o superior al 33%.","Residir legalmente en territorio español y haberlo hecho durante 3 años, de los cuales 2 años deben ser inmediatamente anteriores a la fecha de solicitud de la pensión,",Ser mayor de 18 años y menor de 65 años de edad.,"Todas son correctas,",S12,12,Temario específico Seguridad Social,"Prestaciones no contributivas y asistenciales. El ingreso mínimo vital: beneficiarios, requisitos y duración. Obligaciones de las personas beneficiarias. Cuantía, pago, reintegro de prestaciones indebidas. Prestaciones familiares múltiples. Prestaciones familiares en la modalidad contributiva. Las pensiones no contributivas: Invalidez no contributiva: Jubilación no contributiva.",S12,texto refundido de la Ley General de la Seguridad Social,363,Personas beneficiarias,Media,S12,,,No,Teórico,C,C,Válida,01. Información oficial de la oposición\Exámenes oficiales anteriores\2024 Convocatoria 2023 - Cuestionario libre Modelo A.pdf,https://www.seg-social.es/wps/portal/wss/internet/InformacionUtil/9950/88beb45d-ca83-4bab-8162-f94ef2894562,OCR Windows es-ES sobre PDF oficial,100,Alta,Regla jurídica determinista,2024_conv2023_ordinario_A-T67,1.0
2024_conv2023_ordinario_A-T68,2024,2023,2024-11-30,Acceso libre,Primera parte,A,A/B,Sí,Modelo A usado como variante canónica; el modelo B oficial está archivado y permuta el orden y/o las opciones.,68,No,"De acuerdo con el artículo 366 del texto refundido de la Ley General de la Seguridad Social, las pensiones de invalidez en su modalidad no contributiva son compatibles:","Únicamente con el ejercicio de aquellas actividades no lucrativas, compatibles con eI estada del inválido y que no representen un cambio en la capacidad de trabajo.","Con eI ejercicio de aquellas actividades, sean o no lucrativas, compatibles con el estado del inválido y que no representen un cambio en la capacidad de trabajo.","Únicamente con eI ejercicio de aquellas actividades lucrativas, compatibles con el estado del inválido y que no representen un cambio en la capacidad de trabajo.","Con el ejercicio de aquellas actividades, sean o no lucrativas, compatibles con eI estado del inválido y que representen un cambio en la capacidad de trabajo,",S12,12,Temario específico Seguridad Social,"Prestaciones no contributivas y asistenciales. El ingreso mínimo vital: beneficiarios, requisitos y duración. Obligaciones de las personas beneficiarias. Cuantía, pago, reintegro de prestaciones indebidas. Prestaciones familiares múltiples. Prestaciones familiares en la modalidad contributiva. Las pensiones no contributivas: Invalidez no contributiva: Jubilación no contributiva.",S12,texto refundido de la Ley General de la Seguridad Social,366,Prestaciones no contributivas,Media,S12,,,No,Teórico,B,B,Válida,01. Información oficial de la oposición\Exámenes oficiales anteriores\2024 Convocatoria 2023 - Cuestionario libre Modelo A.pdf,https://www.seg-social.es/wps/portal/wss/internet/InformacionUtil/9950/88beb45d-ca83-4bab-8162-f94ef2894562,OCR Windows es-ES sobre PDF oficial,100,Alta,Regla jurídica determinista,2024_conv2023_ordinario_A-T68,1.0
2024_conv2023_ordinario_A-T69,2024,2023,2024-11-30,Acceso libre,Primera parte,A,A/B,Sí,Modelo A usado como variante canónica; el modelo B oficial está archivado y permuta el orden y/o las opciones.,69,No,"De acuerdo con eI artículo 373 del texto refundido de la Ley General de la Seguridad Social, la gestión de las pensiones no contributivas de invalidez y jubilación le corresponde:",Instituto Nacional de la Seguridad Social (INSS).,Instituto de Mayores y Servicios Sociales (IMSERSO).,Tesorería General de la Seguridad Social (TGSS).,"Instituto Social de la Marina (ISM),",S12,12,Temario específico Seguridad Social,"Prestaciones no contributivas y asistenciales. El ingreso mínimo vital: beneficiarios, requisitos y duración. Obligaciones de las personas beneficiarias. Cuantía, pago, reintegro de prestaciones indebidas. Prestaciones familiares múltiples. Prestaciones familiares en la modalidad contributiva. Las pensiones no contributivas: Invalidez no contributiva: Jubilación no contributiva.",jubilación,texto refundido de la Ley General de la Seguridad Social,373,Prestaciones no contributivas,Media,jubilación,,,No,Teórico,B,B,Válida,01. Información oficial de la oposición\Exámenes oficiales anteriores\2024 Convocatoria 2023 - Cuestionario libre Modelo A.pdf,https://www.seg-social.es/wps/portal/wss/internet/InformacionUtil/9950/88beb45d-ca83-4bab-8162-f94ef2894562,OCR Windows es-ES sobre PDF oficial,100,Alta,Revisión jurídica individual,2024_conv2023_ordinario_A-T69,1.0
2024_conv2023_ordinario_A-T70,2024,2023,2024-11-30,Acceso libre,Primera parte,A,A/B,Sí,Modelo A usado como variante canónica; el modelo B oficial está archivado y permuta el orden y/o las opciones.,70,No,"Según el artículo 117 del texto refundido de la Ley General de la Seguridad Social, en la Tesorería General de la Seguridad Social se constituirá un Fondo de Reserva de la Seguridad Social con la finalidad de:","Atender las obligaciones económicas originadas en las entidades y Servicios Comunes de la Seguridad Social,",Atender las necesidades financieras en materia de prestaciones contributivas del sistema de la Seguridad Social en la forma y condiciones previstos en esta ley.,EI Fondo de Reserva de la Seguridad Social no se constituye en la Tesorería General de la Seguridad Social.,Atender las necesidades financieras en materia de prestaciones no contributivas del sistema de la Seguridad Social en la forma y condiciones previstos en esta ley.,S13,13,Temario específico Seguridad Social,"Recursos generales del sistema de la Seguridad Social. El patrimonio único de la seguridad social: titularidad, adscripción, administración y custodia. Los negocios jurídicos patrimoniales: adquisición, enajenación, arrendamiento y cesión. El Fondo de Reserva de la Seguridad Social: constitución, dotación y disposición. Gestión de los recursos financieros: atribución de funciones. Pago de prestaciones de la Seguridad Social.",Fondo de Reserva,texto refundido de la Ley General de la Seguridad Social,117,Artículos literales,Media,Fondo de Reserva,Tesorería General de la Seguridad Social,,No,Teórico,B,B,Válida,01. Información oficial de la oposición\Exámenes oficiales anteriores\2024 Convocatoria 2023 - Cuestionario libre Modelo A.pdf,https://www.seg-social.es/wps/portal/wss/internet/InformacionUtil/9950/88beb45d-ca83-4bab-8162-f94ef2894562,OCR Windows es-ES sobre PDF oficial,100,Alta,Regla jurídica determinista,2024_conv2023_ordinario_A-T70,1.0
2024_conv2023_ordinario_A-T71,2024,2023,2024-11-30,Acceso libre,Primera parte,A,A/B,Sí,Modelo A usado como variante canónica; el modelo B oficial está archivado y permuta el orden y/o las opciones.,71,Sí,"Según el artículo 59 de la Ley Orgánica 2/1979, de 3 de octubre, eI Tribunal Constitucional entenderá de -los conflictos que se susciten sobre las competencias o atribuciones asignadas directamente por la Constitución, los Estatutos de Autonomía o las leyes orgánicas u ordinarias dictadas para delimitar los INCORRECTA: ámbitos propios del Estado y las Comunidades Autónomas y que opongan: Señale la respuesta",A dos o más Comunidades Autónomas entre sí.,Los conflictos en defensa de la autonomía local que planteen los municipios y provincias frente al Estado o a una Comunidad Autónoma.,AI Estado con una o más Comunidades Autónomas.,"Al Gobierno con el Congreso de los Diputados, el Senado o eI Tribunal Supremo; o a cualquiera de estos órganos constitucionales entre sí.",G03,3,Temario general,"El Tribunal Constitucional. Organización, composición y atribuciones.",G03,Ley Orgánica 2/1979,59,Competencias,Alta,G03,Tribunal Constitucional,,Sí,Teórico,D,D,Válida,01. Información oficial de la oposición\Exámenes oficiales anteriores\2024 Convocatoria 2023 - Cuestionario libre Modelo A.pdf,https://www.seg-social.es/wps/portal/wss/internet/InformacionUtil/9950/88beb45d-ca83-4bab-8162-f94ef2894562,OCR Windows es-ES sobre PDF oficial,100,Alta,Regla jurídica determinista,2024_conv2023_ordinario_A-T71,1.0
2024_conv2023_ordinario_A-T72,2024,2023,2024-11-30,Acceso libre,Primera parte,A,A/B,Sí,Modelo A usado como variante canónica; el modelo B oficial está archivado y permuta el orden y/o las opciones.,72,Sí,"EI artículo 10 de la Orden TAS/2865/2003, de 13 de octubre enumera las causas de extinción del convenio especial, señale la respuesta INCORRECTA:",Por fallecimiento del interesado.,Por adquirir eI interesado la condición de pensionista por jubilación o incapacidad permanente en cualquiera de los Regímenes del sistema de la Seguridad Social.,"Por decisión del interesado, comunicada por escrito o por medios técnicos a la Dirección Provincial de la Tesorería General de la seguridad Social o Administración correspondiente de la misma.","Por desplazamiento del suscriptor al extranjero, aunque este desplazamiento supere los 90 días o, en su caso, la prórroga que pueda concederse, tanto si el trabajador o asimilado queda incluido como si queda excluido del campo de aplicación de la seguridad Social en eI país al que se desplace eI suscriptor del convenio.",S03,3,Temario específico Seguridad Social,Normas sobre afiliación. Altas y bajas en el régimen general. Procedimiento y efectos. El convenio especial y otras situaciones asimiladas a la del alta. Encuadramiento e inscripción.,S03,,10,Causas de extinción,Alta,S03,,,Sí,Teórico,D,D,Válida,01. Información oficial de la oposición\Exámenes oficiales anteriores\2024 Convocatoria 2023 - Cuestionario libre Modelo A.pdf,https://www.seg-social.es/wps/portal/wss/internet/InformacionUtil/9950/88beb45d-ca83-4bab-8162-f94ef2894562,OCR Windows es-ES sobre PDF oficial,100,Alta,Regla jurídica determinista,2024_conv2023_ordinario_A-T72,1.0
2024_conv2023_ordinario_A-T73,2024,2023,2024-11-30,Acceso libre,Primera parte,A,A/B,Sí,Modelo A usado como variante canónica; el modelo B oficial está archivado y permuta el orden y/o las opciones.,73,Sí,"De acuerdo con 10 establecido en el artículo 153 del texto refundido de la Ley General de la Seguridad Social, sobre la cotización en supuestos de compatibilidad de jubilación y trabajo y la cotización especial de solidaridad, indique la respuesta CORRECTA:","La cotización especial de solidaridad será del 7 por ciento sobre la base de cotización por contingencias comunes, no computable a efectos de prestaciones, que se distribuirá entre empresario y trabajador, corriendo a cargo del empresario eI 5 por ciento y del trabajador eI 2 por ciento.","La cotización especial de solidaridad será del 8 por ciento sobre la base de cotización por contingencias profesionales, no computable a efectos de prestaciones, que se distribuirá entre empresario y trabajador, corriendo a cargo del empresario eI 5 por ciento y del trabajador eI 3 por ciento.","La cotización especial de solidaridad será del 9 por ciento sobre la base de cotización por contingencias comunes, no computable a efectos de prestaciones, que se distribuirá entre empresario y trabajador, corriendo a cargo del empresario eI 7 por ciento y del trabajador el 2 por ciento.","La cotización especial de solidaridad será del 10 por ciento sobre la base de cotización por contingencias comunes, que será computable a efectos de prestaciones, que se distribuirá entre empresario y trabajador, corriendo a cargo del empresario el 8 por ciento y del trabajador eI 2 por ciento.",S10,10,Temario específico Seguridad Social,"Jubilación en la modalidad contributiva: concepto. Jubilación ordinaria: requisitos: especial referencia a la edad de jubilación. Determinación de la cuantía de la prestación: base reguladora y porcentaje. Jubilación anticipada, jubilación parcial y jubilación flexible. Compatibilidad de la pensión de jubilación y el trabajo. Suspensión y extinción de la prestación. Especial referencia a la aplicación de la normativa anterior a la Ley 27/2011.",jubilación,texto refundido de la Ley General de la Seguridad Social,153,Jubilación,Media,jubilación,,,No,Teórico,C,C,Válida,01. Información oficial de la oposición\Exámenes oficiales anteriores\2024 Convocatoria 2023 - Cuestionario libre Modelo A.pdf,https://www.seg-social.es/wps/portal/wss/internet/InformacionUtil/9950/88beb45d-ca83-4bab-8162-f94ef2894562,OCR Windows es-ES sobre PDF oficial,100,Alta,Regla jurídica determinista,2024_conv2023_ordinario_A-T73,1.0
2024_conv2023_ordinario_A-P01,2024,2023,2024-11-30,Acceso libre,Segunda parte,A,A/B,Sí,Modelo A usado como variante canónica; el modelo B oficial está archivado y permuta el orden y/o las opciones.,1,No,"La dtligencia de embargo del local, debió de ser notificada a:","Exeusivamente a la empresa ""Señor de La Lage, S.L."".","Única, nente a la entidad financiera que tenía inscrita la hipoteca.","A la empresa ""Señor de La Lage, S.L."", de forma obligatoria y a criterio del recaudador ejecutivo a la entidad financiera a cuyo favor está inscrita la hipoteca.","Obligatoriamente a la empresa ""Señor de La Lage, S.L."" y a la entidad financiera a cuyo favor está inscrita la hipoteca. La empresa ""Señor de La Lage, S.L."" quiere contratar a Maximiliano Rubín como técnico de laboratorio, y pretende que inicie la actividad laboral eI día 3 de octubre de 2024. Por eI desarrollo de su trabajo va a percibir un salario de I .200 euros en catorce pagas y además una retribución fija mensual por importe de 100 euros, en concepto de productividad.",S06,6,Temario específico Seguridad Social,La recaudación en vía ejecutiva. Normas generales. Iniciación y título ejecutivo. La providencia de apremio. Oposición y efectos. El embargo de bienes. Enajenación de bienes: modalidades. Créditos incobrables. Tercerías.,embargo,,,Recaudación ejecutiva,Media,embargo,,,No,Práctico,D,D,Válida,01. Información oficial de la oposición\Exámenes oficiales anteriores\2024 Convocatoria 2023 - Cuestionario libre Modelo A.pdf,https://www.seg-social.es/wps/portal/wss/internet/InformacionUtil/9950/88beb45d-ca83-4bab-8162-f94ef2894562,OCR Windows es-ES sobre PDF oficial,100,Alta,Regla jurídica determinista,2024_conv2023_ordinario_A-P01,1.0
2024_conv2023_ordinario_A-P02,2024,2023,2024-11-30,Acceso libre,Segunda parte,A,A/B,Sí,Modelo A usado como variante canónica; el modelo B oficial está archivado y permuta el orden y/o las opciones.,2,No,"La solicitud de alta en la Seguridad Social del trabajador Maximiliano Rubín deberá realizarse por la empresa ""Señor de La Lage, S.L."":","Desde el día 3 de octubre, hasta el día 9 de octubre de 2024.","Desde el día 4 de agosto, hasta eI día 2 de octubre de 2024.","Desde eI día I de octubre, hasta eI día 4 de octubre de 2024.","Desde el día 4 de agosto, hasta eI día 9 de octubre de 2024.",S03,3,Temario específico Seguridad Social,Normas sobre afiliación. Altas y bajas en el régimen general. Procedimiento y efectos. El convenio especial y otras situaciones asimiladas a la del alta. Encuadramiento e inscripción.,alta,,,Procedimientos,Media,alta,,,No,Práctico,B,B,Válida,01. Información oficial de la oposición\Exámenes oficiales anteriores\2024 Convocatoria 2023 - Cuestionario libre Modelo A.pdf,https://www.seg-social.es/wps/portal/wss/internet/InformacionUtil/9950/88beb45d-ca83-4bab-8162-f94ef2894562,OCR Windows es-ES sobre PDF oficial,7,Media,Ponderación de palabras clave,2024_conv2023_ordinario_A-P02,1.0
2024_conv2023_ordinario_A-P03,2024,2023,2024-11-30,Acceso libre,Segunda parte,A,A/B,Sí,Modelo A usado como variante canónica; el modelo B oficial está archivado y permuta el orden y/o las opciones.,3,No,"Según las retribuciones de Maximiliano Rubín, indique el importe de la base de cotización mensual, considerando que hubiera estado durante todo el año 2024 en la empresa:",1.200 euros.,1.300 euros.,1.400 euros.,"1.500 euros. AI cabo de un tiempo la empresa ""Señor de La Lage, S.L."" decide trasladar a Maximiliano Rubín a la delegación que la empresa mantiene en Ciudad del Cabo (Sudáfrica).",S04,4,Temario específico Seguridad Social,La cotización a la Seguridad Social: normas comunes del sistema. La liquidación de cuotas. El régimen general de la Seguridad Social. Supuestos especiales. Bases y tipos de cotización. Liquidación de otras deudas.,base de cotización,,,Cálculos,Alta,base de cotización,,,No,Práctico,D,D,Válida,01. Información oficial de la oposición\Exámenes oficiales anteriores\2024 Convocatoria 2023 - Cuestionario libre Modelo A.pdf,https://www.seg-social.es/wps/portal/wss/internet/InformacionUtil/9950/88beb45d-ca83-4bab-8162-f94ef2894562,OCR Windows es-ES sobre PDF oficial,100,Alta,Regla jurídica determinista,2024_conv2023_ordinario_A-P03,1.0
2024_conv2023_ordinario_A-P04,2024,2023,2024-11-30,Acceso libre,Segunda parte,A,A/B,Sí,Modelo A usado como variante canónica; el modelo B oficial está archivado y permuta el orden y/o las opciones.,4,No,Cuando el trabajador Maximiliano Rubín es trasladado por la empresa a Ciudad del Cabo (Sudáfrica) ¿en qué situación queda a efectos de la Seguridad Social española?:,Asimilada al alta.,Alta de pleno derecho.,Baja.,"Baja temporal. La empresa solicita la práctica de la liquidación de las cuotas del mes de septiembre de 2024 el día 20 de octubre de 2024, recibiendo eI día 21 de octubre de 2024 comunicación de la Tesorería General de la Seguridad Social donde se informaba que la liquidación de cuotas no ha podido practicarse por la falta de las bases de cotización de los trabajadores incluidos en la liquidación.",S03,3,Temario específico Seguridad Social,Normas sobre afiliación. Altas y bajas en el régimen general. Procedimiento y efectos. El convenio especial y otras situaciones asimiladas a la del alta. Encuadramiento e inscripción.,S03,,,"Afiliación, altas y bajas",Media,S03,,,No,Práctico,A,A,Válida,01. Información oficial de la oposición\Exámenes oficiales anteriores\2024 Convocatoria 2023 - Cuestionario libre Modelo A.pdf,https://www.seg-social.es/wps/portal/wss/internet/InformacionUtil/9950/88beb45d-ca83-4bab-8162-f94ef2894562,OCR Windows es-ES sobre PDF oficial,100,Alta,Revisión jurídica individual,2024_conv2023_ordinario_A-P04,1.0
2024_conv2023_ordinario_A-P05,2024,2023,2024-11-30,Acceso libre,Segunda parte,A,A/B,Sí,Modelo A usado como variante canónica; el modelo B oficial está archivado y permuta el orden y/o las opciones.,5,No,"En relación con el cálculo de las cuotas del mes de septiembre de 2024, solicitada por la empresa ""Señor de La Lage, S.L."" eI día 20 de octubre de 2024 indique, según el art. 48 del Reglamento General sobre Cotización y Liquidación de otros Derechos de la Seguridad Social, aprobado por Real Decreto 2064/1995, de 22 de diciembre ¿hasta qué fecha puede comunicar nuevamente los datos que permitan efectuar la liquidación? :",31 de octubre de 2024.,En el plazo de 48 horas siguientes a la comunicación de la Tesoreria General de la Seguridad Social.,30 de octubre de 2024.,27 de octubre de 2024.,S04,4,Temario específico Seguridad Social,La cotización a la Seguridad Social: normas comunes del sistema. La liquidación de cuotas. El régimen general de la Seguridad Social. Supuestos especiales. Bases y tipos de cotización. Liquidación de otras deudas.,S04,Real Decreto 2064/1995,,Cotización,Alta,S04,,,No,Práctico,C,C,Válida,01. Información oficial de la oposición\Exámenes oficiales anteriores\2024 Convocatoria 2023 - Cuestionario libre Modelo A.pdf,https://www.seg-social.es/wps/portal/wss/internet/InformacionUtil/9950/88beb45d-ca83-4bab-8162-f94ef2894562,OCR Windows es-ES sobre PDF oficial,100,Alta,Regla jurídica determinista,2024_conv2023_ordinario_A-P05,1.0
2024_conv2023_ordinario_A-P06,2024,2023,2024-11-30,Acceso libre,Segunda parte,A,A/B,Sí,Modelo A usado como variante canónica; el modelo B oficial está archivado y permuta el orden y/o las opciones.,6,No,"Indique, en relación con la providencia de apremio notificada el día II de enero de 2023, si la actuación de la Tesorería General de la Seguridad Social es correcta ante la ausencia de reclamación previa de la deuda:",Es necesaria siempre la previa reclamación de la deuda.,"Es correcta, porque se trata de cuotas y demás conceptos de recaudación conjunta correspondientes a una liquidación practicada en plazo reglamentario.","Es correcta, porque la Tesorería General de la Seguridad Social no está obligada en ningún caso a reclamar previamente la deuda.","No es correcta, porque en supuesto de cuotas y demás conceptos de recaudación conjunta siempre es necesaria la reclamación previa de la deuda. Ante la buena marcha del negocio, la empresa decide ampliar su plantilla contratando a Guillermina Pacheco, pensando además que como es personal investigador puede disponer de una bonificación del 45% de la aportación empresarial por contingencias comunes. Este contrato de trabajo se celebra el día 30 de octubre de 2024, iniciando su actividad el día 4 de noviembre, fecha en la que causa alta en la Seguridad Social.",S06,6,Temario específico Seguridad Social,La recaudación en vía ejecutiva. Normas generales. Iniciación y título ejecutivo. La providencia de apremio. Oposición y efectos. El embargo de bienes. Enajenación de bienes: modalidades. Créditos incobrables. Tercerías.,providencia de apremio,,,Recaudación ejecutiva,Alta,providencia de apremio,Tesorería General de la Seguridad Social,,No,Práctico,B,B,Válida,01. Información oficial de la oposición\Exámenes oficiales anteriores\2024 Convocatoria 2023 - Cuestionario libre Modelo A.pdf,https://www.seg-social.es/wps/portal/wss/internet/InformacionUtil/9950/88beb45d-ca83-4bab-8162-f94ef2894562,OCR Windows es-ES sobre PDF oficial,100,Alta,Regla jurídica determinista,2024_conv2023_ordinario_A-P06,1.0
2024_conv2023_ordinario_A-P07,2024,2023,2024-11-30,Acceso libre,Segunda parte,A,A/B,Sí,Modelo A usado como variante canónica; el modelo B oficial está archivado y permuta el orden y/o las opciones.,7,No,"Según eI art. 20.1 del texto refundido de la Ley General de la Seguridad Social, aprobado por Real Decreto Legislativo 8/2015, de 30 de octubre, al perfeccionarse eI contrato con Guillermina Pacheco el día 4 de noviembre de 2024, se podrán obtener las bonificaciones establecidas:","No, porque la empresa no se encuentra al corriente en eI cumplimiento de sus obligaciones con la Seguridad Social en relación al ingreso por cuotas y conceptos de recaudación conjunta, así como respecto de cualquier otro recurso de la Seguridad Social que sea objeto de la gestión recaudatoria de la Seguridad Social, en la fecha de su concesión.","Sí, porque no se encuentra al corriente en eI cumplimiento de las obligaciones de Seguridad Social, pero la deuda existente es de pequeña cuantía.","Sí, porque el contrato es bonificado y no es necesario encontrarse al corriente en el cumplimiento de las obligaciones de Seguridad Social.","Sí, porque abona la deuda dos días después y por tanto se encuentra al corriente en el cumplimiento de las obligaciones de Seguridad Social, en el plazo establecido para la comunicación de las variaciones de datos. Carolina Martos, trabajadora de la empresa ""Señor de La Lage, S.L."" desde hace dos años con un contrato a tiempo completo, ha tenido dos hijos eI 13/08/2024. Ha decidido disfrutar inicialmente sólo de las seis semanas obligatorias tras eI parto para disfrutar las semanas restantes de la prestación por nacimiento y cuidado de menor más adelante.",S04,4,Temario específico Seguridad Social,La cotización a la Seguridad Social: normas comunes del sistema. La liquidación de cuotas. El régimen general de la Seguridad Social. Supuestos especiales. Bases y tipos de cotización. Liquidación de otras deudas.,S04,Real Decreto Legislativo 8/2015,,Cotización,Alta,S04,,,No,Práctico,A,ANULADA,Anulada,01. Información oficial de la oposición\Exámenes oficiales anteriores\2024 Convocatoria 2023 - Cuestionario libre Modelo A.pdf,https://www.seg-social.es/wps/portal/wss/internet/InformacionUtil/9950/88beb45d-ca83-4bab-8162-f94ef2894562,OCR Windows es-ES sobre PDF oficial,100,Alta,Revisión jurídica individual,2024_conv2023_ordinario_A-P07,1.0
2024_conv2023_ordinario_A-P08,2024,2023,2024-11-30,Acceso libre,Segunda parte,A,A/B,Sí,Modelo A usado como variante canónica; el modelo B oficial está archivado y permuta el orden y/o las opciones.,8,No,"¿Hasta qué día podrá disfrutar la prestación por nacimiento y cuidado de menor, como máximo, Carolina Martos?",31 de diciembre de 2024,13 de agosto de 2025.,13 de agosto de 2026.,"2 de diciembre de 2024. Alejandro Alonso, tiene un contrato con ""Señor de La Lage, S.L."" con una antigüedad de tres años y cuatro meses. Se ha emitido en su favor un parte de baja por contingencias comunes con fecha 10/09/2023. EI día 10110/2024 ha sido dado de alta médica por curación, sin embargo, Alejandro Alonso no está de acuerdo con esta alta médica y ha decidido presentar su disconformidad.",S09,9,Temario específico Seguridad Social,Nacimiento y cuidado de menor. Ejercicio corresponsable del cuidado del lactante. Prestación por riesgo durante el embarazo. Prestación por riesgo durante la lactancia natural. Asignación económica por hijo o menor acogido a cargo. Prestación económica por nacimiento o adopción de hijo en supuestos de familias numerosas o monoparentales y en los casos de madres o padres con discapacidad. Prestación por parto o adopción Subsidio por cuidado de menores afectados por cáncer u otra enfermedad grave.,nacimiento y cuidado de menor,,,Plazos,Media,nacimiento y cuidado de menor,,,No,Práctico,B,B,Válida,01. Información oficial de la oposición\Exámenes oficiales anteriores\2024 Convocatoria 2023 - Cuestionario libre Modelo A.pdf,https://www.seg-social.es/wps/portal/wss/internet/InformacionUtil/9950/88beb45d-ca83-4bab-8162-f94ef2894562,OCR Windows es-ES sobre PDF oficial,100,Alta,Regla jurídica determinista,2024_conv2023_ordinario_A-P08,1.0
2024_conv2023_ordinario_A-P09,2024,2023,2024-11-30,Acceso libre,Segunda parte,A,A/B,Sí,Modelo A usado como variante canónica; el modelo B oficial está archivado y permuta el orden y/o las opciones.,9,No,¿Qué órgano ha tenido necesariamente que emitir el alta médica de Alejandro Alonso?,EI médico de familia del Servicio Público de Salud.,La inspección médica del Instituto Nacional de la Seguridad Social.,La mutua colaboradora con la Seguridad Social.,La inspección médica del Servicio Público de Salud.,S08,8,Temario específico Seguridad Social,"Incapacidad temporal: concepto y causas que motivan esta situación. Beneficiarios. Prestación económica: determinación y cuantía. Nacimiento, duración y extinción del derecho al subsidio. Reconocimiento y pago. Control de la incapacidad. Incapacidad permanente contributiva: concepto. Grados de incapacidad. Prestaciones. Determinación y cuantía. Beneficiarios. Nacimiento, duración y extinción del derecho. Lesiones permanentes no incapacitantes. La calificación y revisión de la incapacidad permanente.",alta,,,Órganos,Media,alta,,,No,Práctico,B,B,Válida,01. Información oficial de la oposición\Exámenes oficiales anteriores\2024 Convocatoria 2023 - Cuestionario libre Modelo A.pdf,https://www.seg-social.es/wps/portal/wss/internet/InformacionUtil/9950/88beb45d-ca83-4bab-8162-f94ef2894562,OCR Windows es-ES sobre PDF oficial,8,Media,Ponderación de palabras clave,2024_conv2023_ordinario_A-P09,1.0
2024_conv2023_ordinario_A-P10,2024,2023,2024-11-30,Acceso libre,Segunda parte,A,A/B,Sí,Modelo A usado como variante canónica; el modelo B oficial está archivado y permuta el orden y/o las opciones.,10,No,¿Hasta qué día puede Alejandro Alonso presentar la disconformidad ante el alta médica recibida?,Hasta eI 20 de octubre de 2024.,Hasta eI 25 de octubre de 2024.,Hasta eI 17 de octubre de 2024.,"Hasta eI día 14 de octubre de 2024. Carlos y Clotilde Palou son dos hermanos que trabajan desde hace 10 años en la empresa ""FRAMES S.L.' dedicada a la actividad de venta de material fotográfico. Carlos Palou cumplirá 64 años eI día I de diciembre de 2024 y Clotilde 67 años ei día 5 de diciembre de 2024. Carlos Palou, tras finalizar eI servicio militar obligatorio con una duración de 18 meses, siempre ha trabajado como empleado cotizando al régimen general y a I de diciembre de 2024 acreditará 34 años de cotización. No ha tenido descendencia y desde eI I de diciembre de 2020 tiene reconocida una discapacidad del 65% sin que esta circunstancia le haya afectado a la realización de su trabajo o las condiciones del mismo. Está pensando en jubilarse el 1 de diciembre de este 2024. EI 5 de diciembre, por su parte, Clotilde Palou tendrá 14 años y 6 meses cotizados al régimen general. Clotilde ha tenido 3 hijos, Tomás, de 30 años, nació durante el período en que ella trabajaba en un laboratorio de fotografía, sin embargo, Elena y Andrea de 27 y 28 años de edad, nacieron entre 1996 y 1997 en un período en eI Clotilde no tuvo ninguna actividad laboral ni percibió ningún tipo de ayuda, prestación o subsidio y que se prolongó entre 1994 y 1999. Clotilde quiere informarse sobre sus opciones de jubilación el 5 de diciembre de 2024, si bien, no descarta continuar trabajando, por 10 que acude a una oficina a informarse de ambas opciones.",S08,8,Temario específico Seguridad Social,"Incapacidad temporal: concepto y causas que motivan esta situación. Beneficiarios. Prestación económica: determinación y cuantía. Nacimiento, duración y extinción del derecho al subsidio. Reconocimiento y pago. Control de la incapacidad. Incapacidad permanente contributiva: concepto. Grados de incapacidad. Prestaciones. Determinación y cuantía. Beneficiarios. Nacimiento, duración y extinción del derecho. Lesiones permanentes no incapacitantes. La calificación y revisión de la incapacidad permanente.",alta,,,Plazos,Media,alta,,,No,Práctico,D,ANULADA,Anulada,01. Información oficial de la oposición\Exámenes oficiales anteriores\2024 Convocatoria 2023 - Cuestionario libre Modelo A.pdf,https://www.seg-social.es/wps/portal/wss/internet/InformacionUtil/9950/88beb45d-ca83-4bab-8162-f94ef2894562,OCR Windows es-ES sobre PDF oficial,8,Media,Ponderación de palabras clave,2024_conv2023_ordinario_A-P10,1.0
2024_conv2023_ordinario_A-P11,2024,2023,2024-11-30,Acceso libre,Segunda parte,A,A/B,Sí,Modelo A usado como variante canónica; el modelo B oficial está archivado y permuta el orden y/o las opciones.,11,No,"A los efectos de acceso de la jubilación de Carlos Palou, ¿Ie afectaría de algún modo la discapacidad que acredita?","No, la discapacidad a estos efectos no Ie afectaría.","Sí, la discapacidad que acredita Ie permitiría reducir la edad de acceso en 6 meses.","Sí, la discapacidad que acredita le permitiría reducir la edad de acceso en I año.","Sí, la discapacidad que acredita Ie permitiría reducir la edad de acceso en 2 años.",S10,10,Temario específico Seguridad Social,"Jubilación en la modalidad contributiva: concepto. Jubilación ordinaria: requisitos: especial referencia a la edad de jubilación. Determinación de la cuantía de la prestación: base reguladora y porcentaje. Jubilación anticipada, jubilación parcial y jubilación flexible. Compatibilidad de la pensión de jubilación y el trabajo. Suspensión y extinción de la prestación. Especial referencia a la aplicación de la normativa anterior a la Ley 27/2011.",jubilación,,,Jubilación,Media,jubilación,,,No,Práctico,C,C,Válida,01. Información oficial de la oposición\Exámenes oficiales anteriores\2024 Convocatoria 2023 - Cuestionario libre Modelo A.pdf,https://www.seg-social.es/wps/portal/wss/internet/InformacionUtil/9950/88beb45d-ca83-4bab-8162-f94ef2894562,OCR Windows es-ES sobre PDF oficial,100,Alta,Regla jurídica determinista,2024_conv2023_ordinario_A-P11,1.0
2024_conv2023_ordinario_A-P12,2024,2023,2024-11-30,Acceso libre,Segunda parte,A,A/B,Sí,Modelo A usado como variante canónica; el modelo B oficial está archivado y permuta el orden y/o las opciones.,12,No,"Suponiendo una base reguladora de la pensión en el momento del acceso a la misma de 2.800 euros, ¿a partir de qué fecha cumpliría Carlos Palou los requisitos de edad y cotización para acceder a la jubilación anticipada por voluntad del trabajador?",1 de diciembre de 2020.,I de junio de 2025.,I de junio de 2024.,I de diciembre de 2024.,S10,10,Temario específico Seguridad Social,"Jubilación en la modalidad contributiva: concepto. Jubilación ordinaria: requisitos: especial referencia a la edad de jubilación. Determinación de la cuantía de la prestación: base reguladora y porcentaje. Jubilación anticipada, jubilación parcial y jubilación flexible. Compatibilidad de la pensión de jubilación y el trabajo. Suspensión y extinción de la prestación. Especial referencia a la aplicación de la normativa anterior a la Ley 27/2011.",jubilación anticipada,,,Cálculos,Alta,jubilación anticipada,ISM,,No,Práctico,D,ANULADA,Anulada,01. Información oficial de la oposición\Exámenes oficiales anteriores\2024 Convocatoria 2023 - Cuestionario libre Modelo A.pdf,https://www.seg-social.es/wps/portal/wss/internet/InformacionUtil/9950/88beb45d-ca83-4bab-8162-f94ef2894562,OCR Windows es-ES sobre PDF oficial,100,Alta,Regla jurídica determinista,2024_conv2023_ordinario_A-P12,1.0
2024_conv2023_ordinario_A-P13,2024,2023,2024-11-30,Acceso libre,Segunda parte,A,A/B,Sí,Modelo A usado como variante canónica; el modelo B oficial está archivado y permuta el orden y/o las opciones.,13,No,¿Podría jubilase Clotilde Palou el 5 de diciembre de 2024?,"No, no podría tendría que continuar trabajando 3 meses más para cumplir con los requisitos mínimos exigidos.","No, no podría jubilarse, tendría que continuar trabajando 6 meses más para cumplir con los requisitos mínimos exigidos.","Si, porque ya cumplía los requisitos mínimos de acceso a la jubilación desde eI 5 de diciembre de 2023.","Si, podria jubilarse en esa fecha, 5 de diciembre de 2024. Damián Jordá también trabaja en la empresa ""FRAMES S.L."", en su caso, con un contrato indefinido desde el año 2000. En toda su vida laboral acreditará, a 15 de diciembre 2024, un total de 25 años. Damián cumplió 64 años e' dia 15 de junio de 2024 y tiene una discapacidad reconocida del 33% desde el año 1990, situación que se mantiene invariable hasta hoy. Está interesado en jubilarse parcialmente y la empresa Ie ha manifestado su conformidad ya que contrataría a un trabajador desempleado con contrato indefinido a tiempo completo y él debería realizar una jornada del 50%, comprometiéndose la empresa a cumplir con todos los requisitos para eI acceso a esta modalidad de jubilación que le corresponden.",S10,10,Temario específico Seguridad Social,"Jubilación en la modalidad contributiva: concepto. Jubilación ordinaria: requisitos: especial referencia a la edad de jubilación. Determinación de la cuantía de la prestación: base reguladora y porcentaje. Jubilación anticipada, jubilación parcial y jubilación flexible. Compatibilidad de la pensión de jubilación y el trabajo. Suspensión y extinción de la prestación. Especial referencia a la aplicación de la normativa anterior a la Ley 27/2011.",S10,,,Jubilación,Alta,S10,,,No,Práctico,D,D,Válida,01. Información oficial de la oposición\Exámenes oficiales anteriores\2024 Convocatoria 2023 - Cuestionario libre Modelo A.pdf,https://www.seg-social.es/wps/portal/wss/internet/InformacionUtil/9950/88beb45d-ca83-4bab-8162-f94ef2894562,OCR Windows es-ES sobre PDF oficial,100,Alta,Regla jurídica determinista,2024_conv2023_ordinario_A-P13,1.0
2024_conv2023_ordinario_A-P14,2024,2023,2024-11-30,Acceso libre,Segunda parte,A,A/B,Sí,Modelo A usado como variante canónica; el modelo B oficial está archivado y permuta el orden y/o las opciones.,14,No,"¿A partir de qué fecha Damián Jordá cumpliría con los requisitos de edad mínima de acceso y años de cotización necesarios para el acceso a la jubilación parcial, suponiendo que la empresa cumple con las condiciones que le corresponderían?",A partir del 15 de junio de 2024.,A partir del 15 de diciembre de 2024.,A partir del 15 de junio 2025.,A partir del 15 de diciembre de 2025.,S10,10,Temario específico Seguridad Social,"Jubilación en la modalidad contributiva: concepto. Jubilación ordinaria: requisitos: especial referencia a la edad de jubilación. Determinación de la cuantía de la prestación: base reguladora y porcentaje. Jubilación anticipada, jubilación parcial y jubilación flexible. Compatibilidad de la pensión de jubilación y el trabajo. Suspensión y extinción de la prestación. Especial referencia a la aplicación de la normativa anterior a la Ley 27/2011.",jubilación,,,Requisitos,Media,jubilación,,,No,Práctico,B,B,Válida,01. Información oficial de la oposición\Exámenes oficiales anteriores\2024 Convocatoria 2023 - Cuestionario libre Modelo A.pdf,https://www.seg-social.es/wps/portal/wss/internet/InformacionUtil/9950/88beb45d-ca83-4bab-8162-f94ef2894562,OCR Windows es-ES sobre PDF oficial,100,Alta,Regla jurídica determinista,2024_conv2023_ordinario_A-P14,1.0
2024_conv2023_ordinario_A-P15,2024,2023,2024-11-30,Acceso libre,Segunda parte,A,A/B,Sí,Modelo A usado como variante canónica; el modelo B oficial está archivado y permuta el orden y/o las opciones.,15,No,¿Qué antigüedad mínima deberá acreditar en la empresa Damián Jordá para poder acogerse a la jubilación parcial?,4 años de antigüedad.,6 años de antigüedad acumulados con la empresa con anterioridad a la fecha de acceso a la jubilación parcial.,6 años de antigüedad inmediatamente anteriores a la fecha de la jubilación parcial.,"No se requiere antigüedad como requisito para acceder a esta modalidad de jubilación. La empresa ""Señor de La Lage, S.L,"" recibió eI día 10 de octubre de 2024 una reclamación de deuda por unas diferencias en la cotización del mes de marzo de 2024 y por un importe de 25 euros (principal y recargo incluido), que abonó el día 6 de noviembre de 2024 mediante transferencia a una cuenta bancaria de la Tesorería General de la Seguridad Social de otra entidad financiera, donde se recibieron los fondos eI día 7 de noviembre de 2024.",S10,10,Temario específico Seguridad Social,"Jubilación en la modalidad contributiva: concepto. Jubilación ordinaria: requisitos: especial referencia a la edad de jubilación. Determinación de la cuantía de la prestación: base reguladora y porcentaje. Jubilación anticipada, jubilación parcial y jubilación flexible. Compatibilidad de la pensión de jubilación y el trabajo. Suspensión y extinción de la prestación. Especial referencia a la aplicación de la normativa anterior a la Ley 27/2011.",jubilación,,,Jubilación,Media,jubilación,,,No,Práctico,C,C,Válida,01. Información oficial de la oposición\Exámenes oficiales anteriores\2024 Convocatoria 2023 - Cuestionario libre Modelo A.pdf,https://www.seg-social.es/wps/portal/wss/internet/InformacionUtil/9950/88beb45d-ca83-4bab-8162-f94ef2894562,OCR Windows es-ES sobre PDF oficial,100,Alta,Regla jurídica determinista,2024_conv2023_ordinario_A-P15,1.0
2024_conv2023_ordinario_A-P16,2024,2023,2024-11-30,Acceso libre,Segunda parte,A,A/B,Sí,Modelo A usado como variante canónica; el modelo B oficial está archivado y permuta el orden y/o las opciones.,16,Sí,"En relación con la reclamación de deuda por diferencias en la cotización del mes marzo de 2024, recibida el día 10 de octubre de 2024, indique hasta que día deberá de hacerse efectivo el pago:",10 de noviembre de 2024.,30 de noviembre de 2024.,31 de octubre de 2024.,"5 de noviembre 2024. La empresa ""Señor de La Lage, S.L."" ha decidido prescindir de los servicios de uno de sus trabajadores, concretamente de Juan Santacruz y no prorrogar el contrato temporal que finaliza el día 5 de diciembre de 2024.",S05,5,Temario específico Seguridad Social,"La gestión recaudatoria: concepto, competencia y objeto. Responsables del pago. Requisitos para el pago. Medios de pago. Control de recaudación. Revisión de los actos de gestión recaudatoria. La recaudación en periodo voluntario. Efectos de la falta de cotización en período reglamentario. Recaudación de otros recursos. Aplazamientos. Devolución de ingresos indebidos. Capital coste de pensiones.",S05,,,Plazos,Alta,S05,,,No,Práctico,D,D,Válida,01. Información oficial de la oposición\Exámenes oficiales anteriores\2024 Convocatoria 2023 - Cuestionario libre Modelo A.pdf,https://www.seg-social.es/wps/portal/wss/internet/InformacionUtil/9950/88beb45d-ca83-4bab-8162-f94ef2894562,OCR Windows es-ES sobre PDF oficial,100,Alta,Regla jurídica determinista,2024_conv2023_ordinario_A-P16,1.0
2024_conv2023_ordinario_A-P17,2024,2023,2024-11-30,Acceso libre,Segunda parte,A,A/B,Sí,Modelo A usado como variante canónica; el modelo B oficial está archivado y permuta el orden y/o las opciones.,17,Sí,"¿Cuál es el último día que la empresa ""Señor de La Lage, S.L."" tiene para comunicar la baja del trabajador Juan Santacruz en la Seguridad Social?",EI día 10 de diciembre de 2024.,EI día II de diciembre de 2024.,EI día 8 de diciembre de 2024.,"EI día 13 de diciembre de 2024. Carolina Martos, trabajadora de la empresa ""Señor de La Lage, S.L."" desde hace dos años con un contrato a tiempo completo, ha tenido dos hijos el 13/08/2024. Ha decidido disfrutar inicialmente sólo de las seis semanas obligatorias tras eI parto para disfrutar las semanas restantes de la prestación por nacimiento y cuidado de menor más adelante.",S03,3,Temario específico Seguridad Social,Normas sobre afiliación. Altas y bajas en el régimen general. Procedimiento y efectos. El convenio especial y otras situaciones asimiladas a la del alta. Encuadramiento e inscripción.,baja,,,"Afiliación, altas y bajas",Media,baja,,,No,Práctico,C,C,Válida,01. Información oficial de la oposición\Exámenes oficiales anteriores\2024 Convocatoria 2023 - Cuestionario libre Modelo A.pdf,https://www.seg-social.es/wps/portal/wss/internet/InformacionUtil/9950/88beb45d-ca83-4bab-8162-f94ef2894562,OCR Windows es-ES sobre PDF oficial,7,Media,Ponderación de palabras clave,2024_conv2023_ordinario_A-P17,1.0
2024_conv2023_ordinario_A-P18,2024,2023,2024-11-30,Acceso libre,Segunda parte,A,A/B,Sí,Modelo A usado como variante canónica; el modelo B oficial está archivado y permuta el orden y/o las opciones.,18,Sí,La base de cotización por contingencias comunes ¿de qué mes se toma para calcular la base reguladora de la prestación por nacimiento y cuidado de menor de la trabajadora Carolina Martos?,Agosto.,Septiembre.,Julio.,Junio.,S09,9,Temario específico Seguridad Social,Nacimiento y cuidado de menor. Ejercicio corresponsable del cuidado del lactante. Prestación por riesgo durante el embarazo. Prestación por riesgo durante la lactancia natural. Asignación económica por hijo o menor acogido a cargo. Prestación económica por nacimiento o adopción de hijo en supuestos de familias numerosas o monoparentales y en los casos de madres o padres con discapacidad. Prestación por parto o adopción Subsidio por cuidado de menores afectados por cáncer u otra enfermedad grave.,base de cotización,,,Cálculos,Media,base de cotización,,,No,Práctico,D,D,Válida,01. Información oficial de la oposición\Exámenes oficiales anteriores\2024 Convocatoria 2023 - Cuestionario libre Modelo A.pdf,https://www.seg-social.es/wps/portal/wss/internet/InformacionUtil/9950/88beb45d-ca83-4bab-8162-f94ef2894562,OCR Windows es-ES sobre PDF oficial,100,Alta,Revisión jurídica individual,2024_conv2023_ordinario_A-P18,1.0
2025_conv2023_extraordinario-T01,2025,2023,2025-01-25,Acceso libre,Primera parte,Extraordinario,Único,Sí,Cuestionario extraordinario sin modelo paralelo.,1,No,"De acuerdo con lo establecido en el artículo 8 de la Constitución Española, las Fuerzas Armadas, constituidas por el Ejército de Tierra, la Armada y el Ejército del Aire, tienen como misión garantizar la soberanía e independencia de España, defender su integridad territorial y el ordenamiento constitucional. Regulará las bases de la organización militar conforme a los principios de la presente Constitución:",Una ley orgánica.,Una ley ordinaria.,Un Real Decreto Legislativo.,Un Real Decreto Ley.,G01,1,Temario general,La Constitución Española de 1978: Estructura y contenido. La reforma de la Constitución.,G01,Constitución Española,8,Artículos literales,Alta,G01,,,No,Teórico,A,A,Válida,01. Información oficial de la oposición\Exámenes oficiales anteriores\2025 Convocatoria 2023 - Examen extraordinario acceso libre.pdf,https://www.seg-social.es/wps/portal/wss/internet/InformacionUtil/9950/88beb45d-ca83-4bab-8162-f94ef2894562,Texto PDF,100,Alta,Regla jurídica determinista,2025_conv2023_extraordinario-T01,1.0
2025_conv2023_extraordinario-T02,2025,2023,2025-01-25,Acceso libre,Primera parte,Extraordinario,Único,Sí,Cuestionario extraordinario sin modelo paralelo.,2,No,"En la Constitución Española, las garantías de las libertades y derechos fundamentales se encuentran reguladas en el:",Capítulo II del Título I.,Capítulo IV del Título I.,Capítulo V del Título I.,Capítulo III del Título II.,G02,2,Temario general,Derechos y deberes fundamentales. Su garantía y suspensión.,derechos fundamentales,Constitución Española,,Artículos literales,Básica,derechos fundamentales,,,No,Teórico,C,B,Modificada,01. Información oficial de la oposición\Exámenes oficiales anteriores\2025 Convocatoria 2023 - Examen extraordinario acceso libre.pdf,https://www.seg-social.es/wps/portal/wss/internet/InformacionUtil/9950/88beb45d-ca83-4bab-8162-f94ef2894562,Texto PDF,100,Alta,Regla jurídica determinista,2025_conv2023_extraordinario-T02,1.0
2025_conv2023_extraordinario-T03,2025,2023,2025-01-25,Acceso libre,Primera parte,Extraordinario,Único,Sí,Cuestionario extraordinario sin modelo paralelo.,3,No,"Según el articulo 17 de la Ley Orgánica 2/1979, de 3 de octubre, del Tribunal Constitucional:","Antes de los cuatro meses previos a la fecha de expiración de los nombramientos, el Tribunal en pleno solicitará de los Presidentes de los órganos que han de hacer las propuestas para la designación de los nuevos Magistrados, que inicien el procedimiento para ello.","Antes de los tres meses previos a la fecha de expiración de los nombramientos, el Presidente del Tribunal solicitará de los Presidentes de los órganos que han de hacer las propuestas para la designación de los nuevos Magistrados, que inicien el procedimiento para ello.","Antes de los tres meses previos a la fecha de expiración de los nombramientos, el Tribunal en pleno solicitará de los Presidentes de los órganos que han de hacer las propuestas para la designación de los nuevos Magistrados, que inicien el procedimiento para ello.","Antes de los cuatro meses previos a la fecha de expiración de los nombramientos, el Presidente del Tribunal solicitará de los Presidentes de los órganos que han de hacer las propuestas para la designación de los nuevos Magistrados, que inicien el procedimiento para ello.",G03,3,Temario general,"El Tribunal Constitucional. Organización, composición y atribuciones.",G03,Ley Orgánica 2/1979,17,Artículos literales,Media,G03,Tribunal Constitucional,,No,Teórico,D,D,Válida,01. Información oficial de la oposición\Exámenes oficiales anteriores\2025 Convocatoria 2023 - Examen extraordinario acceso libre.pdf,https://www.seg-social.es/wps/portal/wss/internet/InformacionUtil/9950/88beb45d-ca83-4bab-8162-f94ef2894562,Texto PDF,100,Alta,Regla jurídica determinista,2025_conv2023_extraordinario-T03,1.0
2025_conv2023_extraordinario-T04,2025,2023,2025-01-25,Acceso libre,Primera parte,Extraordinario,Único,Sí,Cuestionario extraordinario sin modelo paralelo.,4,No,"Según la Constitución española de 1978, el Rey recibe de los Presupuestos del Estado una cantidad global para el sostenimiento de su Familia y Casa, ¿a qui én le corresponde distribuir dicha cantidad entre los posibles gastos?",A las Cortes Generales.,Al titular del Ministerio de Hacienda.,Al Presidente del Gobierno.,Al Rey.,G04,4,Temario general,La Corona. Funciones constitucionales del Rey. Sucesión y regencia. El refrendo.,G04,Constitución española,,Artículos literales,Media,G04,,,No,Teórico,D,D,Válida,01. Información oficial de la oposición\Exámenes oficiales anteriores\2025 Convocatoria 2023 - Examen extraordinario acceso libre.pdf,https://www.seg-social.es/wps/portal/wss/internet/InformacionUtil/9950/88beb45d-ca83-4bab-8162-f94ef2894562,Texto PDF,100,Alta,Regla jurídica determinista,2025_conv2023_extraordinario-T04,1.0
2025_conv2023_extraordinario-T05,2025,2023,2025-01-25,Acceso libre,Primera parte,Extraordinario,Único,Sí,Cuestionario extraordinario sin modelo paralelo.,5,No,"El artículo 75, apartado 2, de la Constitución indica que “las Cámaras podrán delegar en las Comisiones Legislativas Permanentes la aprobación de proyectos o proposiciones de ley”. Indique cuál de las siguientes materias no está expresamente excluida de es ta delegación, conforme al apartado 3 de dicho artículo 75.",La reforma constitucional.,Las cuestiones internacionales.,La regulación de la Seguridad Social.,Los Presupuestos Generales del Estado.,G05,5,Temario general,"El poder legislativo. Las Cortes Generales: Composición, atribuciones y funcionamiento. El Defensor del Pueblo.",G05,,75,Artículos literales,Media,G05,,,Sí,Teórico,C,C,Válida,01. Información oficial de la oposición\Exámenes oficiales anteriores\2025 Convocatoria 2023 - Examen extraordinario acceso libre.pdf,https://www.seg-social.es/wps/portal/wss/internet/InformacionUtil/9950/88beb45d-ca83-4bab-8162-f94ef2894562,Texto PDF,100,Alta,Regla jurídica determinista,2025_conv2023_extraordinario-T05,1.0
2025_conv2023_extraordinario-T06,2025,2023,2025-01-25,Acceso libre,Primera parte,Extraordinario,Único,Sí,Cuestionario extraordinario sin modelo paralelo.,6,No,"Según establece el artículo 64.1 de la Ley Orgánica 6/1985, de 1 de julio, del Poder Judicial, la Audiencia Nacional estará integrada por las siguientes Salas:","Sala Primera, Sala Segunda, Sala Tercera y Sala Cuarta.","Sala Primera, Sala Segunda, Sala Tercera, Sala Cuarta y Sala Quinta.","Sala de lo Penal, Sala de Reposición, Sala de lo Contencioso-Administrativo y Sala de lo Social.","Sala de lo Penal, Sala de Apelación, Sala de lo Contencioso-Administrativo y Sala de lo Social.",G06,6,Temario general,El Poder Judicial. El principio de unidad jurisdiccional. El Consejo General del Poder Judicial. La organización judicial española.,G06,Ley Orgánica 6/1985,64.1,Artículos literales,Media,G06,,,No,Teórico,D,D,Válida,01. Información oficial de la oposición\Exámenes oficiales anteriores\2025 Convocatoria 2023 - Examen extraordinario acceso libre.pdf,https://www.seg-social.es/wps/portal/wss/internet/InformacionUtil/9950/88beb45d-ca83-4bab-8162-f94ef2894562,Texto PDF,100,Alta,Regla jurídica determinista,2025_conv2023_extraordinario-T06,1.0
2025_conv2023_extraordinario-T07,2025,2023,2025-01-25,Acceso libre,Primera parte,Extraordinario,Único,Sí,Cuestionario extraordinario sin modelo paralelo.,7,No,"Según el Artículo 13 de la Ley 50/1997, de 27 de noviembre, del Gobierno. En los casos de vacante, ausencia o enfermedad, las funciones del Presidente del Gobierno serán asumidas por:",Los Ministros que el Presidente del Gobierno designe con el correspondiente orden de prelación.,"Los Vicepresidentes, de acuerdo con el correspondiente orden de prelación, y, en defecto de ellos, por los Ministros, según el orden de precedencia de los Departamentos.",Sólo los Vicepresidentes que el Presidente del Gobierno designe de acuerdo con el correspondiente orden de prelación.,"Los Vicepresidentes o Ministros, de acuerdo con el correspondiente orden de prelación, y, en defecto de ellos, por el Presidente del Congreso de los Diputados, según el orden de precedencia de los Departamentos.",G07,7,Temario general,"El poder ejecutivo. El presidente del Gobierno y el Consejo de Ministros. Relaciones entre el Gobierno y las Cortes Generales. Designación, causas de cese y responsabilidad del Gobierno. El Consejo de Estado.",G07,Ley 50/1997,13,Artículos literales,Media,G07,,,No,Teórico,B,B,Válida,01. Información oficial de la oposición\Exámenes oficiales anteriores\2025 Convocatoria 2023 - Examen extraordinario acceso libre.pdf,https://www.seg-social.es/wps/portal/wss/internet/InformacionUtil/9950/88beb45d-ca83-4bab-8162-f94ef2894562,Texto PDF,100,Alta,Regla jurídica determinista,2025_conv2023_extraordinario-T07,1.0
2025_conv2023_extraordinario-T08,2025,2023,2025-01-25,Acceso libre,Primera parte,Extraordinario,Único,Sí,Cuestionario extraordinario sin modelo paralelo.,8,No,"Los Ministros, regulados en el artículo 61 de la Ley 40/2015, de 1 de octubre, de Régimen Jurídico del Sector Público, son órganos superiores de la Administración General del Estado. Señale la respuesta INCORRECTA:",Ejercen la potestad reglamentaria en las materias propias de su Departamento.,"Fijan los objetivos del Minister io, aprueban los planes de actuación del mismo y asignan los recursos necesarios para su ejecución.","Evalúan la realización de los planes de actuación del Ministerio por parte de los órganos superiores y órganos directivos, y ejercen el control de eficacia de la actuación de dichos órganos.",Desempeñan la jefatura superior de todo el personal del Ministerio.,G08,8,Temario general,"La Administración General del Estado. Principios de organización y funcionamiento. Órganos centrales. Órganos superiores y órganos directivos: creación, nombramiento, cese y funciones. Los servicios comunes de los ministerios. Órganos territoriales. La Administración del Estado en el Exterior.",G08,Ley 40/2015,61,Órganos,Alta,G08,,,Sí,Teórico,D,D,Válida,01. Información oficial de la oposición\Exámenes oficiales anteriores\2025 Convocatoria 2023 - Examen extraordinario acceso libre.pdf,https://www.seg-social.es/wps/portal/wss/internet/InformacionUtil/9950/88beb45d-ca83-4bab-8162-f94ef2894562,Texto PDF,100,Alta,Regla jurídica determinista,2025_conv2023_extraordinario-T08,1.0
2025_conv2023_extraordinario-T09,2025,2023,2025-01-25,Acceso libre,Primera parte,Extraordinario,Único,Sí,Cuestionario extraordinario sin modelo paralelo.,9,No,"De acuerdo con lo establecido en el artículo 148 de la Constitución Española, las Comunidades Autónomas podrán asumir competencias en las siguientes materias:","Nacionalidad, inmigración, emigración, extranjería y derecho de asilo.",Fomento y coordinación general de la investigación científica y técnica.,"La pesca en aguas interiores, el marisqueo y la acuicultura, la caza y la pesca fluvial.",Régimen aduanero y arancelario; comercio exterior.,G09,9,Temario general,La organización territorial del Estado. Las Comunidades Autónomas. Los Estatutos de Autonomía. La delimitación de competencias entre el Estado y las Comunidades Autónomas en la Constitución y en los Estatutos de Autonomía. La Administración local: El municipio. La provincia.,G09,Constitución Española,148,Competencias,Media,G09,,,No,Teórico,C,C,Válida,01. Información oficial de la oposición\Exámenes oficiales anteriores\2025 Convocatoria 2023 - Examen extraordinario acceso libre.pdf,https://www.seg-social.es/wps/portal/wss/internet/InformacionUtil/9950/88beb45d-ca83-4bab-8162-f94ef2894562,Texto PDF,100,Alta,Regla jurídica determinista,2025_conv2023_extraordinario-T09,1.0
2025_conv2023_extraordinario-T10,2025,2023,2025-01-25,Acceso libre,Primera parte,Extraordinario,Único,Sí,Cuestionario extraordinario sin modelo paralelo.,10,No,"De acuerdo con el artículo 14, apartado 2, del Tratado de la Unión Europea, los Estados miembro tendrán, en el Parlamento Europeo:",Un mínimo de 6 y un máximo de 96 representantes.,Un mínimo de 10 y un máximo de 80 representantes.,Un mínimo de 10 y un máximo de 86 representantes.,"Como máximo 96 representantes, sin mínimo.",G10,10,Temario general,"Las Instituciones de la Unión Europea: El Consejo, el Parlamento Europeo, la Comisión, el Tribunal de Justicia.",G10,Tratado de la Unión Europea,14,Artículos literales,Media,G10,Parlamento Europeo,,No,Teórico,A,A,Válida,01. Información oficial de la oposición\Exámenes oficiales anteriores\2025 Convocatoria 2023 - Examen extraordinario acceso libre.pdf,https://www.seg-social.es/wps/portal/wss/internet/InformacionUtil/9950/88beb45d-ca83-4bab-8162-f94ef2894562,Texto PDF,100,Alta,Regla jurídica determinista,2025_conv2023_extraordinario-T10,1.0
2025_conv2023_extraordinario-T11,2025,2023,2025-01-25,Acceso libre,Primera parte,Extraordinario,Único,Sí,Cuestionario extraordinario sin modelo paralelo.,11,No,"El Acta Única Europea (AUE), que comenzó a aplicarse a partir del 1 de julio de 1987 ¿Qué tipo de mayoría estableció para las votaciones de los acuerdos de ámbito Político?",Mayoría Simple.,Mayoría Cualificada.,Mayoría absoluta.,Mayoría de 2/5 partes de votos.,G11,11,Temario general,"Las fuentes del derecho de la Unión Europea. Derecho originario. Derecho derivado: Reglamentos, directivas y decisiones. Otras fuentes. Las relaciones entre el Derecho de la Unión Europea y el ordenamiento jurídico de los Estados miembros.",G11,,,Artículos literales,Media,G11,,,No,Teórico,B,B,Válida,01. Información oficial de la oposición\Exámenes oficiales anteriores\2025 Convocatoria 2023 - Examen extraordinario acceso libre.pdf,https://www.seg-social.es/wps/portal/wss/internet/InformacionUtil/9950/88beb45d-ca83-4bab-8162-f94ef2894562,Texto PDF,100,Alta,Regla jurídica determinista,2025_conv2023_extraordinario-T11,1.0
2025_conv2023_extraordinario-T12,2025,2023,2025-01-25,Acceso libre,Primera parte,Extraordinario,Único,Sí,Cuestionario extraordinario sin modelo paralelo.,12,No,"Conforme lo previsto en el Artículo 7 del Real Decreto 501/2024, de 21 de mayo, por el que se desarrolla la estructura orgánica básica del Ministerio de Inclusión, Seguridad Social y Migraciones, y se modifica el Real Decreto 1009/2023, de 5 de diciembre, por el que se establece la estructura orgánica básica de los departamentos ministeriales (BOE del 22 de mayo de 2024), de la Dirección General de Atención Humanitaria y del Sistema de Acogida de Protección Internacional dependen, con el rango que se determ ine en la correspondiente relación de puestos de trabajo o, en su caso, en la normativa de aplicación, los siguientes tipos de centros de migraciones. Señale la respuesta INCORRECTA:",Los Centros de Primeras Llegadas.,Los Centros de Estancia Temporal de Inmigrantes.,"Los Centros de Recepción, Atención y Derivación.",Los Centros de Acogida de Protección Autonómica y Local.,G12,12,Temario general,"El Ministerio de Inclusión, Seguridad Social y Migraciones. Organización. Estructura y funciones.",G12,Real Decreto 501/2024,7,Artículos literales,Alta,G12,,,Sí,Teórico,D,D,Válida,01. Información oficial de la oposición\Exámenes oficiales anteriores\2025 Convocatoria 2023 - Examen extraordinario acceso libre.pdf,https://www.seg-social.es/wps/portal/wss/internet/InformacionUtil/9950/88beb45d-ca83-4bab-8162-f94ef2894562,Texto PDF,100,Alta,Regla jurídica determinista,2025_conv2023_extraordinario-T12,1.0
2025_conv2023_extraordinario-T13,2025,2023,2025-01-25,Acceso libre,Primera parte,Extraordinario,Único,Sí,Cuestionario extraordinario sin modelo paralelo.,13,No,"Señale la afirmación correcta sobre la entrada en vigor de las leyes, de acuerdo con lo establecido en el artículo 2 del Código Civil:","Las leyes entrarán en vigor a los treinta días de su completa publicación en el Boletín Oficial del Estado, si en ellas no se dispone otra cosa.","Las leyes entrarán en vigor al día siguiente de su publicación en el Boletín Oficial del Estado, si en ellas no se dispone otra cosa.","Las leyes entrarán en vigor a los veinte días de su completa publicación en el Boletín Oficial del Estado, si en ellas no se dispone otra cosa.","En todo caso, las leyes entrarán en vigor a los dos meses de su publicación en el Boletín Oficial del Estado.",G13,13,Temario general,Las fuentes del Derecho Administrativo. Concepto y clases. La jerarquía de las fuentes.,G13,,2,Artículos literales,Media,G13,,,No,Teórico,C,C,Válida,01. Información oficial de la oposición\Exámenes oficiales anteriores\2025 Convocatoria 2023 - Examen extraordinario acceso libre.pdf,https://www.seg-social.es/wps/portal/wss/internet/InformacionUtil/9950/88beb45d-ca83-4bab-8162-f94ef2894562,Texto PDF,100,Alta,Regla jurídica determinista,2025_conv2023_extraordinario-T13,1.0
2025_conv2023_extraordinario-T14,2025,2023,2025-01-25,Acceso libre,Primera parte,Extraordinario,Único,Sí,Cuestionario extraordinario sin modelo paralelo.,14,No,"De conformidad con el artículo 24.1 de la Ley 50/1997, de 27 de noviembre, del Gobierno, señale la respuesta INCORRECTA:","Los reglamentos se ordenarán según la siguiente jerarquía: en primer lugar, las Disposiciones aprobadas por Orden Ministerial, y en segundo lugar las Disposiciones aprobadas por Real Decreto del Presidente del Gobierno o acordado en el Consejo de Ministros.",Los Acuerdos del Consejo de Ministros son las decisiones de dicho órgano colegiado que no deban adoptar la forma de Real Decreto.,Los Reales Decretos del Presidente del Gobierno son las disposiciones y actos cuya adopción venga atribuida al Presidente.,"Los Reales Decretos Legislativos y Reales Decretos -leyes, son las decisiones que aprueban, respectivamente, las normas previstas en los artículos 82 y 86 de la Constitución.",G14,14,Temario general,"La Ley. Tipos de leyes. Disposiciones del Gobierno con fuerza de ley: decreto-ley y decreto legislativo. El Reglamento: concepto, clases y límites. Los principios generales del Derecho.",G14,Ley 50/1997,24.1,Artículos literales,Alta,G14,,,Sí,Teórico,A,A,Válida,01. Información oficial de la oposición\Exámenes oficiales anteriores\2025 Convocatoria 2023 - Examen extraordinario acceso libre.pdf,https://www.seg-social.es/wps/portal/wss/internet/InformacionUtil/9950/88beb45d-ca83-4bab-8162-f94ef2894562,Texto PDF,100,Alta,Regla jurídica determinista,2025_conv2023_extraordinario-T14,1.0
2025_conv2023_extraordinario-T15,2025,2023,2025-01-25,Acceso libre,Primera parte,Extraordinario,Único,Sí,Cuestionario extraordinario sin modelo paralelo.,15,No,"Según lo establecido en el Artículo 108 de Ley 39/2015, de 1 de octubre, del Procedimiento Administrativo Común de las Administraciones Públicas:","Iniciado el procedimiento de revisión de oficio al que se refieren los artículos 106 y 107, el órgano competente para declarar la nulidad o lesividad, podrá suspender la ejecución del acto, cuando ésta pudiera causar perjuicios de imposible o difícil reparación.","Iniciado el procedimiento de revisión de oficio al que se refieren los artículos 106 y 107, el órgano competente para declarar la nulidad o lesividad, podrá suspender la ejecución del acto, cuando ésta pudiera causar perjuicios de cualquier tipo para los administrados.","Iniciado el procedimiento de revisión de oficio al que se refieren los artículos 106 y 107, únicamente el órgano superior jerárquico al competente para declarar la nulidad o lesividad, podrá suspender la ejecución del acto, cuando ésta pudiera causar perjuicios de imposible o difícil reparación.","Antes de iniciarse el procedimiento de revisión de oficio al que se refieren los artículos 106 y 107, el órgano competente para declarar la nulidad o lesividad, podrá suspender la ejecución del acto, cuando ésta pudiera causar perjuicios de imposible o difícil reparación.",G15,15,Temario general,"Los actos administrativos. Concepto y clases. Motivación, forma y eficacia de los actos administrativos. Notificación y publicación. Nulidad y anulabilidad. La revisión de oficio.",G15,Ley 39/2015,108,Procedimientos,Media,G15,,,No,Teórico,A,A,Válida,01. Información oficial de la oposición\Exámenes oficiales anteriores\2025 Convocatoria 2023 - Examen extraordinario acceso libre.pdf,https://www.seg-social.es/wps/portal/wss/internet/InformacionUtil/9950/88beb45d-ca83-4bab-8162-f94ef2894562,Texto PDF,100,Alta,Regla jurídica determinista,2025_conv2023_extraordinario-T15,1.0
2025_conv2023_extraordinario-T16,2025,2023,2025-01-25,Acceso libre,Primera parte,Extraordinario,Único,Sí,Cuestionario extraordinario sin modelo paralelo.,16,No,"De acuerdo con lo fijado en el art. 15, en relación con la lengua de los procedimientos, de la Ley 39/2015, de 1 de octubre, del Procedimiento Administrativo Común de las Administraciones Públicas:","La lengua de los procedimientos tramitados por la Administración General del Estado será el castellano, independientemente del territorio de la Comunidad Autónoma.",Los órganos de la Administración General del Estado con sede en el territorio de una Comunidad Autónoma podrán utilizar también la lengua que sea cooficial en ella.,La lengua del procedimiento en ningún momento puede ser elegida por el interesado .,"Si existen discrepancias en cuanto a la lengua, el procedimiento se tramitará de acuerdo la lengua cooficial del territorio de la Comunidad Autónoma en el que tenga sede la Administración General del Estado.",G16,16,Temario general,El procedimiento administrativo común. La capacidad de obrar y el concepto de interesado. Representación. Identificación y firma de los interesados. Derechos del interesado en el procedimiento administrativo. Obligación de resolver y silencio administrativo. Términos y plazos.,G16,Ley 39/2015,,Procedimientos,Media,G16,,,No,Teórico,B,B,Válida,01. Información oficial de la oposición\Exámenes oficiales anteriores\2025 Convocatoria 2023 - Examen extraordinario acceso libre.pdf,https://www.seg-social.es/wps/portal/wss/internet/InformacionUtil/9950/88beb45d-ca83-4bab-8162-f94ef2894562,Texto PDF,100,Alta,Regla jurídica determinista,2025_conv2023_extraordinario-T16,1.0
2025_conv2023_extraordinario-T17,2025,2023,2025-01-25,Acceso libre,Primera parte,Extraordinario,Único,Sí,Cuestionario extraordinario sin modelo paralelo.,17,No,"Se podrá iniciar el procedimiento administrativo, de acuerdo con lo fijado en la Ley 39/2015, de 1 de octubre, del Procedimiento Administrativo Común de las Administraciones Públicas:","Los procedimientos se iniciarán de oficio por acuerdo del órgano competente, bien por propia iniciativa o como consecuencia de orden superior, a petición razonada de otros órganos o por denuncia.",Los procedimientos administrativos solo pueden iniciarse de oficio.,"Los procedimientos administrativos solo pueden iniciarse a instancia de parte, mediante una solicitud formulada con los arreglos establecidos en la Ley 39/2015.",Ninguna de las respuestas anteriores es correcta.,G17,17,Temario general,"Las fases del procedimiento administrativo: Iniciación, ordenación, instrucción y finalización. La ejecución de los actos y resoluciones administrativas.",G17,Ley 39/2015,,Procedimientos,Media,G17,,,No,Teórico,A,A,Válida,01. Información oficial de la oposición\Exámenes oficiales anteriores\2025 Convocatoria 2023 - Examen extraordinario acceso libre.pdf,https://www.seg-social.es/wps/portal/wss/internet/InformacionUtil/9950/88beb45d-ca83-4bab-8162-f94ef2894562,Texto PDF,100,Alta,Revisión jurídica individual,2025_conv2023_extraordinario-T17,1.0
2025_conv2023_extraordinario-T18,2025,2023,2025-01-25,Acceso libre,Primera parte,Extraordinario,Único,Sí,Cuestionario extraordinario sin modelo paralelo.,18,No,"En relación con el recurso potestativo de reposición de acuerdo con la Ley 39/2015, de 1 de octubre, del Procedimiento Administrativo Común de las Administraciones Públicas:",Los actos administrativos que pongan fin a la vía administrativa podrán ser recurridos potestativamente en reposición ante el mismo órgano que los hubiera dictado o ser impugnados directamente ante el orden jurisdiccional contencioso-administrativo.,"Se podrá interponer recurso contencioso -administrativo, aunque no haya sido resuelto expresamente o se haya producido la desestimación presunta del recurso de reposición interpuesto.","El plazo para la interposición del recurso de reposición será de tres meses, si el acto fuera expreso",El plazo máximo para dictar y notificar la resolución del recurso será de tres meses.,G18,18,Temario general,Los recursos administrativos: concepto y clases. Recurso de alzada. Recurso potestativo de reposición. Recurso extraordinario de revisión. La jurisdicción contencioso-administrativa: objeto y plazos de interposición del recurso contencioso administrativo.,G18,Ley 39/2015,,Procedimientos,Media,G18,,,No,Teórico,A,A,Válida,01. Información oficial de la oposición\Exámenes oficiales anteriores\2025 Convocatoria 2023 - Examen extraordinario acceso libre.pdf,https://www.seg-social.es/wps/portal/wss/internet/InformacionUtil/9950/88beb45d-ca83-4bab-8162-f94ef2894562,Texto PDF,100,Alta,Regla jurídica determinista,2025_conv2023_extraordinario-T18,1.0
2025_conv2023_extraordinario-T19,2025,2023,2025-01-25,Acceso libre,Primera parte,Extraordinario,Único,Sí,Cuestionario extraordinario sin modelo paralelo.,19,No,"Respecto a la renuncia voluntaria a la condición de funcionario recogida en el art. 64 del Real Decreto Legislativo 5/2015, de 30 de octubre, por el que se aprueba el texto refundido de la Ley del Estatuto Básico del Empleado Público:","Habrá de ser manifestada por escrito y será aceptada expresamente por la Administración, salvo cuando el funcionario esté sujeto a expediente disciplinario o haya sido dictado en su contra auto de procesamiento o de apertura de juicio oral por la comisión de algún delito.",La renuncia a la condición de funcionario inhabilita para ingresar de nuevo en la Administración Pública a través del procedimiento de selección establecido.,"Habrá de ser manifestada por escrito y será aceptada expresamente por la Administración, salvo cuando el funcionario esté sujeto a expediente disciplinario o haya sido dictad a en su contra sentencia firme o de apertura de juicio oral por la comisión de alguna falta.","Habrá de ser manifestada por cualquier medio, oral o escrito, y será aceptada expresamente por la Administración o por silencio administrativo transcurrido el plazo de un mes desde su solicitud sin haber obtenido respuesta, salvo cuando el funcionario esté sujeto a expediente disciplinario o haya sido dictado en su contra auto de procesamiento o de apertura de juicio oral por la comisión de algún delito o falta.",G19,19,Temario general,"El personal al servicio de las Administraciones Públicas: concepto y clases. Derechos y deberes de los funcionarios. La carrera administrativa. Las incompatibilidades. Régimen disciplinario: faltas, sanciones y procedimiento.",G19,Real Decreto Legislativo 5/2015,,Artículos literales,Media,G19,,,No,Teórico,A,A,Válida,01. Información oficial de la oposición\Exámenes oficiales anteriores\2025 Convocatoria 2023 - Examen extraordinario acceso libre.pdf,https://www.seg-social.es/wps/portal/wss/internet/InformacionUtil/9950/88beb45d-ca83-4bab-8162-f94ef2894562,Texto PDF,100,Alta,Regla jurídica determinista,2025_conv2023_extraordinario-T19,1.0
2025_conv2023_extraordinario-T20,2025,2023,2025-01-25,Acceso libre,Primera parte,Extraordinario,Único,Sí,Cuestionario extraordinario sin modelo paralelo.,20,No,"Según el artículo 7 de la Ley Orgánica 4/2001, de 12 de noviembre, reguladora del Derecho de Petición, si el escrito de petición no reuniera los requisitos establecidos, o no reflejara los datos necesarios con la suficiente claridad, se requerirá al peticionario para que subsane los defectos advertidos en el plazo de:",30 días.,10 días.,15 días.,20 días.,G20,20,Temario general,Atención al público. Atención de personas con discapacidad. Los servicios de información administrativa. Información general y particular al ciudadano. Iniciativas. Reclamaciones. Quejas. Peticiones.,G20,Ley Orgánica 4/2001,7,Plazos,Media,G20,,,No,Teórico,C,C,Válida,01. Información oficial de la oposición\Exámenes oficiales anteriores\2025 Convocatoria 2023 - Examen extraordinario acceso libre.pdf,https://www.seg-social.es/wps/portal/wss/internet/InformacionUtil/9950/88beb45d-ca83-4bab-8162-f94ef2894562,Texto PDF,100,Alta,Regla jurídica determinista,2025_conv2023_extraordinario-T20,1.0
2025_conv2023_extraordinario-T21,2025,2023,2025-01-25,Acceso libre,Primera parte,Extraordinario,Único,Sí,Cuestionario extraordinario sin modelo paralelo.,21,No,"Según el artículo 87 del Real Decreto Legislativo 1/2013, de 29 de noviembre, por el que se aprueba el Texto Refundido de la Ley General de derechos de las personas con discapacidad y de su inclusión social, las sanciones impuestas en materia de igualdad de oportunidades, no discriminación y accesibilidad universal de las personas con discapacidad prescribirán:",A los 4 años si se trata de sanciones muy graves.,A los 3 años si se trata de sanciones graves.,A los 6 meses si se trata de sanciones leves.,A los 5 años si se trata de sanciones muy graves.,G21,21,Temario general,"Políticas de igualdad y contra la violencia de género. Discapacidad y dependencia: régimen jurídico. La Ley 4/2023, de 28 de febrero, para la igualdad real y efectiva de las personas trans y para la garantía de los derechos de las personas LGTBI.",G21,Real Decreto Legislativo 1/2013,87,Artículos literales,Alta,G21,,,No,Teórico,D,D,Válida,01. Información oficial de la oposición\Exámenes oficiales anteriores\2025 Convocatoria 2023 - Examen extraordinario acceso libre.pdf,https://www.seg-social.es/wps/portal/wss/internet/InformacionUtil/9950/88beb45d-ca83-4bab-8162-f94ef2894562,Texto PDF,100,Alta,Regla jurídica determinista,2025_conv2023_extraordinario-T21,1.0
2025_conv2023_extraordinario-T22,2025,2023,2025-01-25,Acceso libre,Primera parte,Extraordinario,Único,Sí,Cuestionario extraordinario sin modelo paralelo.,22,No,"De acuerdo con lo dispuesto en el art. 44 de la Ley Orgánica 3/2018, de 5 de diciembre, de Protección de Datos Personales y garantías de los derechos digitales, señale la afirmación correcta en relación con la Agencia Española de Protección de Datos:","Es una autoridad administrativa independiente de ámbito estatal, que se relaciona con el Gobierno a través del Ministerio de la Presidencia, Justicia y Relaciones con las Cortes.","Es un organismo independiente de ámbito europeo, que actúa bajo la supervisión y dirección del Comité Europeo de Protección de Datos (CEPD).","Es una autoridad administrativa independiente de ámbito estatal, que se relaciona con el Gobierno a través del Ministerio para la Transformación Digital y de la Función Pública.","Es una autoridad administrativa dependiente de ámbito estatal, que actúa bajo la supervisión y dirección del Consejo General del Poder Judicial.",G22,22,Temario general,"Normativa reguladora de la protección de datos personales: principios, derechos de las personas y ejercicios de los derechos.",G22,Ley Orgánica 3/2018,,Artículos literales,Media,G22,,,No,Teórico,A,A,Válida,01. Información oficial de la oposición\Exámenes oficiales anteriores\2025 Convocatoria 2023 - Examen extraordinario acceso libre.pdf,https://www.seg-social.es/wps/portal/wss/internet/InformacionUtil/9950/88beb45d-ca83-4bab-8162-f94ef2894562,Texto PDF,100,Alta,Regla jurídica determinista,2025_conv2023_extraordinario-T22,1.0
2025_conv2023_extraordinario-T23,2025,2023,2025-01-25,Acceso libre,Primera parte,Extraordinario,Único,Sí,Cuestionario extraordinario sin modelo paralelo.,23,No,"Conforme al art. 14, apartado 1 del Real Decreto 203/2021, ¿qué plazo tiene el interesado para subsanar la falta de utilización de medios electrónicos cuando está obligado a ello?",10 días.,5 días.,30 días.,20 días.,G23,23,Temario general,"El funcionamiento electrónico del sector público. Derecho y obligación de relacionarse electrónicamente con las Administraciones Públicas, registros y archivo electrónico.",G23,Real Decreto 203/2021,,Plazos,Media,G23,,,No,Teórico,A,A,Válida,01. Información oficial de la oposición\Exámenes oficiales anteriores\2025 Convocatoria 2023 - Examen extraordinario acceso libre.pdf,https://www.seg-social.es/wps/portal/wss/internet/InformacionUtil/9950/88beb45d-ca83-4bab-8162-f94ef2894562,Texto PDF,100,Alta,Regla jurídica determinista,2025_conv2023_extraordinario-T23,1.0
2025_conv2023_extraordinario-T24,2025,2023,2025-01-25,Acceso libre,Primera parte,Extraordinario,Único,Sí,Cuestionario extraordinario sin modelo paralelo.,24,No,"Según el artículo 8 del Texto Refundido de la Ley General de la Seguridad Social, las personas comprendidas en el campo de aplicación del sistema de la Seguridad Social:","No podrán estar incluidas por el mismo trabajo, con carácter voluntario, en otros regímenes de previsión distintos de los que integran dicho sistema.","No podrán estar incluidas por el mismo trabajo, con carácter obligatorio, en otros regímenes de previsión distintos de los que integran dicho sistema.","Podrán estar incluidas por el mismo trabajo, con carácter obligatorio, en otros regímenes de previsión distintos de los que integran dicho sistema.","Podrán estar incluidas por el mismo trabajo, con carácter voluntario, en otros regímenes de previsión distintos de los que integran dicho sistema.",S02,2,Temario específico Seguridad Social,"Campo de aplicación y composición del sistema de la Seguridad Social. Régimen general: ámbito subjetivo de aplicación, inclusiones y exclusiones. Regímenes especiales: enumeración, características generales, altas, bajas y cotización. Particularidades de la acción protectora. Sistemas especiales: enumeración y características generales. Altas, bajas y cotización. Particularidades de la acción protectora.",S02,Texto Refundido de la Ley General de la Seguridad Social,8,Artículos literales,Media,S02,,,No,Teórico,B,B,Válida,01. Información oficial de la oposición\Exámenes oficiales anteriores\2025 Convocatoria 2023 - Examen extraordinario acceso libre.pdf,https://www.seg-social.es/wps/portal/wss/internet/InformacionUtil/9950/88beb45d-ca83-4bab-8162-f94ef2894562,Texto PDF,100,Alta,Regla jurídica determinista,2025_conv2023_extraordinario-T24,1.0
2025_conv2023_extraordinario-T25,2025,2023,2025-01-25,Acceso libre,Primera parte,Extraordinario,Único,Sí,Cuestionario extraordinario sin modelo paralelo.,25,No,"Según el artículo 136.2. del Texto Refundido de la Ley General de la Seguridad Social, están expresamente incluidos en el Régimen General, entre otros, algunos de los siguientes trabajadores:",Los laicos o seglares que presten servicios retribuidos en los establecimientos o dependencias de las entidades o instituciones eclesiásticas.,Las personas que presten servicios no retribuidos en entidades o instituciones de carácter benéfico - social.,Los conductores de vehículos de turismo al servicio de empresas.,"Los funcionarios del Estado transferidos a las comunidades autónomas que hayan ingresado o ingresen obligatoriamente en cuerpos o escalas propios de la comunidad autónoma de destino, cualquiera que sea el sistema de acceso.",S02,2,Temario específico Seguridad Social,"Campo de aplicación y composición del sistema de la Seguridad Social. Régimen general: ámbito subjetivo de aplicación, inclusiones y exclusiones. Regímenes especiales: enumeración, características generales, altas, bajas y cotización. Particularidades de la acción protectora. Sistemas especiales: enumeración y características generales. Altas, bajas y cotización. Particularidades de la acción protectora.",S02,Texto Refundido de la Ley General de la Seguridad Social,136.2,Artículos literales,Media,S02,,,No,Teórico,A,A,Válida,01. Información oficial de la oposición\Exámenes oficiales anteriores\2025 Convocatoria 2023 - Examen extraordinario acceso libre.pdf,https://www.seg-social.es/wps/portal/wss/internet/InformacionUtil/9950/88beb45d-ca83-4bab-8162-f94ef2894562,Texto PDF,100,Alta,Regla jurídica determinista,2025_conv2023_extraordinario-T25,1.0
2025_conv2023_extraordinario-T26,2025,2023,2025-01-25,Acceso libre,Primera parte,Extraordinario,Único,Sí,Cuestionario extraordinario sin modelo paralelo.,26,No,"De acuerdo con el artículo 255.3 del Texto Refundido de la Ley General de la Seguridad Social, durante los períodos de inactividad, el tipo de cotización del sistema especial para trabajadores por cuenta ajena agrario es:","El tipo de cotización aplicable será el 12,50 por ciento.","El tipo de cotización aplicable será el 11,50 por ciento.","El tipo de cotización aplicable será el 7,50 por ciento.","El tipo de cotización aplicable será el 10,50 por ciento.",S04,4,Temario específico Seguridad Social,La cotización a la Seguridad Social: normas comunes del sistema. La liquidación de cuotas. El régimen general de la Seguridad Social. Supuestos especiales. Bases y tipos de cotización. Liquidación de otras deudas.,S04,Texto Refundido de la Ley General de la Seguridad Social,255.3,Cotización,Media,S04,,,No,Teórico,B,B,Válida,01. Información oficial de la oposición\Exámenes oficiales anteriores\2025 Convocatoria 2023 - Examen extraordinario acceso libre.pdf,https://www.seg-social.es/wps/portal/wss/internet/InformacionUtil/9950/88beb45d-ca83-4bab-8162-f94ef2894562,Texto PDF,100,Alta,Regla jurídica determinista,2025_conv2023_extraordinario-T26,1.0
2025_conv2023_extraordinario-T27,2025,2023,2025-01-25,Acceso libre,Primera parte,Extraordinario,Único,Sí,Cuestionario extraordinario sin modelo paralelo.,27,No,"Conforme a lo establecido en el artículo 24 del Reglamento General sobre inscripción de empresas y afiliación, alta, bajas y variaciones de datos de trabajadores en la Seguridad Social, la solicitud de afiliación a la Seguridad Social:",Implicará la de alta inicial en el Régimen de la misma que corresponda .,No implicará la del alta inicial en el Régimen de la misma que corresponda.,"No implicará la del alta inicial en el Régimen de la misma que corresponda, salvo que se inste a la misma en la propia solicitud.",Implicará la de alta en el sistema que corresponda únicamente cuando se solicite por el trabajador.,S03,3,Temario específico Seguridad Social,Normas sobre afiliación. Altas y bajas en el régimen general. Procedimiento y efectos. El convenio especial y otras situaciones asimiladas a la del alta. Encuadramiento e inscripción.,afiliación,,24,Procedimientos,Media,afiliación,,,No,Teórico,A,A,Válida,01. Información oficial de la oposición\Exámenes oficiales anteriores\2025 Convocatoria 2023 - Examen extraordinario acceso libre.pdf,https://www.seg-social.es/wps/portal/wss/internet/InformacionUtil/9950/88beb45d-ca83-4bab-8162-f94ef2894562,Texto PDF,100,Alta,Regla jurídica determinista,2025_conv2023_extraordinario-T27,1.0
2025_conv2023_extraordinario-T28,2025,2023,2025-01-25,Acceso libre,Primera parte,Extraordinario,Único,Sí,Cuestionario extraordinario sin modelo paralelo.,28,No,"De acuerdo con lo establecido en el artículo 139 del Real Decreto Legislativo 8/2015, de 30 de octubre ¿a quién le corresponderá el reconocimiento al alta y a la baja en el Régimen General?:",Al organismo competente de la Administración de la Seguridad Social y los empresarios.,"Al empresario y, en su caso los trabajadores.",Al organismo competente de la Administración de la Seguridad Social que reglamentariamente se establezca.,"Al organismo competente de la Administración de la Seguridad Social, los empresarios y, en su caso, los trabajadores.",S03,3,Temario específico Seguridad Social,Normas sobre afiliación. Altas y bajas en el régimen general. Procedimiento y efectos. El convenio especial y otras situaciones asimiladas a la del alta. Encuadramiento e inscripción.,alta,Real Decreto Legislativo 8/2015,139,"Afiliación, altas y bajas",Media,alta,,,No,Teórico,C,C,Válida,01. Información oficial de la oposición\Exámenes oficiales anteriores\2025 Convocatoria 2023 - Examen extraordinario acceso libre.pdf,https://www.seg-social.es/wps/portal/wss/internet/InformacionUtil/9950/88beb45d-ca83-4bab-8162-f94ef2894562,Texto PDF,100,Alta,Revisión jurídica individual,2025_conv2023_extraordinario-T28,1.0
2025_conv2023_extraordinario-T29,2025,2023,2025-01-25,Acceso libre,Primera parte,Extraordinario,Único,Sí,Cuestionario extraordinario sin modelo paralelo.,29,No,¿En qué situación se encuentra el trabajador en caso de huelga o cierre patronal de acuerdo con el artículo 166 del texto Refundido de la Ley General de la Seguridad Social?:,Situación de alta de pleno derecho.,En situación de baja.,En situación de no alta.,En situación de alta especial.,S03,3,Temario específico Seguridad Social,Normas sobre afiliación. Altas y bajas en el régimen general. Procedimiento y efectos. El convenio especial y otras situaciones asimiladas a la del alta. Encuadramiento e inscripción.,S03,texto Refundido de la Ley General de la Seguridad Social,166,"Afiliación, altas y bajas",Media,S03,,,No,Teórico,D,D,Válida,01. Información oficial de la oposición\Exámenes oficiales anteriores\2025 Convocatoria 2023 - Examen extraordinario acceso libre.pdf,https://www.seg-social.es/wps/portal/wss/internet/InformacionUtil/9950/88beb45d-ca83-4bab-8162-f94ef2894562,Texto PDF,100,Alta,Revisión jurídica individual,2025_conv2023_extraordinario-T29,1.0
2025_conv2023_extraordinario-T30,2025,2023,2025-01-25,Acceso libre,Primera parte,Extraordinario,Único,Sí,Cuestionario extraordinario sin modelo paralelo.,30,No,"De acuerdo con el artículo 25 del Reglamento General sobre inscripción de empresas y afiliación, altas, bajas y variaciones de datos de trabajadores en la Seguridad social, ¿quién dará cuenta a la Inspección de Trabajo y Seguridad Social de las solicitudes efectuadas por los trabajadores por cuenta ajena o asimilados por el incumplimiento de las obligaciones por par te del empresario?:",La Entidades Gestoras.,Los trabajadores por cuenta ajena o asimilados que efectuaran la solicitud.,La Dirección Provincial de la Tesorería General de la Seguridad Social.,Los empresarios que incumplieran sus obligaciones.,S03,3,Temario específico Seguridad Social,Normas sobre afiliación. Altas y bajas en el régimen general. Procedimiento y efectos. El convenio especial y otras situaciones asimiladas a la del alta. Encuadramiento e inscripción.,afiliación,,25,Procedimientos,Alta,afiliación,Inspección de Trabajo y Seguridad Social,,No,Teórico,C,C,Válida,01. Información oficial de la oposición\Exámenes oficiales anteriores\2025 Convocatoria 2023 - Examen extraordinario acceso libre.pdf,https://www.seg-social.es/wps/portal/wss/internet/InformacionUtil/9950/88beb45d-ca83-4bab-8162-f94ef2894562,Texto PDF,100,Alta,Regla jurídica determinista,2025_conv2023_extraordinario-T30,1.0
2025_conv2023_extraordinario-T31,2025,2023,2025-01-25,Acceso libre,Primera parte,Extraordinario,Único,Sí,Cuestionario extraordinario sin modelo paralelo.,31,No,"De acuerdo con el art. 202 del Texto refundido de la Ley de la Seguridad Social, para ser beneficiario de las lesiones permanentes no invalidantes (indemnizaciones por baremo) es necesario:",Encontrarse en situación de baja médica.,Haber sido dado de alta médica.,tener reconocida una incapacidad permanente total.,tener reconocida una incapacidad permanente absoluta.,S08,8,Temario específico Seguridad Social,"Incapacidad temporal: concepto y causas que motivan esta situación. Beneficiarios. Prestación económica: determinación y cuantía. Nacimiento, duración y extinción del derecho al subsidio. Reconocimiento y pago. Control de la incapacidad. Incapacidad permanente contributiva: concepto. Grados de incapacidad. Prestaciones. Determinación y cuantía. Beneficiarios. Nacimiento, duración y extinción del derecho. Lesiones permanentes no incapacitantes. La calificación y revisión de la incapacidad permanente.",S08,,,Personas beneficiarias,Media,S08,,,No,Teórico,B,B,Válida,01. Información oficial de la oposición\Exámenes oficiales anteriores\2025 Convocatoria 2023 - Examen extraordinario acceso libre.pdf,https://www.seg-social.es/wps/portal/wss/internet/InformacionUtil/9950/88beb45d-ca83-4bab-8162-f94ef2894562,Texto PDF,100,Alta,Regla jurídica determinista,2025_conv2023_extraordinario-T31,1.0
2025_conv2023_extraordinario-T32,2025,2023,2025-01-25,Acceso libre,Primera parte,Extraordinario,Único,Sí,Cuestionario extraordinario sin modelo paralelo.,32,No,"De acuerdo con el art. 196 del Texto Refundido de la Ley General de la Seguridad Social, la prestación económica correspondiente a la incapacidad permanente parcial consiste en:","en una pensión vitalicia, que podrá excepcionalmente ser sustituida por una indemnización a tanto alzado cuando el beneficiario fuese menor de sesenta años.",en una pensión vitalicia.,una cantidad a tanto alzado.,una indemnización por baremo.,S08,8,Temario específico Seguridad Social,"Incapacidad temporal: concepto y causas que motivan esta situación. Beneficiarios. Prestación económica: determinación y cuantía. Nacimiento, duración y extinción del derecho al subsidio. Reconocimiento y pago. Control de la incapacidad. Incapacidad permanente contributiva: concepto. Grados de incapacidad. Prestaciones. Determinación y cuantía. Beneficiarios. Nacimiento, duración y extinción del derecho. Lesiones permanentes no incapacitantes. La calificación y revisión de la incapacidad permanente.",incapacidad permanente,Texto Refundido de la Ley General de la Seguridad Social,,Incapacidad,Media,incapacidad permanente,,,No,Teórico,C,C,Válida,01. Información oficial de la oposición\Exámenes oficiales anteriores\2025 Convocatoria 2023 - Examen extraordinario acceso libre.pdf,https://www.seg-social.es/wps/portal/wss/internet/InformacionUtil/9950/88beb45d-ca83-4bab-8162-f94ef2894562,Texto PDF,100,Alta,Regla jurídica determinista,2025_conv2023_extraordinario-T32,1.0
2025_conv2023_extraordinario-T33,2025,2023,2025-01-25,Acceso libre,Primera parte,Extraordinario,Único,Sí,Cuestionario extraordinario sin modelo paralelo.,33,No,"Según recoge el art. 174 del Texto Refundido de la Ley General de la Seguridad Social, el derecho al subsidio por Incapacidad temporal se extingue:",por el transcurso del plazo máximo de trescientos sesenta y cinco días naturales desde la baja médica.,por el transcurso del plazo máximo de quinientos cuarenta y cinco días naturales desde la baja médica.,por el transcurso del plazo de trescientos sesenta días desde el alta médica.,por el transcurso del plazo máximo de ciento ochenta días desde la notificación de la baja médica.,S08,8,Temario específico Seguridad Social,"Incapacidad temporal: concepto y causas que motivan esta situación. Beneficiarios. Prestación económica: determinación y cuantía. Nacimiento, duración y extinción del derecho al subsidio. Reconocimiento y pago. Control de la incapacidad. Incapacidad permanente contributiva: concepto. Grados de incapacidad. Prestaciones. Determinación y cuantía. Beneficiarios. Nacimiento, duración y extinción del derecho. Lesiones permanentes no incapacitantes. La calificación y revisión de la incapacidad permanente.",incapacidad temporal,Texto Refundido de la Ley General de la Seguridad Social,,Causas de extinción,Media,incapacidad temporal,,,No,Teórico,B,B,Válida,01. Información oficial de la oposición\Exámenes oficiales anteriores\2025 Convocatoria 2023 - Examen extraordinario acceso libre.pdf,https://www.seg-social.es/wps/portal/wss/internet/InformacionUtil/9950/88beb45d-ca83-4bab-8162-f94ef2894562,Texto PDF,100,Alta,Regla jurídica determinista,2025_conv2023_extraordinario-T33,1.0
2025_conv2023_extraordinario-T34,2025,2023,2025-01-25,Acceso libre,Primera parte,Extraordinario,Único,Sí,Cuestionario extraordinario sin modelo paralelo.,34,No,"En virtud de lo establecido en el art. 169 del Texto Refundido de la Ley General de la Seguridad Social, se considera que existe recaída en un mismo proceso de incapacidad temporal, salvo en los procesos por bajas médicas por menstruación incapacitante secundaria, cuando:",sea reconocida una incapacidad permanente total derivada de la misma baja médica.,sea reconocida una gran invalidez derivada de la misma baja médica.,"se produzca una nueva baja médica, por distinta patología, en los 365 días naturales siguientes a la fecha de efectos del alta médica anterior.",se produzca una nueva baja médica por la misma o similar patología dentro de los ciento ochenta días naturales siguientes a la fecha de efectos de alta médica anterior.,S08,8,Temario específico Seguridad Social,"Incapacidad temporal: concepto y causas que motivan esta situación. Beneficiarios. Prestación económica: determinación y cuantía. Nacimiento, duración y extinción del derecho al subsidio. Reconocimiento y pago. Control de la incapacidad. Incapacidad permanente contributiva: concepto. Grados de incapacidad. Prestaciones. Determinación y cuantía. Beneficiarios. Nacimiento, duración y extinción del derecho. Lesiones permanentes no incapacitantes. La calificación y revisión de la incapacidad permanente.",incapacidad temporal,Texto Refundido de la Ley General de la Seguridad Social,,Incapacidad,Alta,incapacidad temporal,ISM,,Sí,Teórico,D,D,Válida,01. Información oficial de la oposición\Exámenes oficiales anteriores\2025 Convocatoria 2023 - Examen extraordinario acceso libre.pdf,https://www.seg-social.es/wps/portal/wss/internet/InformacionUtil/9950/88beb45d-ca83-4bab-8162-f94ef2894562,Texto PDF,100,Alta,Regla jurídica determinista,2025_conv2023_extraordinario-T34,1.0
2025_conv2023_extraordinario-T35,2025,2023,2025-01-25,Acceso libre,Primera parte,Extraordinario,Único,Sí,Cuestionario extraordinario sin modelo paralelo.,35,No,"Conforme al art. 184 del Texto Refundido de la Ley General de la Seguridad Social cuando concurran en ambos progenitores, las circunstancias necesarias para tener la condición de beneficiarios de la prestación por ejercicio corresponsable del cuidado del lactante, el derecho a percibirla:",podrá reconocerse a ambos progenitores.,no podrá ser reconocido a ninguno de los progenitores por incompatibilidad.,solo podrá ser reconocido a favor de uno de ellos.,"queda en suspenso hasta que uno de los progenitores deje de cumplir los requisitos para poder acceder a la prestación, reconociéndose entonces al otro progenitor.",S09,9,Temario específico Seguridad Social,Nacimiento y cuidado de menor. Ejercicio corresponsable del cuidado del lactante. Prestación por riesgo durante el embarazo. Prestación por riesgo durante la lactancia natural. Asignación económica por hijo o menor acogido a cargo. Prestación económica por nacimiento o adopción de hijo en supuestos de familias numerosas o monoparentales y en los casos de madres o padres con discapacidad. Prestación por parto o adopción Subsidio por cuidado de menores afectados por cáncer u otra enfermedad grave.,S09,Texto Refundido de la Ley General de la Seguridad Social,,Personas beneficiarias,Media,S09,,,No,Teórico,C,C,Válida,01. Información oficial de la oposición\Exámenes oficiales anteriores\2025 Convocatoria 2023 - Examen extraordinario acceso libre.pdf,https://www.seg-social.es/wps/portal/wss/internet/InformacionUtil/9950/88beb45d-ca83-4bab-8162-f94ef2894562,Texto PDF,100,Alta,Regla jurídica determinista,2025_conv2023_extraordinario-T35,1.0
2025_conv2023_extraordinario-T36,2025,2023,2025-01-25,Acceso libre,Primera parte,Extraordinario,Único,Sí,Cuestionario extraordinario sin modelo paralelo.,36,No,"Conforme al art. 37 del Real Decreto 295/2009, de 6 de marzo, por el que se regulan las prestaciones económicas del sistema de la Seguridad Social por maternidad, paternidad, riesgo durante el embarazo y riesgo durante la lactancia natural, si la trabajadora se encuentra en situación de riesgo durante el embar azo y durante la misma solicita la prestación por incapacidad temporal:",no procederá el reconocimiento de la incapacidad temporal hasta la finalización de la situación de riesgo durante el embarazo.,se extingue la prestación por riesgo durante el embarazo.,se suspende la prestación por riesgo durante el embarazo.,la trabajadora debe optar por una de las dos prestaciones.,S09,9,Temario específico Seguridad Social,Nacimiento y cuidado de menor. Ejercicio corresponsable del cuidado del lactante. Prestación por riesgo durante el embarazo. Prestación por riesgo durante la lactancia natural. Asignación económica por hijo o menor acogido a cargo. Prestación económica por nacimiento o adopción de hijo en supuestos de familias numerosas o monoparentales y en los casos de madres o padres con discapacidad. Prestación por parto o adopción Subsidio por cuidado de menores afectados por cáncer u otra enfermedad grave.,incapacidad temporal,Real Decreto 295/2009,,Prestaciones familiares,Alta,incapacidad temporal,ISM,,No,Teórico,A,A,Válida,01. Información oficial de la oposición\Exámenes oficiales anteriores\2025 Convocatoria 2023 - Examen extraordinario acceso libre.pdf,https://www.seg-social.es/wps/portal/wss/internet/InformacionUtil/9950/88beb45d-ca83-4bab-8162-f94ef2894562,Texto PDF,100,Alta,Revisión jurídica individual,2025_conv2023_extraordinario-T36,1.0
2025_conv2023_extraordinario-T37,2025,2023,2025-01-25,Acceso libre,Primera parte,Extraordinario,Único,Sí,Cuestionario extraordinario sin modelo paralelo.,37,No,"Tal y como recoge el art. 6 del Real Decreto 295/2009, de 6 de marzo, por el que se regulan las prestaciones económicas del sistema de la Seguridad Social por maternidad, paternidad, riesgo durante el embarazo y riesgo durante la lactancia natural, en caso de parto múltiple, señale la respuesta correcta:","se reconoce un subsidio especial por cada hijo, a partir del segundo, igual al que corresponda percibir por el primero, durante el periodo de dieciséis semanas inmediatamente posteriores al parto.","se concede un subsidio especial por cada hijo, a partir del tercero, igual al que corresponda percibir por el primero, durante el periodo de seis meses inmediatamente posteriores al parto.","se reconoce un subsidio especial por cada hijo, a partir del tercero, igual al que corresponda percibir por el primero, durante el periodo de dos semanas inmediatamente posteriores al parto.","se concederá un subsidio especial por cada hijo, a partir del segundo, igual al que corresponda percibir por el primero, durante el periodo de seis semanas inmediatamente posteriores al parto.",S09,9,Temario específico Seguridad Social,Nacimiento y cuidado de menor. Ejercicio corresponsable del cuidado del lactante. Prestación por riesgo durante el embarazo. Prestación por riesgo durante la lactancia natural. Asignación económica por hijo o menor acogido a cargo. Prestación económica por nacimiento o adopción de hijo en supuestos de familias numerosas o monoparentales y en los casos de madres o padres con discapacidad. Prestación por parto o adopción Subsidio por cuidado de menores afectados por cáncer u otra enfermedad grave.,S09,Real Decreto 295/2009,,Prestaciones familiares,Media,S09,,,No,Teórico,D,D,Válida,01. Información oficial de la oposición\Exámenes oficiales anteriores\2025 Convocatoria 2023 - Examen extraordinario acceso libre.pdf,https://www.seg-social.es/wps/portal/wss/internet/InformacionUtil/9950/88beb45d-ca83-4bab-8162-f94ef2894562,Texto PDF,100,Alta,Regla jurídica determinista,2025_conv2023_extraordinario-T37,1.0
2025_conv2023_extraordinario-T38,2025,2023,2025-01-25,Acceso libre,Primera parte,Extraordinario,Único,Sí,Cuestionario extraordinario sin modelo paralelo.,38,No,"De conformidad con lo recogido en el art.12 del Real Decreto 295/2009, de 6 de marzo, por el que se regulan las prestaciones económicas del sistema de la Seguridad Social por maternidad, paternidad, riesgo durante el embarazo y riesgo durante la lactancia natural, las prestaciones económicas por nacimiento y cuidado de menor serán gestionadas:",Por la mutua colaboradora con la con la que tenga concertada la empresa la cobertura de las contingencias profesionales.,"Directamente por el Instituto Nacional de la Seguridad Social, excepto para los trabajadores incluidos en el Régimen Especial de la Seguridad Social de los Trabajadores del Mar, cuya gestión corresponderá al Instituto Social de la Marina.",Por la mutua colaboradora con la con la que tenga concertada la empresa la cobertura de las contingencias comunes,"Por la empresa, en régimen de colaboración obligatoria.",S09,9,Temario específico Seguridad Social,Nacimiento y cuidado de menor. Ejercicio corresponsable del cuidado del lactante. Prestación por riesgo durante el embarazo. Prestación por riesgo durante la lactancia natural. Asignación económica por hijo o menor acogido a cargo. Prestación económica por nacimiento o adopción de hijo en supuestos de familias numerosas o monoparentales y en los casos de madres o padres con discapacidad. Prestación por parto o adopción Subsidio por cuidado de menores afectados por cáncer u otra enfermedad grave.,nacimiento y cuidado de menor,Real Decreto 295/2009,,Prestaciones familiares,Alta,nacimiento y cuidado de menor,,,No,Teórico,B,B,Válida,01. Información oficial de la oposición\Exámenes oficiales anteriores\2025 Convocatoria 2023 - Examen extraordinario acceso libre.pdf,https://www.seg-social.es/wps/portal/wss/internet/InformacionUtil/9950/88beb45d-ca83-4bab-8162-f94ef2894562,Texto PDF,100,Alta,Regla jurídica determinista,2025_conv2023_extraordinario-T38,1.0
2025_conv2023_extraordinario-T39,2025,2023,2025-01-25,Acceso libre,Primera parte,Extraordinario,Único,Sí,Cuestionario extraordinario sin modelo paralelo.,39,No,"La base reguladora de la pensión contributiva de viudedad, de acuerdo al artículo 7.2 del Decreto 1646/1972, señale la respuesta correcta:",Es una cuantía fija establecida anualmente por Real Decreto.,Es la misma si el fallecimiento se ha producido por contingencias comunes o profesionales.,"Derivada de contingencias comunes será el cociente que resulte de dividir por 28 la suma de las bases de cotización del interesado durante un periodo ininterrumpido de 24 meses, elegidos por los beneficiarios dentro de los 15 años inmediatamente anteriores al mes previo al del hecho causante de la pensión.","Derivada de contingencias profesionales será el cociente que resulte de dividir por 28 la suma de las bases de cotización del interesado durante un periodo ininterrumpido de 24 meses, elegidos por los beneficiarios dentro de los 15 años inmediatamente ante riores al mes previo al del hecho causante de la pensión.",S11,11,Temario específico Seguridad Social,"La protección por muerte y supervivencia. Hecho causante. Requisitos para las prestaciones de viudedad, orfandad y en favor de familiares. Cuantía de las prestaciones. Compatibilidad. Suspensión y Extinción. Normas específicas en caso de muerte derivada de accidente de trabajo o enfermedad profesional. Efectividad económica de las prestaciones. El auxilio por defunción.",viudedad,,7.2,Cálculos,Media,viudedad,,,No,Teórico,C,C,Válida,01. Información oficial de la oposición\Exámenes oficiales anteriores\2025 Convocatoria 2023 - Examen extraordinario acceso libre.pdf,https://www.seg-social.es/wps/portal/wss/internet/InformacionUtil/9950/88beb45d-ca83-4bab-8162-f94ef2894562,Texto PDF,100,Alta,Regla jurídica determinista,2025_conv2023_extraordinario-T39,1.0
2025_conv2023_extraordinario-T40,2025,2023,2025-01-25,Acceso libre,Primera parte,Extraordinario,Único,Sí,Cuestionario extraordinario sin modelo paralelo.,40,No,"En relación con la pensión de orfandad, el artículo 224 del Texto Refundido de la Ley General de la Seguridad Social establece que:","La cuantía de esta prestación será el 70 por ciento de su base reguladora, siempre que los rendimientos de la unidad familiar de convivencia, incluidas las personas huérfanas, dividido por el número de miembros que la componen, no superen en cómputo anual el 75 por ciento del Salario Mínimo Interprofesional vigente en cada momento, excluida la parte proporcional de las pagas extraordinarias.","La cuantía de esta prestación será el 70 por ciento de su base reguladora, siempre y en todo caso.","La cuantía de esta prestación será el 50 por ciento de su base reguladora, siempre que los rendimientos de la unidad familiar de convivencia, incluidas las personas huérfanas, dividido por el número de miembros que la componen, no superen en cómputo anual el 75 por ciento del Salario Mínimo Interprofesional vigente en cada momento, excluida la parte proporcional de las pagas extraordinarias.","La cuantía de esta prestación será el 50 por ciento de su base reguladora, siempre y en todo caso.",S11,11,Temario específico Seguridad Social,"La protección por muerte y supervivencia. Hecho causante. Requisitos para las prestaciones de viudedad, orfandad y en favor de familiares. Cuantía de las prestaciones. Compatibilidad. Suspensión y Extinción. Normas específicas en caso de muerte derivada de accidente de trabajo o enfermedad profesional. Efectividad económica de las prestaciones. El auxilio por defunción.",orfandad,Texto Refundido de la Ley General de la Seguridad Social,224,Muerte y supervivencia,Media,orfandad,,,No,Teórico,A,A,Válida,01. Información oficial de la oposición\Exámenes oficiales anteriores\2025 Convocatoria 2023 - Examen extraordinario acceso libre.pdf,https://www.seg-social.es/wps/portal/wss/internet/InformacionUtil/9950/88beb45d-ca83-4bab-8162-f94ef2894562,Texto PDF,100,Alta,Regla jurídica determinista,2025_conv2023_extraordinario-T40,1.0
2025_conv2023_extraordinario-T41,2025,2023,2025-01-25,Acceso libre,Primera parte,Extraordinario,Único,Sí,Cuestionario extraordinario sin modelo paralelo.,41,No,"Según el artículo 31 del Decreto 3158/1966, la pensión vitalicia de viudedad:",La regla general es que el porcentaje a aplicar a la correspondiente base reguladora es del 60%,La regla general es que el porcentaje a aplicar a la correspondiente base reguladora es del 75%.,La regla general es que el porcentaje a aplicar a la correspondiente base reguladora es del 52%.,Ninguna de las respuestas anteriores es correcta.,S11,11,Temario específico Seguridad Social,"La protección por muerte y supervivencia. Hecho causante. Requisitos para las prestaciones de viudedad, orfandad y en favor de familiares. Cuantía de las prestaciones. Compatibilidad. Suspensión y Extinción. Normas específicas en caso de muerte derivada de accidente de trabajo o enfermedad profesional. Efectividad económica de las prestaciones. El auxilio por defunción.",viudedad,,31,Muerte y supervivencia,Media,viudedad,,,No,Teórico,C,C,Válida,01. Información oficial de la oposición\Exámenes oficiales anteriores\2025 Convocatoria 2023 - Examen extraordinario acceso libre.pdf,https://www.seg-social.es/wps/portal/wss/internet/InformacionUtil/9950/88beb45d-ca83-4bab-8162-f94ef2894562,Texto PDF,100,Alta,Regla jurídica determinista,2025_conv2023_extraordinario-T41,1.0
2025_conv2023_extraordinario-T42,2025,2023,2025-01-25,Acceso libre,Primera parte,Extraordinario,Único,Sí,Cuestionario extraordinario sin modelo paralelo.,42,No,"De acuerdo con el artículo 5 de la Ley 19/2021, por la que se establece el Ingreso Mínimo Vital, en relación con los titulares de esta prestación:","Son titulares de esta prestación las personas con capacidad jurídica que la soliciten y la perciban, en nombre propio o en nombre de una unidad de convivencia. En este último caso, cualquier integrante asumirá la representación de la citada unidad.","En caso de no integrarse en una unidad de convivencia, la edad mínima de la persona titular será de 25 años, salvo en algunos supuestos.","En el supuesto de que en una unidad de convivencia existieran varias personas que pudieran ostentar tal condición, será considerada titular la persona a la que se le reconozca la prestación solicitada en nombre de la unidad de convivencia.","En ningún caso, la entidad gestora podrá acordar el pago de la prestación a otro de los miembros de la unidad de convivencia distintos del titular.",S12,12,Temario específico Seguridad Social,"Prestaciones no contributivas y asistenciales. El ingreso mínimo vital: beneficiarios, requisitos y duración. Obligaciones de las personas beneficiarias. Cuantía, pago, reintegro de prestaciones indebidas. Prestaciones familiares múltiples. Prestaciones familiares en la modalidad contributiva. Las pensiones no contributivas: Invalidez no contributiva: Jubilación no contributiva.",ingreso mínimo vital,Ley 19/2021,5,Prestaciones no contributivas,Media,ingreso mínimo vital,,,No,Teórico,C,C,Válida,01. Información oficial de la oposición\Exámenes oficiales anteriores\2025 Convocatoria 2023 - Examen extraordinario acceso libre.pdf,https://www.seg-social.es/wps/portal/wss/internet/InformacionUtil/9950/88beb45d-ca83-4bab-8162-f94ef2894562,Texto PDF,100,Alta,Regla jurídica determinista,2025_conv2023_extraordinario-T42,1.0
2025_conv2023_extraordinario-T43,2025,2023,2025-01-25,Acceso libre,Primera parte,Extraordinario,Único,Sí,Cuestionario extraordinario sin modelo paralelo.,43,No,"Conforme señala el artículo 36 de la Ley 19/2021, por la que se establece el Ingreso Mínimo Vital, las personas titulares del ingreso mínimo vital estarán sujetas durante el tiempo de percepción de la prestación, entre otras, a alguna o algunas de las siguientes obligaciones:",Reintegrar el importe de las prestaciones indebidamente percibidas.,Presentar trimestralmente declaración correspondiente al Impuesto sobre la Renta de las Personas Físicas.,"Comunicar a la entidad gestora, con carácter previo, las salidas al extranjero, tanto del titular como de los miembros de la unidad de convivencia, por un periodo, continuado o no, superior a 30 días naturales durante cada año natural.","Comunicar cualquier cambio de domicilio o de situación en el Padrón municipal que afecte personalmente a dichos titulares o a cualquier otro miembro que forme parte de la unidad de convivencia, en el plazo de 15 días naturales desde que se produzcan.",S12,12,Temario específico Seguridad Social,"Prestaciones no contributivas y asistenciales. El ingreso mínimo vital: beneficiarios, requisitos y duración. Obligaciones de las personas beneficiarias. Cuantía, pago, reintegro de prestaciones indebidas. Prestaciones familiares múltiples. Prestaciones familiares en la modalidad contributiva. Las pensiones no contributivas: Invalidez no contributiva: Jubilación no contributiva.",ingreso mínimo vital,Ley 19/2021,36,Prestaciones no contributivas,Media,ingreso mínimo vital,,,No,Teórico,A,A,Válida,01. Información oficial de la oposición\Exámenes oficiales anteriores\2025 Convocatoria 2023 - Examen extraordinario acceso libre.pdf,https://www.seg-social.es/wps/portal/wss/internet/InformacionUtil/9950/88beb45d-ca83-4bab-8162-f94ef2894562,Texto PDF,100,Alta,Regla jurídica determinista,2025_conv2023_extraordinario-T43,1.0
2025_conv2023_extraordinario-T44,2025,2023,2025-01-25,Acceso libre,Primera parte,Extraordinario,Único,Sí,Cuestionario extraordinario sin modelo paralelo.,44,No,"De acuerdo con el artículo 236 del Texto Refundido de la Ley General de la Seguridad Social, el período computable como cotizado por cuidado de hijos o menores será como máximo de:","180 días por hijo o menor adoptado o acogido, sin que en ningún caso pueda ser superior a la interrupción real de la cotización.","90 días por hijo o menor adoptado o acogido, sin que en ningún caso pueda ser superior a la interrupción real de la cotización.","365 días por hijo o menor adoptado o acogido, sin que en ningún caso pueda ser superior a la interrupción real de la cotización.","270 días por hijo o menor adoptado o acogido, sin que en ningún caso pueda ser superior a la interrupción real de la cotización.",S12,12,Temario específico Seguridad Social,"Prestaciones no contributivas y asistenciales. El ingreso mínimo vital: beneficiarios, requisitos y duración. Obligaciones de las personas beneficiarias. Cuantía, pago, reintegro de prestaciones indebidas. Prestaciones familiares múltiples. Prestaciones familiares en la modalidad contributiva. Las pensiones no contributivas: Invalidez no contributiva: Jubilación no contributiva.",S12,Texto Refundido de la Ley General de la Seguridad Social,236,Prestaciones no contributivas,Media,S12,,,No,Teórico,D,D,Válida,01. Información oficial de la oposición\Exámenes oficiales anteriores\2025 Convocatoria 2023 - Examen extraordinario acceso libre.pdf,https://www.seg-social.es/wps/portal/wss/internet/InformacionUtil/9950/88beb45d-ca83-4bab-8162-f94ef2894562,Texto PDF,100,Alta,Revisión jurídica individual,2025_conv2023_extraordinario-T44,1.0
2025_conv2023_extraordinario-T45,2025,2023,2025-01-25,Acceso libre,Primera parte,Extraordinario,Único,Sí,Cuestionario extraordinario sin modelo paralelo.,45,No,"Según el artículo 365 del Texto Refundido de la Ley General de la Seguridad Social, los efectos económicos del reconocimiento del derecho a las pensiones de invalidez no contributiva se producirán:",A partir del día primero del mes en que se presente la solicitud.,A partir del día primero del mes siguiente a aquel en que se presente la solicitud.,A partir del día quinto del mes siguiente a aquel en que se presente la solicitud.,A partir del día quinto del mes en que se presente la solicitud.,S12,12,Temario específico Seguridad Social,"Prestaciones no contributivas y asistenciales. El ingreso mínimo vital: beneficiarios, requisitos y duración. Obligaciones de las personas beneficiarias. Cuantía, pago, reintegro de prestaciones indebidas. Prestaciones familiares múltiples. Prestaciones familiares en la modalidad contributiva. Las pensiones no contributivas: Invalidez no contributiva: Jubilación no contributiva.",S12,Texto Refundido de la Ley General de la Seguridad Social,365,Prestaciones no contributivas,Media,S12,,,No,Teórico,B,B,Válida,01. Información oficial de la oposición\Exámenes oficiales anteriores\2025 Convocatoria 2023 - Examen extraordinario acceso libre.pdf,https://www.seg-social.es/wps/portal/wss/internet/InformacionUtil/9950/88beb45d-ca83-4bab-8162-f94ef2894562,Texto PDF,100,Alta,Regla jurídica determinista,2025_conv2023_extraordinario-T45,1.0
2025_conv2023_extraordinario-T46,2025,2023,2025-01-25,Acceso libre,Primera parte,Extraordinario,Único,Sí,Cuestionario extraordinario sin modelo paralelo.,46,No,"De acuerdo con lo dispuesto en el artículo 109.3 del Texto Refundido de la Ley General de la Seguridad Social, señale cuál de las siguientes prestaciones de la Seguridad Social tiene naturaleza contributiva:",Las prestaciones familiares reguladas en el capítulo I del título VI.,Los complementos por mínimos de las pensiones de la Seguridad Social.,Todas las prestaciones derivadas de las contingencias de accidentes de trabajo y enfermedades profesionales.,"Las prestaciones y servicios de asistencia sanitaria incluidos en la acción protectora de la Seguridad Social y los correspondientes a los servicios sociales, salvo que se deriven de accidentes de trabajo y enfermedades profesionales.",S13,13,Temario específico Seguridad Social,"Recursos generales del sistema de la Seguridad Social. El patrimonio único de la seguridad social: titularidad, adscripción, administración y custodia. Los negocios jurídicos patrimoniales: adquisición, enajenación, arrendamiento y cesión. El Fondo de Reserva de la Seguridad Social: constitución, dotación y disposición. Gestión de los recursos financieros: atribución de funciones. Pago de prestaciones de la Seguridad Social.",S13,Texto Refundido de la Ley General de la Seguridad Social,109.3,Artículos literales,Media,S13,,,No,Teórico,C,C,Válida,01. Información oficial de la oposición\Exámenes oficiales anteriores\2025 Convocatoria 2023 - Examen extraordinario acceso libre.pdf,https://www.seg-social.es/wps/portal/wss/internet/InformacionUtil/9950/88beb45d-ca83-4bab-8162-f94ef2894562,Texto PDF,100,Alta,Regla jurídica determinista,2025_conv2023_extraordinario-T46,1.0
2025_conv2023_extraordinario-T47,2025,2023,2025-01-25,Acceso libre,Primera parte,Extraordinario,Único,Sí,Cuestionario extraordinario sin modelo paralelo.,47,No,"Según el artículo 104.1 del Texto Refundido de la Ley General de la Seguridad Social, la titularidad del patrimonio único de la Seguridad Social corresponde a:",Al Instituto Nacional de la Seguridad Social.,A la Tesorería General de la Seguridad Social.,A la Dirección General de Ordenación de Pagos de la Seguridad Social.,"Al Ministerio de Inclusión, Seguridad Social y Migraciones.",S13,13,Temario específico Seguridad Social,"Recursos generales del sistema de la Seguridad Social. El patrimonio único de la seguridad social: titularidad, adscripción, administración y custodia. Los negocios jurídicos patrimoniales: adquisición, enajenación, arrendamiento y cesión. El Fondo de Reserva de la Seguridad Social: constitución, dotación y disposición. Gestión de los recursos financieros: atribución de funciones. Pago de prestaciones de la Seguridad Social.",S13,Texto Refundido de la Ley General de la Seguridad Social,104.1,Competencias,Media,S13,,,No,Teórico,B,B,Válida,01. Información oficial de la oposición\Exámenes oficiales anteriores\2025 Convocatoria 2023 - Examen extraordinario acceso libre.pdf,https://www.seg-social.es/wps/portal/wss/internet/InformacionUtil/9950/88beb45d-ca83-4bab-8162-f94ef2894562,Texto PDF,100,Alta,Regla jurídica determinista,2025_conv2023_extraordinario-T47,1.0
2025_conv2023_extraordinario-T48,2025,2023,2025-01-25,Acceso libre,Primera parte,Extraordinario,Único,Sí,Cuestionario extraordinario sin modelo paralelo.,48,No,"Conforme a lo establecido en el artículo 108 del Texto Refundido de la Ley General de la Seguridad Social, los bienes y derechos que integran el patrimonio de la seguridad social:",Están exentos del cumplimiento de obligaciones tributarias y fiscales.,"No son susceptibles de enajenación, cesión o adscripción a otros organismos.",Son inembargables.,Son embargables bajo ciertas condiciones.,S13,13,Temario específico Seguridad Social,"Recursos generales del sistema de la Seguridad Social. El patrimonio único de la seguridad social: titularidad, adscripción, administración y custodia. Los negocios jurídicos patrimoniales: adquisición, enajenación, arrendamiento y cesión. El Fondo de Reserva de la Seguridad Social: constitución, dotación y disposición. Gestión de los recursos financieros: atribución de funciones. Pago de prestaciones de la Seguridad Social.",S13,Texto Refundido de la Ley General de la Seguridad Social,108,Artículos literales,Media,S13,,,No,Teórico,C,C,Válida,01. Información oficial de la oposición\Exámenes oficiales anteriores\2025 Convocatoria 2023 - Examen extraordinario acceso libre.pdf,https://www.seg-social.es/wps/portal/wss/internet/InformacionUtil/9950/88beb45d-ca83-4bab-8162-f94ef2894562,Texto PDF,100,Alta,Regla jurídica determinista,2025_conv2023_extraordinario-T48,1.0
2025_conv2023_extraordinario-T49,2025,2023,2025-01-25,Acceso libre,Primera parte,Extraordinario,Único,Sí,Cuestionario extraordinario sin modelo paralelo.,49,No,Señale la respuesta correcta en relación con el Capítulo I del Texto Refundido de la Ley General de la Seguridad Social:,"El sistema de la Seguridad Social, configurado por la acción protectora en sus modalidades contributiva y no contributiva, se fundamenta en los principios de universalidad, progresividad, subsidiariedad e igualdad.","El Estado, por medio de la Seguridad Social, garantiza a las personas comprendidas en el campo de aplicación de esta, por cumplir los requisitos exigidos en las modalidades contributiva o no contributiva, así como a los familiares o asimilados que tuvieran a su cargo, la protección adecuada frente a las contingencias y en las situaciones que se contemplan en esta ley.","Será anulable todo pacto, individual o colectivo, por el cual el trabajador renuncie a los derechos que le confiere la presente ley.","El derecho de los españoles a la Seguridad Social, establecido en el artículo 39 de la Constitución Española, se ajustará a lo dispuesto en la presente ley.",S01,1,Temario específico Seguridad Social,La Seguridad Social en la Constitución española de 1978. El texto refundido de la Ley General de la Seguridad Social.,S01,Texto Refundido de la Ley General de la Seguridad Social,,Artículos literales,Básica,S01,,,No,Teórico,B,B,Válida,01. Información oficial de la oposición\Exámenes oficiales anteriores\2025 Convocatoria 2023 - Examen extraordinario acceso libre.pdf,https://www.seg-social.es/wps/portal/wss/internet/InformacionUtil/9950/88beb45d-ca83-4bab-8162-f94ef2894562,Texto PDF,100,Alta,Revisión jurídica individual,2025_conv2023_extraordinario-T49,1.0
2025_conv2023_extraordinario-T50,2025,2023,2025-01-25,Acceso libre,Primera parte,Extraordinario,Único,Sí,Cuestionario extraordinario sin modelo paralelo.,50,No,"Según lo dispuesto en el Texto Refundido de la Ley General de la Seguridad Social, el Título VI del mismo regula:",Protección por desempleo.,Protección a la familia.,Protección por cese de actividad.,Prestaciones no contributivas.,S12,12,Temario específico Seguridad Social,"Prestaciones no contributivas y asistenciales. El ingreso mínimo vital: beneficiarios, requisitos y duración. Obligaciones de las personas beneficiarias. Cuantía, pago, reintegro de prestaciones indebidas. Prestaciones familiares múltiples. Prestaciones familiares en la modalidad contributiva. Las pensiones no contributivas: Invalidez no contributiva: Jubilación no contributiva.",S12,Texto Refundido de la Ley General de la Seguridad Social,,Prestaciones no contributivas,Básica,S12,ISM,,No,Teórico,D,D,Válida,01. Información oficial de la oposición\Exámenes oficiales anteriores\2025 Convocatoria 2023 - Examen extraordinario acceso libre.pdf,https://www.seg-social.es/wps/portal/wss/internet/InformacionUtil/9950/88beb45d-ca83-4bab-8162-f94ef2894562,Texto PDF,100,Alta,Revisión jurídica individual,2025_conv2023_extraordinario-T50,1.0
2025_conv2023_extraordinario-T51,2025,2023,2025-01-25,Acceso libre,Primera parte,Extraordinario,Único,Sí,Cuestionario extraordinario sin modelo paralelo.,51,No,¿En qué Título del Texto Refundido de la Ley General de la Seguridad Social se establece el campo de aplicación del Sistema de la Seguridad Social?:,Disposiciones Adicionales.,Título II.,Título I.,Preámbulo.,S02,2,Temario específico Seguridad Social,"Campo de aplicación y composición del sistema de la Seguridad Social. Régimen general: ámbito subjetivo de aplicación, inclusiones y exclusiones. Regímenes especiales: enumeración, características generales, altas, bajas y cotización. Particularidades de la acción protectora. Sistemas especiales: enumeración y características generales. Altas, bajas y cotización. Particularidades de la acción protectora.",S02,Texto Refundido de la Ley General de la Seguridad Social,,Artículos literales,Básica,S02,,,No,Teórico,C,C,Válida,01. Información oficial de la oposición\Exámenes oficiales anteriores\2025 Convocatoria 2023 - Examen extraordinario acceso libre.pdf,https://www.seg-social.es/wps/portal/wss/internet/InformacionUtil/9950/88beb45d-ca83-4bab-8162-f94ef2894562,Texto PDF,100,Alta,Regla jurídica determinista,2025_conv2023_extraordinario-T51,1.0
2025_conv2023_extraordinario-T52,2025,2023,2025-01-25,Acceso libre,Primera parte,Extraordinario,Único,Sí,Cuestionario extraordinario sin modelo paralelo.,52,No,"Dentro de los principios rectores de la política social y económica, el artículo 49 de la Constitución Española, como principio configurador del Sistema de Seguridad Social, establece lo siguiente:",Las personas con discapacidad ejercen los derechos previstos en este Título en condiciones de libertad e igualdad reales y efectivas. Se regulará reglamentariamente la protección especial que sea necesaria para dicho ejercicio.,"Los poderes públicos impulsarán las políticas que garanticen la plena autonomía personal y la inclusión social de las personas con discapacidad, en entornos universalmente accesibles. Asimismo, fomentarán la participación de sus organizaciones, en los términos que la ley establezca.",Se atenderán particularmente las necesidades específicas de las mujeres y los mayores con discapacidad.,"Los poderes públicos realizarán una política de previsión, tratamiento, rehabilitación e integración de los disminuidos físicos, sensoriales y psíquicos a los que prestarán la atención especializada que requieran y los ampararán especialmente para el disfrute de los derechos que este Título otorga a todos los ciudadanos.",S01,1,Temario específico Seguridad Social,La Seguridad Social en la Constitución española de 1978. El texto refundido de la Ley General de la Seguridad Social.,S01,Constitución Española,49,Artículos literales,Media,S01,,,No,Teórico,B,B,Válida,01. Información oficial de la oposición\Exámenes oficiales anteriores\2025 Convocatoria 2023 - Examen extraordinario acceso libre.pdf,https://www.seg-social.es/wps/portal/wss/internet/InformacionUtil/9950/88beb45d-ca83-4bab-8162-f94ef2894562,Texto PDF,100,Alta,Regla jurídica determinista,2025_conv2023_extraordinario-T52,1.0
2025_conv2023_extraordinario-T53,2025,2023,2025-01-25,Acceso libre,Primera parte,Extraordinario,Único,Sí,Cuestionario extraordinario sin modelo paralelo.,53,No,"El Estado tiene competencia exclusiva sobre la Legislación básica y régimen económico de la Seguridad Social, sin perjuicio de la ejecución de sus servicios por las Comunidades Autónomas. Señale cuál es el artículo de la Constitución Española donde se establece este precepto:",148.1. 17ª,149.1 16ª,148.1. 16ª,149.1. 17ª,S01,1,Temario específico Seguridad Social,La Seguridad Social en la Constitución española de 1978. El texto refundido de la Ley General de la Seguridad Social.,S01,Constitución Española,,Competencias,Media,S01,,,No,Teórico,D,D,Válida,01. Información oficial de la oposición\Exámenes oficiales anteriores\2025 Convocatoria 2023 - Examen extraordinario acceso libre.pdf,https://www.seg-social.es/wps/portal/wss/internet/InformacionUtil/9950/88beb45d-ca83-4bab-8162-f94ef2894562,Texto PDF,100,Alta,Revisión jurídica individual,2025_conv2023_extraordinario-T53,1.0
2025_conv2023_extraordinario-T54,2025,2023,2025-01-25,Acceso libre,Primera parte,Extraordinario,Único,Sí,Cuestionario extraordinario sin modelo paralelo.,54,No,El tipo de cotización para contingencias comunes en el Régimen General de la Seguridad Social es:,"el 28,30 %, todo a cargo de la empresa.","el 28,30 %: el 23,60 % a cargo de la empresa y el 4,70 % a cargo del trabajador.","el 29,30 %, el 24,60 % a cargo de la empresa y el 4,70 % a cargo del trabajador.","el 28,80 %: el 24,00 % a cargo de la empresa y el 4,80 % a cargo del trabajador.",S04,4,Temario específico Seguridad Social,La cotización a la Seguridad Social: normas comunes del sistema. La liquidación de cuotas. El régimen general de la Seguridad Social. Supuestos especiales. Bases y tipos de cotización. Liquidación de otras deudas.,S04,,,Cotización,Básica,S04,,,No,Teórico,B,B,Válida,01. Información oficial de la oposición\Exámenes oficiales anteriores\2025 Convocatoria 2023 - Examen extraordinario acceso libre.pdf,https://www.seg-social.es/wps/portal/wss/internet/InformacionUtil/9950/88beb45d-ca83-4bab-8162-f94ef2894562,Texto PDF,100,Alta,Regla jurídica determinista,2025_conv2023_extraordinario-T54,1.0
2025_conv2023_extraordinario-T55,2025,2023,2025-01-25,Acceso libre,Primera parte,Extraordinario,Único,Sí,Cuestionario extraordinario sin modelo paralelo.,55,No,De acuerdo con el artículo 152 del Texto Refundido de la Ley General de la Seguridad Social durante la realización de un trabajo por cuenta ajena compatible con la pensión de jubilación:,Las empresas y las personas trabajadoras quedarán exentas de cotizar por todas las contingencias.,"Las empresas y las personas trabajadoras quedarán exentas de cotizar por contingencias comunes, salvo por incapacidad temporal derivada de dichas contingencias.",Las empresas y las personas trabajadoras cotizarán por todas las contingencias.,"Las empresas y las personas trabajadoras quedarán exentas de cotizar por contingencias comunes, salvo por incapacidad temporal derivada de dichas contingencias. También estarán exentas de las aportaciones por desempleo, Fondo de Garantía Salarial y formación profesional.",S04,4,Temario específico Seguridad Social,La cotización a la Seguridad Social: normas comunes del sistema. La liquidación de cuotas. El régimen general de la Seguridad Social. Supuestos especiales. Bases y tipos de cotización. Liquidación de otras deudas.,jubilación,Texto Refundido de la Ley General de la Seguridad Social,152,Cotización,Media,jubilación,,,No,Teórico,D,D,Válida,01. Información oficial de la oposición\Exámenes oficiales anteriores\2025 Convocatoria 2023 - Examen extraordinario acceso libre.pdf,https://www.seg-social.es/wps/portal/wss/internet/InformacionUtil/9950/88beb45d-ca83-4bab-8162-f94ef2894562,Texto PDF,100,Alta,Revisión jurídica individual,2025_conv2023_extraordinario-T55,1.0
2025_conv2023_extraordinario-T56,2025,2023,2025-01-25,Acceso libre,Primera parte,Extraordinario,Único,Sí,Cuestionario extraordinario sin modelo paralelo.,56,No,"¿En el sistema de liquidación directa, qué plazo tienen los sujetos responsables del cumplimiento de la obligación de cotizar para solicitar a la Tesorería General de la Seguridad Social el cálculo de la liquidación correspondiente a cada trabajador, y tra nsmitir por medios electrónicos los datos que permitan realizar dicho cálculo?",hasta el último día natural del respectivo plazo reglamentario de ingreso.,hasta el penúltimo día natural del respectivo plazo reglamentario de ingreso.,hasta último día natural del mes siguiente a la finalización del plazo reglamentario de ingreso.,hasta el día 15 o hábil posterior del mes siguiente a la finalización del plazo reglamentario de ingreso.,S04,4,Temario específico Seguridad Social,La cotización a la Seguridad Social: normas comunes del sistema. La liquidación de cuotas. El régimen general de la Seguridad Social. Supuestos especiales. Bases y tipos de cotización. Liquidación de otras deudas.,S04,,,Plazos,Alta,S04,Tesorería General de la Seguridad Social,,No,Teórico,B,B,Válida,01. Información oficial de la oposición\Exámenes oficiales anteriores\2025 Convocatoria 2023 - Examen extraordinario acceso libre.pdf,https://www.seg-social.es/wps/portal/wss/internet/InformacionUtil/9950/88beb45d-ca83-4bab-8162-f94ef2894562,Texto PDF,100,Alta,Revisión jurídica individual,2025_conv2023_extraordinario-T56,1.0
2025_conv2023_extraordinario-T57,2025,2023,2025-01-25,Acceso libre,Primera parte,Extraordinario,Único,Sí,Cuestionario extraordinario sin modelo paralelo.,57,No,"Quienes no se hubieran deducido los beneficios en la cotización por causa no imputable a la Administración y se encuentren al corriente de pago, tienen derecho a su reintegro. ¿Qué plazo tienen para solicitarlo para que no se extingan ese derecho?","3 meses, a contar desde la fecha de presentación de la liquidación en que el respectivo beneficio debió descontarse.","6 meses, a contar desde la fecha de presentación de la liquidación en que el respectivo beneficio debió descontarse.","4 años, a contar desde la fecha de presentación de la liquidación en que el respectivo beneficio debió descontarse.",Es un derecho que no prescribe.,S04,4,Temario específico Seguridad Social,La cotización a la Seguridad Social: normas comunes del sistema. La liquidación de cuotas. El régimen general de la Seguridad Social. Supuestos especiales. Bases y tipos de cotización. Liquidación de otras deudas.,S04,,,Plazos,Media,S04,,,No,Teórico,A,A,Válida,01. Información oficial de la oposición\Exámenes oficiales anteriores\2025 Convocatoria 2023 - Examen extraordinario acceso libre.pdf,https://www.seg-social.es/wps/portal/wss/internet/InformacionUtil/9950/88beb45d-ca83-4bab-8162-f94ef2894562,Texto PDF,100,Alta,Regla jurídica determinista,2025_conv2023_extraordinario-T57,1.0
2025_conv2023_extraordinario-T58,2025,2023,2025-01-25,Acceso libre,Primera parte,Extraordinario,Único,Sí,Cuestionario extraordinario sin modelo paralelo.,58,No,"Según el artículo 8 del Real Decreto 1415/2004, por el que se aprueba el Reglamento General de Recaudación de la Seguridad, cuando los plazos reglamentarios para el pago de las deudas con la Seguridad Social se señalen por días naturales o se fijen por me ses o años, si el último día del plazo es inhábil, se entenderá que el plazo finaliza:",El primer día hábil siguiente.,El último día natural del mes siguiente del plazo de que se trate.,El anterior día hábil del plazo de que se trate.,Siempre finaliza el último día independientemente de si es hábil o no.,S05,5,Temario específico Seguridad Social,"La gestión recaudatoria: concepto, competencia y objeto. Responsables del pago. Requisitos para el pago. Medios de pago. Control de recaudación. Revisión de los actos de gestión recaudatoria. La recaudación en periodo voluntario. Efectos de la falta de cotización en período reglamentario. Recaudación de otros recursos. Aplazamientos. Devolución de ingresos indebidos. Capital coste de pensiones.",S05,Real Decreto 1415/2004,8,Plazos,Alta,S05,,,No,Teórico,C,C,Válida,01. Información oficial de la oposición\Exámenes oficiales anteriores\2025 Convocatoria 2023 - Examen extraordinario acceso libre.pdf,https://www.seg-social.es/wps/portal/wss/internet/InformacionUtil/9950/88beb45d-ca83-4bab-8162-f94ef2894562,Texto PDF,100,Alta,Regla jurídica determinista,2025_conv2023_extraordinario-T58,1.0
2025_conv2023_extraordinario-T59,2025,2023,2025-01-25,Acceso libre,Primera parte,Extraordinario,Único,Sí,Cuestionario extraordinario sin modelo paralelo.,59,No,"¿Se pueden ingresar las cuotas correspondientes a las contingencias de accidentes de trabajo y enfermedades profesionales separadas de las cuotas por contingencias comunes y de los conceptos de recaudación conjunta de acuerdo a lo dispuesto en el artículo 19 del Real Decreto 1415/2004, por el que se aprueba el Reglamento General de Recaudación de la Seguridad?",En ningún caso.,Es opcional por parte del sujeto responsable de la obligación de cotizar.,"No, salvo a efectos de efectos del aplazamiento y fraccionamiento del pago y de la compensación.",Siempre han de ingresarse por separado pues está dirigidas a las Entidades Colaboradoras de la Seguridad Social.,S05,5,Temario específico Seguridad Social,"La gestión recaudatoria: concepto, competencia y objeto. Responsables del pago. Requisitos para el pago. Medios de pago. Control de recaudación. Revisión de los actos de gestión recaudatoria. La recaudación en periodo voluntario. Efectos de la falta de cotización en período reglamentario. Recaudación de otros recursos. Aplazamientos. Devolución de ingresos indebidos. Capital coste de pensiones.",S05,Real Decreto 1415/2004,19,Definiciones,Alta,S05,,,No,Teórico,C,C,Válida,01. Información oficial de la oposición\Exámenes oficiales anteriores\2025 Convocatoria 2023 - Examen extraordinario acceso libre.pdf,https://www.seg-social.es/wps/portal/wss/internet/InformacionUtil/9950/88beb45d-ca83-4bab-8162-f94ef2894562,Texto PDF,100,Alta,Regla jurídica determinista,2025_conv2023_extraordinario-T59,1.0
2025_conv2023_extraordinario-T60,2025,2023,2025-01-25,Acceso libre,Primera parte,Extraordinario,Único,Sí,Cuestionario extraordinario sin modelo paralelo.,60,No,"Cuando se devenguen intereses de demora, ¿cuál es el tipo aplicable al principal de las deudas con la Seguridad Social según el artículo 31 del Texto Refundido de la Ley General de la Seguridad Social?",El mismo que esté establecido para el interés legal del dinero en cada momento del periodo de devengo.,"El interés legal del dinero vigente en cada momento del período devengo, incrementado en un 25 %, salvo que la Ley de Presupuestos Generales del Estado establezca uno diferente.","5 % de la deuda, si se abonasen dentro del 1º mes natural siguiente al del vencimiento del plazo para su ingreso.","10 % de la deuda, si se abonasen dentro del 1º mes natural siguiente al del vencimiento del plazo para su ingreso.",S05,5,Temario específico Seguridad Social,"La gestión recaudatoria: concepto, competencia y objeto. Responsables del pago. Requisitos para el pago. Medios de pago. Control de recaudación. Revisión de los actos de gestión recaudatoria. La recaudación en periodo voluntario. Efectos de la falta de cotización en período reglamentario. Recaudación de otros recursos. Aplazamientos. Devolución de ingresos indebidos. Capital coste de pensiones.",S05,Texto Refundido de la Ley General de la Seguridad Social,31,Recaudación,Media,S05,,,No,Teórico,B,B,Válida,01. Información oficial de la oposición\Exámenes oficiales anteriores\2025 Convocatoria 2023 - Examen extraordinario acceso libre.pdf,https://www.seg-social.es/wps/portal/wss/internet/InformacionUtil/9950/88beb45d-ca83-4bab-8162-f94ef2894562,Texto PDF,100,Alta,Regla jurídica determinista,2025_conv2023_extraordinario-T60,1.0
2025_conv2023_extraordinario-T61,2025,2023,2025-01-25,Acceso libre,Primera parte,Extraordinario,Único,Sí,Cuestionario extraordinario sin modelo paralelo.,61,No,"Según el artículo 84 del Reglamento General de Recaudación de la Seguridad Social, aprobado por el Real Decreto 1415/2004, la providencia de apremio tiene la misma fuerza ejecutiva para proceder contra bienes y derechos de los responsables de pago de la deuda que:",Las sentencias judiciales.,Las resoluciones administrativas de la Agencia Estatal de Administración Tributaria.,Los autos judiciales.,Las resoluciones administrativas firmes en vía administrativa.,S06,6,Temario específico Seguridad Social,La recaudación en vía ejecutiva. Normas generales. Iniciación y título ejecutivo. La providencia de apremio. Oposición y efectos. El embargo de bienes. Enajenación de bienes: modalidades. Créditos incobrables. Tercerías.,providencia de apremio,Real Decreto 1415/2004,84,Recaudación ejecutiva,Media,providencia de apremio,ISM,,No,Teórico,A,A,Válida,01. Información oficial de la oposición\Exámenes oficiales anteriores\2025 Convocatoria 2023 - Examen extraordinario acceso libre.pdf,https://www.seg-social.es/wps/portal/wss/internet/InformacionUtil/9950/88beb45d-ca83-4bab-8162-f94ef2894562,Texto PDF,100,Alta,Regla jurídica determinista,2025_conv2023_extraordinario-T61,1.0
2025_conv2023_extraordinario-T62,2025,2023,2025-01-25,Acceso libre,Primera parte,Extraordinario,Único,Sí,Cuestionario extraordinario sin modelo paralelo.,62,No,"Según el artículo 86 del Reglamento General de Recaudación de la Seguridad Social, aprobado por el Real Decreto 1415/2004, contra la providencia de apremio solamente será admisible:",Recurso de alzada y reposición basado en los motivos debidamente justificados que se especifican en el mismo artículo.,Recurso de reposición basado en los motivos debidamente justificado que se especifican en el mismo artículo.,Recurso de alzada basado en los motivos debidamente justificado que se especifican en el mismo artículo.,Recurso de alzada por cualquier motivo.,S06,6,Temario específico Seguridad Social,La recaudación en vía ejecutiva. Normas generales. Iniciación y título ejecutivo. La providencia de apremio. Oposición y efectos. El embargo de bienes. Enajenación de bienes: modalidades. Créditos incobrables. Tercerías.,providencia de apremio,Real Decreto 1415/2004,86,Recaudación ejecutiva,Media,providencia de apremio,,,No,Teórico,C,C,Válida,01. Información oficial de la oposición\Exámenes oficiales anteriores\2025 Convocatoria 2023 - Examen extraordinario acceso libre.pdf,https://www.seg-social.es/wps/portal/wss/internet/InformacionUtil/9950/88beb45d-ca83-4bab-8162-f94ef2894562,Texto PDF,100,Alta,Regla jurídica determinista,2025_conv2023_extraordinario-T62,1.0
2025_conv2023_extraordinario-T63,2025,2023,2025-01-25,Acceso libre,Primera parte,Extraordinario,Único,Sí,Cuestionario extraordinario sin modelo paralelo.,63,No,"El artículo 88 del Reglamento General de Recaudación Seguridad Social, aprobado por el Real Decreto 1415/2004, de 11 de junio, establece que si la deuda estuviera garantizada mediante aval, se instará al garante:",El pago del 50% de la deuda hasta el límite del 50% del importe garantizado.,El pago del 50% de la deuda hasta el límite del importe garantizado.,El pago de la deuda hasta el límite del 50% del importe garantizado.,El pago de la deuda hasta el límite del importe garantizado.,S06,6,Temario específico Seguridad Social,La recaudación en vía ejecutiva. Normas generales. Iniciación y título ejecutivo. La providencia de apremio. Oposición y efectos. El embargo de bienes. Enajenación de bienes: modalidades. Créditos incobrables. Tercerías.,S06,Real Decreto 1415/2004,88,Recaudación ejecutiva,Media,S06,,,No,Teórico,D,D,Válida,01. Información oficial de la oposición\Exámenes oficiales anteriores\2025 Convocatoria 2023 - Examen extraordinario acceso libre.pdf,https://www.seg-social.es/wps/portal/wss/internet/InformacionUtil/9950/88beb45d-ca83-4bab-8162-f94ef2894562,Texto PDF,100,Alta,Regla jurídica determinista,2025_conv2023_extraordinario-T63,1.0
2025_conv2023_extraordinario-T64,2025,2023,2025-01-25,Acceso libre,Primera parte,Extraordinario,Único,Sí,Cuestionario extraordinario sin modelo paralelo.,64,No,"Cuando se embarguen participaciones en sociedades civiles, colectivas, comanditarias, en sociedades de responsabilidad limitada o acciones que no coticen en mercados secundarios oficiales, el artículo 94 del Reglamento General de Recaudación de la Segurida d Social, aprobado por el Real Decreto 1415/2004, establece que se comunicará el embargo a:",Al autorizado RED de la sociedad.,A los socios o participes de la sociedad.,A los administradores de la sociedad.,Al autorizado RED y los socios o participes de la sociedad.,S06,6,Temario específico Seguridad Social,La recaudación en vía ejecutiva. Normas generales. Iniciación y título ejecutivo. La providencia de apremio. Oposición y efectos. El embargo de bienes. Enajenación de bienes: modalidades. Créditos incobrables. Tercerías.,embargo,Real Decreto 1415/2004,94,Recaudación ejecutiva,Alta,embargo,,,No,Teórico,C,C,Válida,01. Información oficial de la oposición\Exámenes oficiales anteriores\2025 Convocatoria 2023 - Examen extraordinario acceso libre.pdf,https://www.seg-social.es/wps/portal/wss/internet/InformacionUtil/9950/88beb45d-ca83-4bab-8162-f94ef2894562,Texto PDF,100,Alta,Regla jurídica determinista,2025_conv2023_extraordinario-T64,1.0
2025_conv2023_extraordinario-T65,2025,2023,2025-01-25,Acceso libre,Primera parte,Extraordinario,Único,Sí,Cuestionario extraordinario sin modelo paralelo.,65,No,"Según lo establecido en el artículo 51 del Texto Refundido de la Ley General de la Seguridad Social, a efectos de prestaciones y de complementos a mínimos para cuya percepción se exija la residencia en territorio español, ¿en qué casos se entenderá que el beneficiario tiene su residencia habitual en España aun cuando haya tenido estancias en el extranjero? Señale la respuesta CORRECTA.","Siempre que estas no superen los noventa días naturales a lo largo de cada año natural, o cuando la ausencia del territorio español esté motivada por causas de enfermedad debidamente justificadas.","Siempre que estas no superen los ciento veinte días naturales a lo largo de cada año natural, o cuando la ausencia del territorio español esté motivada por causas de enfermedad debidamente justificadas.","Siempre que estas no superen los noventa días hábiles a lo largo de cada año natural, o cuando la ausencia del territorio español esté motivada por causas de enfermedad debidamente justificadas.","Siempre que estas no superen los ciento veinte días hábiles a lo largo de cada año natural, o cuando la ausencia del territorio español esté motivada por causas de enfermedad debidamente justificadas.",S07,7,Temario específico Seguridad Social,"Acción protectora. Contenido y clasificación de las prestaciones. Caracteres de las prestaciones. Incompatibilidades. Reintegro de las prestaciones indebidas. Requisitos generales del derecho a las prestaciones. Responsabilidades en orden a las prestaciones por incumplimiento de las obligaciones de afiliación, altas, bajas y cotización. Automaticidad y anticipo de prestaciones. Riesgo protegido: contingencias comunes y profesionales.",S07,Texto Refundido de la Ley General de la Seguridad Social,51,Personas beneficiarias,Alta,S07,,,No,Teórico,A,A,Válida,01. Información oficial de la oposición\Exámenes oficiales anteriores\2025 Convocatoria 2023 - Examen extraordinario acceso libre.pdf,https://www.seg-social.es/wps/portal/wss/internet/InformacionUtil/9950/88beb45d-ca83-4bab-8162-f94ef2894562,Texto PDF,100,Alta,Regla jurídica determinista,2025_conv2023_extraordinario-T65,1.0
2025_conv2023_extraordinario-T66,2025,2023,2025-01-25,Acceso libre,Primera parte,Extraordinario,Único,Sí,Cuestionario extraordinario sin modelo paralelo.,66,No,"Según lo establecido en el artículo 164 del Texto Refundido de la Ley General de la Seguridad Social, con relación al recargo de las prestaciones económicas cuando la lesión se produzca por los motivos listados en el mencionado artículo, señale la respuesta CORRECTA:","Todas las prestaciones económicas que tengan su causa en accidente de trabajo o enfermedad profesional se aumentarán, según la gravedad de la falta, de un 30 a un 50 por ciento.","Exclusivamente las prestaciones de incapacidad temporal e incapacidad permanente que tengan su causa en accidente de trabajo o enfermedad profesional se aumentarán, según la gravedad de las secuelas, de un 30 a un 50 por ciento.","Todas las prestaciones económicas que tengan su causa en accidente de trabajo o enfermedad profesional se aumentarán, según la gravedad de la falta, de un 40 a un 60 por ciento.","Todas las prestaciones económicas que tengan su causa en accidente o enfermedad se aumentarán, según la gravedad de la falta, de un 33 a un 65 por ciento.",S07,7,Temario específico Seguridad Social,"Acción protectora. Contenido y clasificación de las prestaciones. Caracteres de las prestaciones. Incompatibilidades. Reintegro de las prestaciones indebidas. Requisitos generales del derecho a las prestaciones. Responsabilidades en orden a las prestaciones por incumplimiento de las obligaciones de afiliación, altas, bajas y cotización. Automaticidad y anticipo de prestaciones. Riesgo protegido: contingencias comunes y profesionales.",S07,Texto Refundido de la Ley General de la Seguridad Social,164,Artículos literales,Media,S07,,,No,Teórico,A,A,Válida,01. Información oficial de la oposición\Exámenes oficiales anteriores\2025 Convocatoria 2023 - Examen extraordinario acceso libre.pdf,https://www.seg-social.es/wps/portal/wss/internet/InformacionUtil/9950/88beb45d-ca83-4bab-8162-f94ef2894562,Texto PDF,100,Alta,Regla jurídica determinista,2025_conv2023_extraordinario-T66,1.0
2025_conv2023_extraordinario-T67,2025,2023,2025-01-25,Acceso libre,Primera parte,Extraordinario,Único,Sí,Cuestionario extraordinario sin modelo paralelo.,67,No,"Con relación a lo establecido en el artículo 60 del Texto Refundido de la Ley General de la Seguridad Social sobre el complemento de pensiones contributivas para la reducción de la brecha de género, indique la afirmación INCORRECTA:","El complemento será satisfecho en catorce pagas, junto con la pensión que determine el derecho al mismo.",Se tendrá derecho a este complemento en los supuestos de jubilación parcial.,El importe del complemento no será tenido en cuenta en la aplicación del límite máximo de pensiones previsto en los artículos 57 y 58.7 del TRLGSS.,"Los complementos que pudieran ser reconocidos en cualquiera de los regímenes de Seguridad Social serán incompatibles entre sí, siendo abonado en el régimen en el que el causante de la pensión tenga más periodos de alta.",S07,7,Temario específico Seguridad Social,"Acción protectora. Contenido y clasificación de las prestaciones. Caracteres de las prestaciones. Incompatibilidades. Reintegro de las prestaciones indebidas. Requisitos generales del derecho a las prestaciones. Responsabilidades en orden a las prestaciones por incumplimiento de las obligaciones de afiliación, altas, bajas y cotización. Automaticidad y anticipo de prestaciones. Riesgo protegido: contingencias comunes y profesionales.",S07,Texto Refundido de la Ley General de la Seguridad Social,60,Artículos literales,Alta,S07,,,Sí,Teórico,B,B,Válida,01. Información oficial de la oposición\Exámenes oficiales anteriores\2025 Convocatoria 2023 - Examen extraordinario acceso libre.pdf,https://www.seg-social.es/wps/portal/wss/internet/InformacionUtil/9950/88beb45d-ca83-4bab-8162-f94ef2894562,Texto PDF,100,Alta,Regla jurídica determinista,2025_conv2023_extraordinario-T67,1.0
2025_conv2023_extraordinario-T68,2025,2023,2025-01-25,Acceso libre,Primera parte,Extraordinario,Único,Sí,Cuestionario extraordinario sin modelo paralelo.,68,No,"En virtud de lo dispuesto en el artículo 61 del Texto Refundido de la Ley General de la Seguridad Social, relativo a las pensiones extraordinarias originadas por actos de terrorismo:",El importe máximo mensual de las pensiones extraordinarias por actos de terrorismo que se reconozcan y abonen por la Seguridad Social será el equivalente al triple del indicador público de renta de efectos múltiples (IPREM) vigente en cada momento.,El importe mínimo mensual de las pensiones extraordinarias por actos de terrorismo que se reconozcan y abonen por la Seguridad Social será el equivalente al triple del indicador público de renta de efectos múltiples (IPREM) vigente en cada momento.,El importe máximo mensual de las pensiones extraordinarias por actos de terrorismo que se reconozcan y abonen por la Seguridad Social será el equivalente al triple del salario mínimo interprofesional (SMI) vigente en cada momento.,El importe mínimo mensual de las pensiones extraordinarias por actos de terrorismo que se reconozcan y abonen por la Seguridad Social será el equivalente al doble del salario mínimo interprofesional (SMI) vigente en cada momento.,S07,7,Temario específico Seguridad Social,"Acción protectora. Contenido y clasificación de las prestaciones. Caracteres de las prestaciones. Incompatibilidades. Reintegro de las prestaciones indebidas. Requisitos generales del derecho a las prestaciones. Responsabilidades en orden a las prestaciones por incumplimiento de las obligaciones de afiliación, altas, bajas y cotización. Automaticidad y anticipo de prestaciones. Riesgo protegido: contingencias comunes y profesionales.",S07,Texto Refundido de la Ley General de la Seguridad Social,61,Artículos literales,Media,S07,ISM,,No,Teórico,B,B,Válida,01. Información oficial de la oposición\Exámenes oficiales anteriores\2025 Convocatoria 2023 - Examen extraordinario acceso libre.pdf,https://www.seg-social.es/wps/portal/wss/internet/InformacionUtil/9950/88beb45d-ca83-4bab-8162-f94ef2894562,Texto PDF,100,Alta,Regla jurídica determinista,2025_conv2023_extraordinario-T68,1.0
2025_conv2023_extraordinario-T69,2025,2023,2025-01-25,Acceso libre,Primera parte,Extraordinario,Único,Sí,Cuestionario extraordinario sin modelo paralelo.,69,No,"Según el artículo 205.1.a del Texto Refundido de la Ley General de la Seguridad Social, ¿qué edad deberán tener cumplida las personas incluidas en el régimen general para acceder a la jubilación ordinaria?","Haber cumplido sesenta y ocho años de edad, o sesenta y cinco años cuando se acrediten treinta y ocho años y seis meses de cotización, sin que se tenga en cuenta la parte proporcional correspondiente a las pagas extraordinarias.","Haber cumplido sesenta y siete años de edad, o sesenta y cinco años cuando se acrediten treinta y siete años y seis meses de cotización, sin que se tenga en cuenta la parte proporcional correspondiente a las pagas extraordinarias.","Haber cumplido sesenta y ocho años de edad, o sesenta y cinco años cuando se acrediten treinta y seis años y seis meses de cotización, sin que se tenga en cuenta la parte proporcional correspondiente a las pagas extraordinarias.","Haber cumplido sesenta y siete años de edad, o sesenta y cinco años cuando se acrediten treinta y ocho años y seis meses de cotización, sin que se tenga en cuenta la parte proporcional correspondiente a las pagas extraordinarias.",S10,10,Temario específico Seguridad Social,"Jubilación en la modalidad contributiva: concepto. Jubilación ordinaria: requisitos: especial referencia a la edad de jubilación. Determinación de la cuantía de la prestación: base reguladora y porcentaje. Jubilación anticipada, jubilación parcial y jubilación flexible. Compatibilidad de la pensión de jubilación y el trabajo. Suspensión y extinción de la prestación. Especial referencia a la aplicación de la normativa anterior a la Ley 27/2011.",jubilación,Texto Refundido de la Ley General de la Seguridad Social,205.1,Jubilación,Media,jubilación,,,No,Teórico,D,D,Válida,01. Información oficial de la oposición\Exámenes oficiales anteriores\2025 Convocatoria 2023 - Examen extraordinario acceso libre.pdf,https://www.seg-social.es/wps/portal/wss/internet/InformacionUtil/9950/88beb45d-ca83-4bab-8162-f94ef2894562,Texto PDF,100,Alta,Regla jurídica determinista,2025_conv2023_extraordinario-T69,1.0
2025_conv2023_extraordinario-T70,2025,2023,2025-01-25,Acceso libre,Primera parte,Extraordinario,Único,Sí,Cuestionario extraordinario sin modelo paralelo.,70,No,"A tenor de lo dispuesto en el punto 2 del artículo 206 bis del Texto Refundido de la Ley General de la Seguridad Social sobre jubilación anticipada en caso de discapacidad, ¿qué edad se fija como límite mínimo por debajo de la cual no se podrá acceder a la jubilación una vez aplicados los coeficientes reductores de la edad que correspondan?",45 años,52 años.,54 años.,56 años.,S10,10,Temario específico Seguridad Social,"Jubilación en la modalidad contributiva: concepto. Jubilación ordinaria: requisitos: especial referencia a la edad de jubilación. Determinación de la cuantía de la prestación: base reguladora y porcentaje. Jubilación anticipada, jubilación parcial y jubilación flexible. Compatibilidad de la pensión de jubilación y el trabajo. Suspensión y extinción de la prestación. Especial referencia a la aplicación de la normativa anterior a la Ley 27/2011.",jubilación anticipada,Texto Refundido de la Ley General de la Seguridad Social,206,Jubilación,Alta,jubilación anticipada,,,No,Teórico,B,B,Válida,01. Información oficial de la oposición\Exámenes oficiales anteriores\2025 Convocatoria 2023 - Examen extraordinario acceso libre.pdf,https://www.seg-social.es/wps/portal/wss/internet/InformacionUtil/9950/88beb45d-ca83-4bab-8162-f94ef2894562,Texto PDF,100,Alta,Regla jurídica determinista,2025_conv2023_extraordinario-T70,1.0
2025_conv2023_extraordinario-T71,2025,2023,2025-01-25,Acceso libre,Primera parte,Extraordinario,Único,Sí,Cuestionario extraordinario sin modelo paralelo.,71,Sí,"A tenor de lo dispuesto en el punto 2 del artículo 215 del Texto Refundido de la Ley General de la Seguridad Social sobre jubilación parcial y en el artículo 14 del RD 1131/2002, de 31 de octubre, por el que se regula la Seguridad Social de los trabajadores contratados a tiempo parcial, así como la jubilación parcial, indique la respuesta INCORRECTA respecto al régimen de compatibilidad e incompatibilidad de la pensión de jubilación parcial:","La pensión de jubilación parcial es compatible con el trabajo a tiempo parcial en la empresa y, en su caso, con otros trabajos a tiempo parcial anteriores a la situación de jubilación parcial, siempre que no se aumente la duración de su jornada.",La pensión de jubilación parcial es compatible con la pensión de viudedad.,La pensión de jubilación parcial es compatible con la pensión de incapacidad permanente absoluta.,La pensión de jubilación parcial es incompatible con la pensión de incapacidad permanente total para el trabajo que se preste en virtud del contrato que dio lugar a la jubilación parcial.,S10,10,Temario específico Seguridad Social,"Jubilación en la modalidad contributiva: concepto. Jubilación ordinaria: requisitos: especial referencia a la edad de jubilación. Determinación de la cuantía de la prestación: base reguladora y porcentaje. Jubilación anticipada, jubilación parcial y jubilación flexible. Compatibilidad de la pensión de jubilación y el trabajo. Suspensión y extinción de la prestación. Especial referencia a la aplicación de la normativa anterior a la Ley 27/2011.",jubilación,Texto Refundido de la Ley General de la Seguridad Social,215; 14,Jubilación,Alta,jubilación,,,Sí,Teórico,C,C,Válida,01. Información oficial de la oposición\Exámenes oficiales anteriores\2025 Convocatoria 2023 - Examen extraordinario acceso libre.pdf,https://www.seg-social.es/wps/portal/wss/internet/InformacionUtil/9950/88beb45d-ca83-4bab-8162-f94ef2894562,Texto PDF,100,Alta,Regla jurídica determinista,2025_conv2023_extraordinario-T71,1.0
2025_conv2023_extraordinario-T72,2025,2023,2025-01-25,Acceso libre,Primera parte,Extraordinario,Único,Sí,Cuestionario extraordinario sin modelo paralelo.,72,Sí,"Según lo establecido el artículo 207 del Texto Refundido de la Ley General de la Seguridad Social para acceder a la jubilación anticipada por causa no imputable al trabajador, uno de los requisitos es que el cese se haya producido por alguna de las causas recogidas en el mencionado artículo. Indique cuál de las siguientes opciones NO es una causa para cumplir con este requisito:","El despido colectivo por causas económicas, técnicas, organizativas o de producción, conforme al artículo 51 del Estatuto de los Trabajadores.",El despido por causas objetivas conforme al artículo 52 del Estatuto de los Trabajadores.,El despido disciplinario conforme al artículo 54 del Estatuto de los Trabajadores.,La extinción del contrato de trabajo motivada por la existencia de fuerza mayor constatada por la autoridad laboral conforme a lo establecido en el artículo 51.7 del texto refundido de la Ley del Estatuto de los Trabajadores.,S10,10,Temario específico Seguridad Social,"Jubilación en la modalidad contributiva: concepto. Jubilación ordinaria: requisitos: especial referencia a la edad de jubilación. Determinación de la cuantía de la prestación: base reguladora y porcentaje. Jubilación anticipada, jubilación parcial y jubilación flexible. Compatibilidad de la pensión de jubilación y el trabajo. Suspensión y extinción de la prestación. Especial referencia a la aplicación de la normativa anterior a la Ley 27/2011.",jubilación anticipada,Texto Refundido de la Ley General de la Seguridad Social,207,Requisitos,Alta,jubilación anticipada,,,Sí,Teórico,C,C,Válida,01. Información oficial de la oposición\Exámenes oficiales anteriores\2025 Convocatoria 2023 - Examen extraordinario acceso libre.pdf,https://www.seg-social.es/wps/portal/wss/internet/InformacionUtil/9950/88beb45d-ca83-4bab-8162-f94ef2894562,Texto PDF,100,Alta,Regla jurídica determinista,2025_conv2023_extraordinario-T72,1.0
2025_conv2023_extraordinario-T73,2025,2023,2025-01-25,Acceso libre,Primera parte,Extraordinario,Único,Sí,Cuestionario extraordinario sin modelo paralelo.,73,Sí,"De acuerdo con el artículo 10.2 del Texto Refundido de la Ley General de la Seguridad Social, se considerarán Regímenes Especiales los que encuadren a los grupos siguientes:","Los trabajadores por cuenta propia o autónomos, los trabajadores del mar, los funcionarios públicos, civiles y militares, estudiantes y demás grupos que determine el ministerio competente en materia de seguridad social.","Los trabajadores por cuenta ajena, los trabajadores del mar, los funcionarios públicos, civiles y militares, estudiantes y demás grupos que determine el ministerio competente en materia de seguridad social.","Los trabajadores por cuenta ajena, los trabajadores del mar, los funcionarios públicos, civiles y militares y demás grupos que determine el ministerio competente en materia de seguridad social.","Los trabajadores por cuenta propia o autónomos, los funcionarios públicos, civiles y militares, estudiantes y demás grupos que determine el ministerio competente en materia de seguridad social.",S02,2,Temario específico Seguridad Social,"Campo de aplicación y composición del sistema de la Seguridad Social. Régimen general: ámbito subjetivo de aplicación, inclusiones y exclusiones. Regímenes especiales: enumeración, características generales, altas, bajas y cotización. Particularidades de la acción protectora. Sistemas especiales: enumeración y características generales. Altas, bajas y cotización. Particularidades de la acción protectora.",S02,Texto Refundido de la Ley General de la Seguridad Social,10.2,Artículos literales,Media,S02,,,No,Teórico,A,A,Válida,01. Información oficial de la oposición\Exámenes oficiales anteriores\2025 Convocatoria 2023 - Examen extraordinario acceso libre.pdf,https://www.seg-social.es/wps/portal/wss/internet/InformacionUtil/9950/88beb45d-ca83-4bab-8162-f94ef2894562,Texto PDF,100,Alta,Regla jurídica determinista,2025_conv2023_extraordinario-T73,1.0
2025_conv2023_extraordinario-P01,2025,2023,2025-01-25,Acceso libre,Segunda parte,Extraordinario,Único,Sí,Cuestionario extraordinario sin modelo paralelo.,1,No,"Indique en qué situación se encuentra en la Seguridad Social D. TOMAS RODAJA, a efectos del accidente de trabajo que sufrió el día 4 de marzo de 2024:",Situación de alta condicionada.,En alta de pleno derecho.,En situación asimilada al alta.,"En ninguna situación, por no haberse tramitado el alta en el Régimen General.",S03,3,Temario específico Seguridad Social,Normas sobre afiliación. Altas y bajas en el régimen general. Procedimiento y efectos. El convenio especial y otras situaciones asimiladas a la del alta. Encuadramiento e inscripción.,S03,,,"Afiliación, altas y bajas",Alta,S03,,,No,Práctico,B,B,Válida,01. Información oficial de la oposición\Exámenes oficiales anteriores\2025 Convocatoria 2023 - Examen extraordinario acceso libre.pdf,https://www.seg-social.es/wps/portal/wss/internet/InformacionUtil/9950/88beb45d-ca83-4bab-8162-f94ef2894562,Texto PDF,100,Alta,Revisión jurídica individual,2025_conv2023_extraordinario-P01,1.0
2025_conv2023_extraordinario-P02,2025,2023,2025-01-25,Acceso libre,Segunda parte,Extraordinario,Único,Sí,Cuestionario extraordinario sin modelo paralelo.,2,No,"Indique hasta qu é día tiene la empresa “El Licenciado Vidriera, S.L.” para comunicar la baja de Dña. CORNELIA BENTIBOLLI, si el día 12 de septiembre de 2024 fue jueves:",Hasta el día 13 de septiembre de 2024.,Hasta el día 16 de septiembre de 2024.,Hasta el día 17 de septiembre de 2024.,Hasta el día 15 de septiembre de 2024.,S03,3,Temario específico Seguridad Social,Normas sobre afiliación. Altas y bajas en el régimen general. Procedimiento y efectos. El convenio especial y otras situaciones asimiladas a la del alta. Encuadramiento e inscripción.,baja,,,"Afiliación, altas y bajas",Alta,baja,,,No,Práctico,D,D,Válida,01. Información oficial de la oposición\Exámenes oficiales anteriores\2025 Convocatoria 2023 - Examen extraordinario acceso libre.pdf,https://www.seg-social.es/wps/portal/wss/internet/InformacionUtil/9950/88beb45d-ca83-4bab-8162-f94ef2894562,Texto PDF,7,Media,Ponderación de palabras clave,2025_conv2023_extraordinario-P02,1.0
2025_conv2023_extraordinario-P03,2025,2023,2025-01-25,Acceso libre,Segunda parte,Extraordinario,Único,Sí,Cuestionario extraordinario sin modelo paralelo.,3,No,Las cuotas a la Seguridad Social y demás conceptos de Seguridad Social del mes de febrero de 2024 correspondiente a D. TOMAS RODAJA se reclamarán mediante:,Reclamación de deuda.,Acta de liquidación.,No se reclaman porque el trabajador no está de alta.,Se reclaman por la Jurisdicción Social.,S05,5,Temario específico Seguridad Social,"La gestión recaudatoria: concepto, competencia y objeto. Responsables del pago. Requisitos para el pago. Medios de pago. Control de recaudación. Revisión de los actos de gestión recaudatoria. La recaudación en periodo voluntario. Efectos de la falta de cotización en período reglamentario. Recaudación de otros recursos. Aplazamientos. Devolución de ingresos indebidos. Capital coste de pensiones.",S05,,,Definiciones,Alta,S05,,,No,Práctico,B,B,Válida,01. Información oficial de la oposición\Exámenes oficiales anteriores\2025 Convocatoria 2023 - Examen extraordinario acceso libre.pdf,https://www.seg-social.es/wps/portal/wss/internet/InformacionUtil/9950/88beb45d-ca83-4bab-8162-f94ef2894562,Texto PDF,100,Alta,Revisión jurídica individual,2025_conv2023_extraordinario-P03,1.0
2025_conv2023_extraordinario-P04,2025,2023,2025-01-25,Acceso libre,Segunda parte,Extraordinario,Único,Sí,Cuestionario extraordinario sin modelo paralelo.,4,No,"Señale qué día se considera liquidada o pagada la deuda que la empresa “El Licenciado Vidriera, S.L.” mantenía con la Seguridad Social:",El día 2 de octubre de 2024.,El día 31 de octubre de 2024.,El día 3 de octubre de 2024.,El día 1 de octubre de 2024.,S05,5,Temario específico Seguridad Social,"La gestión recaudatoria: concepto, competencia y objeto. Responsables del pago. Requisitos para el pago. Medios de pago. Control de recaudación. Revisión de los actos de gestión recaudatoria. La recaudación en periodo voluntario. Efectos de la falta de cotización en período reglamentario. Recaudación de otros recursos. Aplazamientos. Devolución de ingresos indebidos. Capital coste de pensiones.",S05,,,Recaudación,Media,S05,,,No,Práctico,C,C,Válida,01. Información oficial de la oposición\Exámenes oficiales anteriores\2025 Convocatoria 2023 - Examen extraordinario acceso libre.pdf,https://www.seg-social.es/wps/portal/wss/internet/InformacionUtil/9950/88beb45d-ca83-4bab-8162-f94ef2894562,Texto PDF,100,Alta,Revisión jurídica individual,2025_conv2023_extraordinario-P04,1.0
2025_conv2023_extraordinario-P05,2025,2023,2025-01-25,Acceso libre,Segunda parte,Extraordinario,Único,Sí,Cuestionario extraordinario sin modelo paralelo.,5,No,"Con respecto al alta de Dña. CORNELIA BENTIBOLLI en la empresa “El Licenciado Vidriera, S.L.” determine si a efectos de accidente de trabajo y enfermedad profesionales tiene que quedar encuadrada en la actividad económica de la empresa o en la ocupación de sempeñada, según la Tarifa de primas para la cotización a la Seguridad Social por accidentes de trabajo y enfermedades profesionales de la Disposición Adicional cuarta de la Ley 42/2006, de 28 de diciembre, Presupuestos Generales del Estado para el año 2007:","Tiene que quedar encuadrada en la ocupación “A, Trabajos exclusivos de oficina”.","Queda encuadrada en la actividad económica de la empresa, CNAE “41 Construcción de edificios”.","Se encuadra en la actividad económica de la empresa, CNAE “411 Promoción inmobiliaria”.","Se encuadra en la ocupación “D Personal de oficios en instalaciones y reparaciones en edificios, obras y trabajos de construcción en general”.",S04,4,Temario específico Seguridad Social,La cotización a la Seguridad Social: normas comunes del sistema. La liquidación de cuotas. El régimen general de la Seguridad Social. Supuestos especiales. Bases y tipos de cotización. Liquidación de otras deudas.,alta,Ley 42/2006,,Cotización,Alta,alta,,,No,Práctico,A,A,Válida,01. Información oficial de la oposición\Exámenes oficiales anteriores\2025 Convocatoria 2023 - Examen extraordinario acceso libre.pdf,https://www.seg-social.es/wps/portal/wss/internet/InformacionUtil/9950/88beb45d-ca83-4bab-8162-f94ef2894562,Texto PDF,100,Alta,Revisión jurídica individual,2025_conv2023_extraordinario-P05,1.0
2025_conv2023_extraordinario-P06,2025,2023,2025-01-25,Acceso libre,Segunda parte,Extraordinario,Único,Sí,Cuestionario extraordinario sin modelo paralelo.,6,No,"Indique cuándo finaliza el plazo reglamentario de ingreso de la reclamación de deuda del importe del subsidio de la incapacidad temporal, consecuencia de la declaración de responsabilidad empresarial a la empresa “El Licenciado Vidriera, S.L.”:","Hasta el día 1 de julio de 2024, porque el día 30 de junio de 2024 es domingo.",Hasta el día 5 de julio de 2024.,Hasta el 30 de junio de 2024.,"Hasta 31 de julio de 2024. FÁTIMA ESPINOSA de 39 años de edad, es trabajadora por cuenta propia dada de alta en el Régimen Especial de trabajadores Autónomos (RETA) desde 25/08/2020. Ha dado a luz a una hija el 15/09/2024. Fátima ha permanecido ingresada en el hospital tras el parto, hasta el 25/09/2024, fecha en la que le han dado el alta. CARLOS BERMEJO, de 37 años de edad, está casado con FÁTIMA. CARLOS ha trabajado exclusivamente por cuenta ajena en dos empresas a lo largo de su vida laboral, en la “Aluminios Sánchez” de 15/11/2007 a 15/09/2008 y en “El Licenciado Vidriera, S.L” desde 01/05/2024 a la actualidad puesto que sigue de alta.",S05,5,Temario específico Seguridad Social,"La gestión recaudatoria: concepto, competencia y objeto. Responsables del pago. Requisitos para el pago. Medios de pago. Control de recaudación. Revisión de los actos de gestión recaudatoria. La recaudación en periodo voluntario. Efectos de la falta de cotización en período reglamentario. Recaudación de otros recursos. Aplazamientos. Devolución de ingresos indebidos. Capital coste de pensiones.",incapacidad temporal,,,Cálculos,Media,incapacidad temporal,,,No,Práctico,D,D,Válida,01. Información oficial de la oposición\Exámenes oficiales anteriores\2025 Convocatoria 2023 - Examen extraordinario acceso libre.pdf,https://www.seg-social.es/wps/portal/wss/internet/InformacionUtil/9950/88beb45d-ca83-4bab-8162-f94ef2894562,Texto PDF,100,Alta,Regla jurídica determinista,2025_conv2023_extraordinario-P06,1.0
2025_conv2023_extraordinario-P07,2025,2023,2025-01-25,Acceso libre,Segunda parte,Extraordinario,Único,Sí,Cuestionario extraordinario sin modelo paralelo.,7,No,"A efectos de reconocer el derecho al subsidio por nacimiento y cuidado de menor de Dña . FÁTIMA ESPINOSA, al ser responsable del ingreso de las cuotas del RETA ¿se presumen ingresadas sus cotizaciones a la seguridad Social?","No, las cotizaciones a la Seguridad Social de los trabajadores autónomos nunca se presumen ingresadas, al ser los responsables del ingreso de las cuotas.","Sí, se presumen ingresadas las cotizaciones correspondientes a agosto, julio y junio siempre que su ingreso aún no conste en los sistemas de información de la Seguridad Social.","Sí, se presumen ingresadas las cotizaciones correspondientes al mes de septiembre, agosto y julio siempre que su ingreso aún no conste en los sistemas de información de la Seguridad Social.","Sí, se presume ingresada únicamente la cotización del mes de septiembre.",S09,9,Temario específico Seguridad Social,Nacimiento y cuidado de menor. Ejercicio corresponsable del cuidado del lactante. Prestación por riesgo durante el embarazo. Prestación por riesgo durante la lactancia natural. Asignación económica por hijo o menor acogido a cargo. Prestación económica por nacimiento o adopción de hijo en supuestos de familias numerosas o monoparentales y en los casos de madres o padres con discapacidad. Prestación por parto o adopción Subsidio por cuidado de menores afectados por cáncer u otra enfermedad grave.,nacimiento y cuidado de menor,,,Prestaciones familiares,Media,nacimiento y cuidado de menor,,,No,Práctico,C,C,Válida,01. Información oficial de la oposición\Exámenes oficiales anteriores\2025 Convocatoria 2023 - Examen extraordinario acceso libre.pdf,https://www.seg-social.es/wps/portal/wss/internet/InformacionUtil/9950/88beb45d-ca83-4bab-8162-f94ef2894562,Texto PDF,100,Alta,Regla jurídica determinista,2025_conv2023_extraordinario-P07,1.0
2025_conv2023_extraordinario-P08,2025,2023,2025-01-25,Acceso libre,Segunda parte,Extraordinario,Único,Sí,Cuestionario extraordinario sin modelo paralelo.,8,No,¿Tienen Dña. FÁTIMA y D. CARLOS derecho a la ampliación de la prestación por nacimiento y cuidado de menor por ingreso hospitalario?,"Sí, ambos progenitores tienen derecho a una semana de ampliación de la prestación por nacimiento y cuidado de menor.","Sí, Dña. FÁTIMA tiene derecho a una semana de ampliación de la prestación por nacimiento y cuidado de menor al haber estado ingresada tras el parto.","Sí, ambos progenitores tienen derecho a una ampliación de 10 días pues es el tiempo que ha permanecido ingresada Dña. FÁTIMA tras el parto.","No, ninguno de los progenitores tiene derecho a la ampliación de la prestación puesto que el ingreso hospitalario no ha sido del menor recién nacido, sino de la madre.",S09,9,Temario específico Seguridad Social,Nacimiento y cuidado de menor. Ejercicio corresponsable del cuidado del lactante. Prestación por riesgo durante el embarazo. Prestación por riesgo durante la lactancia natural. Asignación económica por hijo o menor acogido a cargo. Prestación económica por nacimiento o adopción de hijo en supuestos de familias numerosas o monoparentales y en los casos de madres o padres con discapacidad. Prestación por parto o adopción Subsidio por cuidado de menores afectados por cáncer u otra enfermedad grave.,nacimiento y cuidado de menor,,,Prestaciones familiares,Media,nacimiento y cuidado de menor,,,No,Práctico,D,D,Válida,01. Información oficial de la oposición\Exámenes oficiales anteriores\2025 Convocatoria 2023 - Examen extraordinario acceso libre.pdf,https://www.seg-social.es/wps/portal/wss/internet/InformacionUtil/9950/88beb45d-ca83-4bab-8162-f94ef2894562,Texto PDF,100,Alta,Regla jurídica determinista,2025_conv2023_extraordinario-P08,1.0
2025_conv2023_extraordinario-P09,2025,2023,2025-01-25,Acceso libre,Segunda parte,Extraordinario,Único,Sí,Cuestionario extraordinario sin modelo paralelo.,9,No,¿Tiene carencia suficiente D. CARLOS BERMEJO para acceder a la prestación por nacimiento y cuidado de menor?,"No, puesto que no tiene cotizados 180 días en los siete años inmediatamente anteriores al inicio del descanso.","No, debido a que no cuenta con al menos 360 días cotizados a lo largo de su vida laboral.","Para la prestación por nacimiento y cuidado de menor, no es necesario contar con un periodo mínimo de cotización en ningún caso.","Sí, ya que acredita, en el momento del inicio del descanso, más de 360 días cotizados a lo largo de su vida laboral. CAROLINA PÉREZ nació el 20/07/1980 y trabaja actualmente en la empresa “El Licenciado Vidriera, S.L ”. En 1999, con 18 años se casó con PEDRO RAMÍREZ, de 40 años, con el que tuvo un hijo: LUIS (30/11/1999). En 2006, se divorciaron. PEDRO se jubiló el 15 de enero de 2024 cuando cumplía los 65 años, reconociéndosele una pensión por el régimen general con un importe bruto de 2.500 €, para cuyo cálculo se tuvo en cuenta una base reguladora de 2.800 €. PEDRO falleció pocos días después, concretamente, el 31 de enero de 2024. LUIS, hijo de CAROLINA Y PEDRO, está cursando el último año de una ingeniería y trabaja ocasionalmente en una escuela de esquí durante la temporada. Por esos trabajos ingresa 5.000 euros al año. CAROLINA PÉREZ posteriormente tras su divorcio formó una pareja de hecho con ALBERTO SANTOS, inscribiéndose como tal y formalizando su situación como pareja de hecho el 12/1/2007. De esa relación nacieron: MARINA (15/12/2007) y JUAN (20/11/2024), hijo del que estaba embarazada cuando ALBERTO falleció a causa de una enfermedad común el 15 de julio de 2024. ALBERTO percibía una pensión de jubilación del régimen general desde 1 de marzo de 2024 por importe bruto de 1.700 euros y Carolina tenía unos ingresos brutos mensuales de 3.000 euros por el desempeño de su trabajo en la empresa “El Licenciado Vidriera, S.L”, ninguno de los dos tenía otros ingresos adicionales. MARINA, hija de CAROLINA Y ALBERTO, tiene reconocida una discapacidad del 65% desde el 15/12/2005, y trabaja desde el 1 de enero de 2024, trabajos por los que recibe unos ingresos brutos anuales de 18.000 euros.",S09,9,Temario específico Seguridad Social,Nacimiento y cuidado de menor. Ejercicio corresponsable del cuidado del lactante. Prestación por riesgo durante el embarazo. Prestación por riesgo durante la lactancia natural. Asignación económica por hijo o menor acogido a cargo. Prestación económica por nacimiento o adopción de hijo en supuestos de familias numerosas o monoparentales y en los casos de madres o padres con discapacidad. Prestación por parto o adopción Subsidio por cuidado de menores afectados por cáncer u otra enfermedad grave.,nacimiento y cuidado de menor,,,Requisitos,Media,nacimiento y cuidado de menor,,,No,Práctico,D,D,Válida,01. Información oficial de la oposición\Exámenes oficiales anteriores\2025 Convocatoria 2023 - Examen extraordinario acceso libre.pdf,https://www.seg-social.es/wps/portal/wss/internet/InformacionUtil/9950/88beb45d-ca83-4bab-8162-f94ef2894562,Texto PDF,100,Alta,Regla jurídica determinista,2025_conv2023_extraordinario-P09,1.0
2025_conv2023_extraordinario-P10,2025,2023,2025-01-25,Acceso libre,Segunda parte,Extraordinario,Único,Sí,Cuestionario extraordinario sin modelo paralelo.,10,No,"¿Cuál sería el importe inicial de la pensión mensual de orfandad de LUIS, hijo de D. PEDRO RAMÍREZ?",Luis no tiene derecho a pensión de orfandad.,280 euros / mes,500 euros / mes,560 euros / mes,S11,11,Temario específico Seguridad Social,"La protección por muerte y supervivencia. Hecho causante. Requisitos para las prestaciones de viudedad, orfandad y en favor de familiares. Cuantía de las prestaciones. Compatibilidad. Suspensión y Extinción. Normas específicas en caso de muerte derivada de accidente de trabajo o enfermedad profesional. Efectividad económica de las prestaciones. El auxilio por defunción.",orfandad,,,Cálculos,Media,orfandad,,,No,Práctico,D,D,Válida,01. Información oficial de la oposición\Exámenes oficiales anteriores\2025 Convocatoria 2023 - Examen extraordinario acceso libre.pdf,https://www.seg-social.es/wps/portal/wss/internet/InformacionUtil/9950/88beb45d-ca83-4bab-8162-f94ef2894562,Texto PDF,100,Alta,Regla jurídica determinista,2025_conv2023_extraordinario-P10,1.0
2025_conv2023_extraordinario-P11,2025,2023,2025-01-25,Acceso libre,Segunda parte,Extraordinario,Único,Sí,Cuestionario extraordinario sin modelo paralelo.,11,No,¿A partir de qu é fecha nacerían los efectos económicos de la pensión de viudedad solicitada por Dña. CAROLINA PÉREZ el 1 de octubre de 2024 por el fallecimiento de D. ALBERTO SANTOS?,Desde el 1 de agosto de 2024,Desde el 1 de septiembre de 2024,Desde el 1 de octubre de 2024,CAROLINA no tiene derecho a pensión de viudedad derivada del fallecimiento de ALBERTO,S11,11,Temario específico Seguridad Social,"La protección por muerte y supervivencia. Hecho causante. Requisitos para las prestaciones de viudedad, orfandad y en favor de familiares. Cuantía de las prestaciones. Compatibilidad. Suspensión y Extinción. Normas específicas en caso de muerte derivada de accidente de trabajo o enfermedad profesional. Efectividad económica de las prestaciones. El auxilio por defunción.",viudedad,,,Muerte y supervivencia,Alta,viudedad,,,No,Práctico,A,A,Válida,01. Información oficial de la oposición\Exámenes oficiales anteriores\2025 Convocatoria 2023 - Examen extraordinario acceso libre.pdf,https://www.seg-social.es/wps/portal/wss/internet/InformacionUtil/9950/88beb45d-ca83-4bab-8162-f94ef2894562,Texto PDF,100,Alta,Regla jurídica determinista,2025_conv2023_extraordinario-P11,1.0
2025_conv2023_extraordinario-P12,2025,2023,2025-01-25,Acceso libre,Segunda parte,Extraordinario,Único,Sí,Cuestionario extraordinario sin modelo paralelo.,12,No,"¿Tendría derecho JUAN a que se le reconociera una pensión de orfandad derivada al fallecimiento de su padre, D. ALBERTO SANTOS?","Sí, JUAN tendría derecho a una pensión de orfandad con efectos económicos desde el día primero del mes siguiente al del fallecimiento","Sí, JUAN tendría derecho a una pensión de orfandad con efectos económicos desde la fecha de su nacimiento.","No, JUAN no tendría derecho a la pensión de orfandad, pero sí a la prestación de orfandad.","No, JUAN no tendría derecho a ningún tipo de prestación o pensión derivada del fallecimiento de su padre.",S11,11,Temario específico Seguridad Social,"La protección por muerte y supervivencia. Hecho causante. Requisitos para las prestaciones de viudedad, orfandad y en favor de familiares. Cuantía de las prestaciones. Compatibilidad. Suspensión y Extinción. Normas específicas en caso de muerte derivada de accidente de trabajo o enfermedad profesional. Efectividad económica de las prestaciones. El auxilio por defunción.",orfandad,,,Muerte y supervivencia,Media,orfandad,,,No,Práctico,B,B,Válida,01. Información oficial de la oposición\Exámenes oficiales anteriores\2025 Convocatoria 2023 - Examen extraordinario acceso libre.pdf,https://www.seg-social.es/wps/portal/wss/internet/InformacionUtil/9950/88beb45d-ca83-4bab-8162-f94ef2894562,Texto PDF,100,Alta,Regla jurídica determinista,2025_conv2023_extraordinario-P12,1.0
2025_conv2023_extraordinario-P13,2025,2023,2025-01-25,Acceso libre,Segunda parte,Extraordinario,Único,Sí,Cuestionario extraordinario sin modelo paralelo.,13,No,¿A partir de qué día nacerían los efectos económicos de la pensión de orfandad de LUIS por el fallecimiento de D. PEDRO RAMÍREZ si la solicitud se presentó el día 1 de abril de 2024?,16 de enero de 2024,31 de enero de 2024,1 de febrero de 2024,"1 de marzo de 2024 JOSÉ CARLOS DEL ÁGUILA nació el 1/5/1961 y acredita 33 años completos de cotización efectiva. En los últimos 15 años ha trabajado para distintas empresas dentro del Régimen General, siendo el período más extenso en el que ha trabajado de forma continuada para la misma empresa el comprendido entre 2016 y 2020, tiempo en que trabajó para “El Licenciado Vidriera, S.L”. No obstante, la última relación laboral que ha tenido finalizó por la jubilación del empresario individual que le contrató, cesando en la actividad laboral el 31 de mayo de 2024 e inscribiéndose , al día siguiente , como demandante de empleo cuando acudió a informarse para solicitar la prestación de desempleo que posteriormente le fue reconocida por 240 días. Posteriormente, JOSÉ CARLOS acude a una oficina del Instituto Nacional de la Seguridad Social para informarse sobre las posibilidades de anticipar su jubilación.",S11,11,Temario específico Seguridad Social,"La protección por muerte y supervivencia. Hecho causante. Requisitos para las prestaciones de viudedad, orfandad y en favor de familiares. Cuantía de las prestaciones. Compatibilidad. Suspensión y Extinción. Normas específicas en caso de muerte derivada de accidente de trabajo o enfermedad profesional. Efectividad económica de las prestaciones. El auxilio por defunción.",orfandad,,,Procedimientos,Alta,orfandad,,,No,Práctico,C,C,Válida,01. Información oficial de la oposición\Exámenes oficiales anteriores\2025 Convocatoria 2023 - Examen extraordinario acceso libre.pdf,https://www.seg-social.es/wps/portal/wss/internet/InformacionUtil/9950/88beb45d-ca83-4bab-8162-f94ef2894562,Texto PDF,100,Alta,Regla jurídica determinista,2025_conv2023_extraordinario-P13,1.0
2025_conv2023_extraordinario-P14,2025,2023,2025-01-25,Acceso libre,Segunda parte,Extraordinario,Único,Sí,Cuestionario extraordinario sin modelo paralelo.,14,No,"De mantenerse su situación actual sin cambios, ¿a partir de cuál de las siguientes fechas cumpliría los requisitos para acceder anticipadamente a la jubilación D. JOSÉ CARLOS DEL ÁGUILA?",A partir del 1 de mayo de 2024,A partir del 1 de julio de 2024,A partir del 1 de noviembre de 2024,"A partir del 1 de diciembre de 2024 AMALIA MARTÍNEZ, nació El 1/12/1957, comenzó a trabajar en la empresa “El Licenciado Vidriera, S.L ” el 1/12/1977 hasta el 1/12/1991. El 1/12/2023 retomó la actividad laboral nuevamente en el régimen general con un trabajo a jornada completa, el 1/12/2024 cumplió 67 años momento en que acreditaba un total de 15 años de cotización efectiva en toda su vida laboral. AMALIA está casada desde 1975, tuvo una hija el 1/3/1976 y desde 2005 es viuda, motivo por el que percibe una pensión de viudedad.",S10,10,Temario específico Seguridad Social,"Jubilación en la modalidad contributiva: concepto. Jubilación ordinaria: requisitos: especial referencia a la edad de jubilación. Determinación de la cuantía de la prestación: base reguladora y porcentaje. Jubilación anticipada, jubilación parcial y jubilación flexible. Compatibilidad de la pensión de jubilación y el trabajo. Suspensión y extinción de la prestación. Especial referencia a la aplicación de la normativa anterior a la Ley 27/2011.",jubilación,,,Requisitos,Media,jubilación,,,No,Práctico,D,D,Válida,01. Información oficial de la oposición\Exámenes oficiales anteriores\2025 Convocatoria 2023 - Examen extraordinario acceso libre.pdf,https://www.seg-social.es/wps/portal/wss/internet/InformacionUtil/9950/88beb45d-ca83-4bab-8162-f94ef2894562,Texto PDF,100,Alta,Regla jurídica determinista,2025_conv2023_extraordinario-P14,1.0
2025_conv2023_extraordinario-P15,2025,2023,2025-01-25,Acceso libre,Segunda parte,Extraordinario,Único,Sí,Cuestionario extraordinario sin modelo paralelo.,15,No,¿En cuál de las siguientes fechas acreditaría Dña. AMALIA MARTÍNEZ los requisitos para acceder a la pensión de jubilación suponiendo que se mantiene el alta laboral y la cotización hasta el cese por la jubilación y no se producen cambios normativos que le afecten a estos efectos?,A partir del 1/12/2024,A partir del 1/01/2025,A partir del 1/11/2025,"A partir del 1/12/2025 ANTONIO BERMEJO, hermano de CARLOS, de 32 años de edad, tiene reconocida desde el 13/05/2023 una incapacidad permanente total siendo su profesión habitual en el momento del reconocimiento de la pensión, fontanero. La misma empresa en la que trabajaba en el momento del reconocimiento de la p ensión le ha ofrecido el 15/09/2024 un puesto de recepcionista y no sabe si este trabajo es compatible con la pensión que tiene reconocida.",S10,10,Temario específico Seguridad Social,"Jubilación en la modalidad contributiva: concepto. Jubilación ordinaria: requisitos: especial referencia a la edad de jubilación. Determinación de la cuantía de la prestación: base reguladora y porcentaje. Jubilación anticipada, jubilación parcial y jubilación flexible. Compatibilidad de la pensión de jubilación y el trabajo. Suspensión y extinción de la prestación. Especial referencia a la aplicación de la normativa anterior a la Ley 27/2011.",alta,,,Requisitos,Alta,alta,,,No,Práctico,D,D,Válida,01. Información oficial de la oposición\Exámenes oficiales anteriores\2025 Convocatoria 2023 - Examen extraordinario acceso libre.pdf,https://www.seg-social.es/wps/portal/wss/internet/InformacionUtil/9950/88beb45d-ca83-4bab-8162-f94ef2894562,Texto PDF,100,Alta,Regla jurídica determinista,2025_conv2023_extraordinario-P15,1.0
2025_conv2023_extraordinario-P16,2025,2023,2025-01-25,Acceso libre,Segunda parte,Extraordinario,Único,Sí,Cuestionario extraordinario sin modelo paralelo.,16,Sí,¿Es compatible la pensión de D. ANTONIO BERMEJO con el puesto de trabajo que le han ofrecido?,"Sí, puesto que realizará funciones distintas a las que dieron lugar a la incapacidad permanente total.","No, ya que las pensiones por incapacidad permanente son incompatibles con el trabajo.","No, porque al ser la misma empresa, es incompatible con la pensión que tiene reconocida.","No, es compatible ya que han transcurrido más de 180 días desde el reconocimiento de la pensión. La empresa “El Licenciado Vidriera, S.L” tiene, también, contratada, con una modalidad de contrato bonificado, como directora de obra a Dña. CONSTANZA DE CARRIAZO y percibe mensualmente cheques restaurante, por un importe de 400 euros mensuales.",S08,8,Temario específico Seguridad Social,"Incapacidad temporal: concepto y causas que motivan esta situación. Beneficiarios. Prestación económica: determinación y cuantía. Nacimiento, duración y extinción del derecho al subsidio. Reconocimiento y pago. Control de la incapacidad. Incapacidad permanente contributiva: concepto. Grados de incapacidad. Prestaciones. Determinación y cuantía. Beneficiarios. Nacimiento, duración y extinción del derecho. Lesiones permanentes no incapacitantes. La calificación y revisión de la incapacidad permanente.",S08,,,Incapacidad,Media,S08,,,No,Práctico,A,A,Válida,01. Información oficial de la oposición\Exámenes oficiales anteriores\2025 Convocatoria 2023 - Examen extraordinario acceso libre.pdf,https://www.seg-social.es/wps/portal/wss/internet/InformacionUtil/9950/88beb45d-ca83-4bab-8162-f94ef2894562,Texto PDF,100,Alta,Revisión jurídica individual,2025_conv2023_extraordinario-P16,1.0
2025_conv2023_extraordinario-P17,2025,2023,2025-01-25,Acceso libre,Segunda parte,Extraordinario,Único,Sí,Cuestionario extraordinario sin modelo paralelo.,17,Sí,Determine si los cheques restaurante entregados mensualmente a Dña. CONSTANZA DE CARRIAZO tiene que incluirse en la base de cotización:,Se incluye el 25 por ciento del importe.,Se trata de un concepto excluido de la base de cotización.,Se incluyen por la totalidad del importe.,Se incluye el 50% del importe.,S04,4,Temario específico Seguridad Social,La cotización a la Seguridad Social: normas comunes del sistema. La liquidación de cuotas. El régimen general de la Seguridad Social. Supuestos especiales. Bases y tipos de cotización. Liquidación de otras deudas.,base de cotización,,,Cotización,Media,base de cotización,,,No,Práctico,C,C,Válida,01. Información oficial de la oposición\Exámenes oficiales anteriores\2025 Convocatoria 2023 - Examen extraordinario acceso libre.pdf,https://www.seg-social.es/wps/portal/wss/internet/InformacionUtil/9950/88beb45d-ca83-4bab-8162-f94ef2894562,Texto PDF,100,Alta,Regla jurídica determinista,2025_conv2023_extraordinario-P17,1.0
2025_conv2023_extraordinario-P18,2025,2023,2025-01-25,Acceso libre,Segunda parte,Extraordinario,Único,Sí,Cuestionario extraordinario sin modelo paralelo.,18,Sí,"La empresa “El Licenciado Vidriera, S.L.” solicita el día 17 de julio de 2024 el cálculo de las liquidaciones de cuotas a la Seguridad Social y demás conceptos de recaudación conjunta de sus trabajadores, en relación con la bonificación a que tiene derecho por el contrato celebrado con Dña. CONSTANZA DE CARRIAZO y teniendo en cuenta la existencia en ese momento de una deuda por responsabilidad empresarial:",Se puede descontar aunque la empresa tenga deuda.,No se puede descontar porque la empresa mantiene una deuda con la Seguridad Social.,Se puede descontar porque la deuda que mantiene no es por cuotas a la Seguridad Social y demás conceptos de recaudación conjunta.,Se puede descontar si la empresa paga su deuda por responsabilidad empresarial antes de finalizar el mes de julio.,S04,4,Temario específico Seguridad Social,La cotización a la Seguridad Social: normas comunes del sistema. La liquidación de cuotas. El régimen general de la Seguridad Social. Supuestos especiales. Bases y tipos de cotización. Liquidación de otras deudas.,S04,,,Definiciones,Alta,S04,,,No,Práctico,A,A,Válida,01. Información oficial de la oposición\Exámenes oficiales anteriores\2025 Convocatoria 2023 - Examen extraordinario acceso libre.pdf,https://www.seg-social.es/wps/portal/wss/internet/InformacionUtil/9950/88beb45d-ca83-4bab-8162-f94ef2894562,Texto PDF,100,Alta,Revisión jurídica individual,2025_conv2023_extraordinario-P18,1.0
2025_conv2024_ordinario_A-T01,2025,2024,2025-09-13,Acceso libre,Primera parte,A,A/B,Sí,Modelo A usado como variante canónica; el modelo B oficial está archivado y permuta el orden y/o las opciones.,1,No,"En cuanto a la reforma agravada de la Constitución Española, regulada en el artículo 168, señale la respuesta INCORRECTA:","Se utilizará dicho procedimiento cuando se propusiere la revisión total de la Constitución o una parcial que afecte al Título preiiminar, al Capítulo segundo, Sección primera del Titulo I, o al Título","Se procederá a la aprobación del principio por mayoría de dos tercios de cada Cámara, y a ia disolución inmediata de las Cortes.","Las Cámaras elegidas deberán ratificar la decisión y proceder al estudio del nuevo texto constitucional, que deberá ser aprobado por mayaría de tres quintos de ambas Cámaras.","Aprobada la reforma por las Cortes Generales, será sometida a referéndum para su ratificación.",G01,1,Temario general,La Constitución Española de 1978: Estructura y contenido. La reforma de la Constitución.,G01,Constitución Española,168,Artículos literales,Alta,G01,,,Sí,Teórico,C,C,Válida,01. Información oficial de la oposición\Exámenes oficiales anteriores\2025 Convocatoria 2024 - Acceso libre Modelo A.pdf,https://www.seg-social.es/wps/portal/wss/internet/InformacionUtil/9950/88beb45d-ca83-4bab-8162-f94ef2894562/7e46efac-32c8-4cf6-b3d3-d592c3560dff/rdpi_administrativos_2024,OCR Windows es-ES sobre PDF oficial,100,Alta,Regla jurídica determinista,2025_conv2024_ordinario_A-T01,1.0
2025_conv2024_ordinario_A-T02,2025,2024,2025-09-13,Acceso libre,Primera parte,A,A/B,Sí,Modelo A usado como variante canónica; el modelo B oficial está archivado y permuta el orden y/o las opciones.,2,No,Indique cuál de los siguientes NO forma parte de los derechos fundamentales y libertades públicas regulados en la Sección la del Capítulo II del Título I de la Constitución Española:,EI derecho a la vida y a la integridad fisica y moral.,"La libertad ideológica, religiosa y de culto.",EI derecho de reunión pacifica y sin armas.,La tibertad de empresa en el marco de la economía de mercado.,G02,2,Temario general,Derechos y deberes fundamentales. Su garantía y suspensión.,derechos fundamentales,Constitución Española,,Artículos literales,Media,derechos fundamentales,,,No,Teórico,D,D,Válida,01. Información oficial de la oposición\Exámenes oficiales anteriores\2025 Convocatoria 2024 - Acceso libre Modelo A.pdf,https://www.seg-social.es/wps/portal/wss/internet/InformacionUtil/9950/88beb45d-ca83-4bab-8162-f94ef2894562/7e46efac-32c8-4cf6-b3d3-d592c3560dff/rdpi_administrativos_2024,OCR Windows es-ES sobre PDF oficial,100,Alta,Regla jurídica determinista,2025_conv2024_ordinario_A-T02,1.0
2025_conv2024_ordinario_A-T03,2025,2024,2025-09-13,Acceso libre,Primera parte,A,A/B,Sí,Modelo A usado como variante canónica; el modelo B oficial está archivado y permuta el orden y/o las opciones.,3,No,"Según el artículo 7 de Ea Ley Orgánica 2/1979, de 3 de octubre, del Tribunal Constitucional, señale la afirmación correcta:","EI Presidente del Tribunal 10 es también de la Sala Primera, que presidirá en su defecto, el Magistrado más antiguo y, en caso de igual antigüedad, el de mayor edad.","EI Presidente del Tribunal 10 es también de la Sala Primera, que presidirá en su defecto, el Vicepresidente o el Magistrado más antiguo y, en caso de igual antigüedad, el de mayor edad.",EI Tribunal Constitucional consta de dos Salas. Cada Sala está compuesta por seis Magistrados nombrados por et Presidente del Tribunal.,EI Tribunal Constitucional consta de tres Salas. Ceda Sala está compuesta por cuatro Magistrados nombrados por el Presidente del Tribunal.,G03,3,Temario general,"El Tribunal Constitucional. Organización, composición y atribuciones.",G03,Ley Orgánica 2/1979,7,Artículos literales,Media,G03,Tribunal Constitucional,,No,Teórico,A,A,Válida,01. Información oficial de la oposición\Exámenes oficiales anteriores\2025 Convocatoria 2024 - Acceso libre Modelo A.pdf,https://www.seg-social.es/wps/portal/wss/internet/InformacionUtil/9950/88beb45d-ca83-4bab-8162-f94ef2894562/7e46efac-32c8-4cf6-b3d3-d592c3560dff/rdpi_administrativos_2024,OCR Windows es-ES sobre PDF oficial,100,Alta,Regla jurídica determinista,2025_conv2024_ordinario_A-T03,1.0
2025_conv2024_ordinario_A-T04,2025,2024,2025-09-13,Acceso libre,Primera parte,A,A/B,Sí,Modelo A usado como variante canónica; el modelo B oficial está archivado y permuta el orden y/o las opciones.,4,No,"De acuerdo con 10 establecido en eI artículo 63 de la Constitución Española, al Rey corresponde:","Cuando así [o decida como Jefe del Estado, dedarar la guerra y hacer la paz.","Previa autorización de las Cortes Generales, declarar la guerra y hacer la paz.","Previa autorización dek Congreso de los Diputados, declarar la guerra y hacer la paz.","Previa autorización del Senado, declarar la guerra y hacer la paz.",G04,4,Temario general,La Corona. Funciones constitucionales del Rey. Sucesión y regencia. El refrendo.,G04,Constitución Española,63,Artículos literales,Media,G04,,,No,Teórico,B,B,Válida,01. Información oficial de la oposición\Exámenes oficiales anteriores\2025 Convocatoria 2024 - Acceso libre Modelo A.pdf,https://www.seg-social.es/wps/portal/wss/internet/InformacionUtil/9950/88beb45d-ca83-4bab-8162-f94ef2894562/7e46efac-32c8-4cf6-b3d3-d592c3560dff/rdpi_administrativos_2024,OCR Windows es-ES sobre PDF oficial,100,Alta,Regla jurídica determinista,2025_conv2024_ordinario_A-T04,1.0
2025_conv2024_ordinario_A-T05,2025,2024,2025-09-13,Acceso libre,Primera parte,A,A/B,Sí,Modelo A usado como variante canónica; el modelo B oficial está archivado y permuta el orden y/o las opciones.,5,No,"De acuerdo con 10 establecido en eI artículo 68 de la Constitución Española, el Congreso se compone de:","EI Congreso se compone de un mínimo de 400 y un máximo de 450 Diputados, elegidos por sufragio universal, libre, igual, directo y secreto, en los términos que establezca la ley.","EI Congreso se compone de un mínimo de 300 y un máximo de 400 Diputados, elegidos por sufragio pasivo, libre, igual, indirecto y secreto, en los términos que establezca la ley.","EI Congreso se compone de un minimo de 300 y un máximo de 400 Diputados, elegidos por sufragio universal, libre, igual, directo y secreto, en los términos que establezca la ley.","EI Congreso se compone de un mínimo de 200 y un máximo de 400 Diputados, elegidos por sufragio universal, libre, igual, directo y secreto, en los términos que establezca la ley.",G05,5,Temario general,"El poder legislativo. Las Cortes Generales: Composición, atribuciones y funcionamiento. El Defensor del Pueblo.",G05,Constitución Española,68,Artículos literales,Media,G05,,,No,Teórico,C,C,Válida,01. Información oficial de la oposición\Exámenes oficiales anteriores\2025 Convocatoria 2024 - Acceso libre Modelo A.pdf,https://www.seg-social.es/wps/portal/wss/internet/InformacionUtil/9950/88beb45d-ca83-4bab-8162-f94ef2894562/7e46efac-32c8-4cf6-b3d3-d592c3560dff/rdpi_administrativos_2024,OCR Windows es-ES sobre PDF oficial,100,Alta,Regla jurídica determinista,2025_conv2024_ordinario_A-T05,1.0
2025_conv2024_ordinario_A-T06,2025,2024,2025-09-13,Acceso libre,Primera parte,A,A/B,Sí,Modelo A usado como variante canónica; el modelo B oficial está archivado y permuta el orden y/o las opciones.,6,No,"De acuerdo con 10 establecido en el articulo 122 de la Constitución Española, el Consejo General del Poder Judicial estará integrado por:","EI Presidente del Tribunal Superior de Justicia, que 10 presidirá, y por veinte miembros nombrados por el Rey por un período de cinco años.","EI Presidente del Tribunal Supremo, que 10 presidirá, y por quince miembros nombrados por eI Rey por un período de cinco años.","EI Presidente del Tribunai Supremo, que 10 presidirá, y por veinte miembros nombrados por el Rey por un período de cuatro años.","EI Presidente del Tribunal Supremo, que 10 presidirá, y por veinte miembros nombrados por el Rey por un período de cinco años.",G06,6,Temario general,El Poder Judicial. El principio de unidad jurisdiccional. El Consejo General del Poder Judicial. La organización judicial española.,G06,Constitución Española,122,Artículos literales,Media,G06,Consejo General del Poder Judicial,,No,Teórico,D,D,Válida,01. Información oficial de la oposición\Exámenes oficiales anteriores\2025 Convocatoria 2024 - Acceso libre Modelo A.pdf,https://www.seg-social.es/wps/portal/wss/internet/InformacionUtil/9950/88beb45d-ca83-4bab-8162-f94ef2894562/7e46efac-32c8-4cf6-b3d3-d592c3560dff/rdpi_administrativos_2024,OCR Windows es-ES sobre PDF oficial,100,Alta,Regla jurídica determinista,2025_conv2024_ordinario_A-T06,1.0
2025_conv2024_ordinario_A-T07,2025,2024,2025-09-13,Acceso libre,Primera parte,A,A/B,Sí,Modelo A usado como variante canónica; el modelo B oficial está archivado y permuta el orden y/o las opciones.,7,No,"Según eI artículo 102 de la Constitución Española, señale la afirmación correcta.","La responsabilidad criminal del Presidente y los demás miembros del Gobierno será exigible, en su caso, ante la Sala de 10 Penal del Tribunal Supremo.","Si la acusación fuere por traición o por cualquier delito contra la seguridad del Estado en el ejercicio de sus funciones; sólo podrá ser planteada por iniciativa de al menos la décima parte de los miembros del Congreso, y con la aprobación de la mayoría absoluta del mismo.","La responsabilidad criminal del Presidente y los demás miembros del Gobierno será exigible, en su caso, ante la Sala Primera del Tribunal Constitucional.","Si la acusación fuere por traición o por cualquier delito contra la seguridad del Estado en eI ejercicio de sus funciones, sólo podrá ser planteada por iniciativa de la quinta parte de los miembros del Congreso, y con la aprobación de la mayoría absoluta del mismo.",G07,7,Temario general,"El poder ejecutivo. El presidente del Gobierno y el Consejo de Ministros. Relaciones entre el Gobierno y las Cortes Generales. Designación, causas de cese y responsabilidad del Gobierno. El Consejo de Estado.",G07,Constitución Española,102,Artículos literales,Media,G07,,,No,Teórico,A,A,Válida,01. Información oficial de la oposición\Exámenes oficiales anteriores\2025 Convocatoria 2024 - Acceso libre Modelo A.pdf,https://www.seg-social.es/wps/portal/wss/internet/InformacionUtil/9950/88beb45d-ca83-4bab-8162-f94ef2894562/7e46efac-32c8-4cf6-b3d3-d592c3560dff/rdpi_administrativos_2024,OCR Windows es-ES sobre PDF oficial,100,Alta,Regla jurídica determinista,2025_conv2024_ordinario_A-T07,1.0
2025_conv2024_ordinario_A-T08,2025,2024,2025-09-13,Acceso libre,Primera parte,A,A/B,Sí,Modelo A usado como variante canónica; el modelo B oficial está archivado y permuta el orden y/o las opciones.,8,No,"¿En qué Título de la Ley 5011997, de 27 de noviembre, del Gobierno, se regula el Gobierno en Funciones?",Título VI.,Título VII.,Título IV.,Título V.,G07,7,Temario general,"El poder ejecutivo. El presidente del Gobierno y el Consejo de Ministros. Relaciones entre el Gobierno y las Cortes Generales. Designación, causas de cese y responsabilidad del Gobierno. El Consejo de Estado.",G07,,,Artículos literales,Media,G07,,,No,Teórico,C,C,Válida,01. Información oficial de la oposición\Exámenes oficiales anteriores\2025 Convocatoria 2024 - Acceso libre Modelo A.pdf,https://www.seg-social.es/wps/portal/wss/internet/InformacionUtil/9950/88beb45d-ca83-4bab-8162-f94ef2894562/7e46efac-32c8-4cf6-b3d3-d592c3560dff/rdpi_administrativos_2024,OCR Windows es-ES sobre PDF oficial,100,Alta,Revisión jurídica individual,2025_conv2024_ordinario_A-T08,1.0
2025_conv2024_ordinario_A-T09,2025,2024,2025-09-13,Acceso libre,Primera parte,A,A/B,Sí,Modelo A usado como variante canónica; el modelo B oficial está archivado y permuta el orden y/o las opciones.,9,No,"EI proyecto de Estatuto, conforme al artículo 146 de la Constitución Española:",Será elaborado por una asamblea compuesta únicamente por los miembros de la Diputación u órgano interinsular de las provincias afectadas y será elevado a las Cortes Generales para su tramitación como ley.,Será elaborado por una asamblea compuesta por los miembros de la Diputación u órgano interinsular de las provincias afectadas y por los Diputados y Senadores elegidos en ellas y será elevado a las Cortes Generales para su tramitación como ley.,Será elaborado por la Diputación provincial de la provincia en la que se vaya a situar la futura capital de la Comunidad Autónoma y será elevado a las Cortes Generales para su tramitación como ley.,Será elaborado por una asamblea compuesta por los miembros de la Diputación u órgano interinsular de las provincias afectadas y por los Diputados y Senadores elegidos en ellas y se aprobará por mayoría absoluta en el Pleno de cada una de las Diputaciones provinciales de las provincias afectadas.,G09,9,Temario general,La organización territorial del Estado. Las Comunidades Autónomas. Los Estatutos de Autonomía. La delimitación de competencias entre el Estado y las Comunidades Autónomas en la Constitución y en los Estatutos de Autonomía. La Administración local: El municipio. La provincia.,G09,Constitución Española,146,Artículos literales,Media,G09,,,No,Teórico,B,B,Válida,01. Información oficial de la oposición\Exámenes oficiales anteriores\2025 Convocatoria 2024 - Acceso libre Modelo A.pdf,https://www.seg-social.es/wps/portal/wss/internet/InformacionUtil/9950/88beb45d-ca83-4bab-8162-f94ef2894562/7e46efac-32c8-4cf6-b3d3-d592c3560dff/rdpi_administrativos_2024,OCR Windows es-ES sobre PDF oficial,100,Alta,Regla jurídica determinista,2025_conv2024_ordinario_A-T09,1.0
2025_conv2024_ordinario_A-T10,2025,2024,2025-09-13,Acceso libre,Primera parte,A,A/B,Sí,Modelo A usado como variante canónica; el modelo B oficial está archivado y permuta el orden y/o las opciones.,10,No,"De acuerdo con 10 fijado en el Capítulo 3, sobre Órganos Consultivos de la Unión, del Tratado de Funcionamiento de la Unión Europea, en relación con el Comité Económico y Social:",Los miembros del Comité son nombrados por un período de 4 años.,"EI Comité designará de entre sus miembros al Presidente y a la Mesa, por un período máximo de dos años.","EI Consejo adoptará por unanimidad, a propuesta de la Comisión, una decisión por la que se establezca la composición del Comité.",EI número de miembros del Comité Económico y Social no excederá de ciento cincuenta.,G10,10,Temario general,"Las Instituciones de la Unión Europea: El Consejo, el Parlamento Europeo, la Comisión, el Tribunal de Justicia.",G10,Tratado de Funcionamiento de la Unión Europea,,Órganos,Media,G10,,,No,Teórico,C,C,Válida,01. Información oficial de la oposición\Exámenes oficiales anteriores\2025 Convocatoria 2024 - Acceso libre Modelo A.pdf,https://www.seg-social.es/wps/portal/wss/internet/InformacionUtil/9950/88beb45d-ca83-4bab-8162-f94ef2894562/7e46efac-32c8-4cf6-b3d3-d592c3560dff/rdpi_administrativos_2024,OCR Windows es-ES sobre PDF oficial,100,Alta,Regla jurídica determinista,2025_conv2024_ordinario_A-T10,1.0
2025_conv2024_ordinario_A-T11,2025,2024,2025-09-13,Acceso libre,Primera parte,A,A/B,Sí,Modelo A usado como variante canónica; el modelo B oficial está archivado y permuta el orden y/o las opciones.,11,No,"De acuerdo con 10 fijado en el artículo 218 del título V del Tratado de Funcionamiento de la Unión Europea, con excepción de los acuerdos que se refieran exclusivamente a la política exterior y de seguridad común, eI Consejo adoptará la decisión de celebración del acuerdo, previa aprobación del Parlamento Europeo, en los casos siguientes:",Acuerdos de asociación.,Acuerdos sobre protección del medioambiente.,Acuerdos sobre protección de los transportes y redes transeuropeas.,Acuerdos aduaneros.,G11,11,Temario general,"Las fuentes del derecho de la Unión Europea. Derecho originario. Derecho derivado: Reglamentos, directivas y decisiones. Otras fuentes. Las relaciones entre el Derecho de la Unión Europea y el ordenamiento jurídico de los Estados miembros.",G11,Tratado de Funcionamiento de la Unión Europea,218,Artículos literales,Alta,G11,Parlamento Europeo,,No,Teórico,A,A,Válida,01. Información oficial de la oposición\Exámenes oficiales anteriores\2025 Convocatoria 2024 - Acceso libre Modelo A.pdf,https://www.seg-social.es/wps/portal/wss/internet/InformacionUtil/9950/88beb45d-ca83-4bab-8162-f94ef2894562/7e46efac-32c8-4cf6-b3d3-d592c3560dff/rdpi_administrativos_2024,OCR Windows es-ES sobre PDF oficial,100,Alta,Regla jurídica determinista,2025_conv2024_ordinario_A-T11,1.0
2025_conv2024_ordinario_A-T12,2025,2024,2025-09-13,Acceso libre,Primera parte,A,A/B,Sí,Modelo A usado como variante canónica; el modelo B oficial está archivado y permuta el orden y/o las opciones.,12,No,"Conforme a 10 previsto en eI artículo 1 del Real Decreto 501/2024, de 21 de mayo, por el que se desarrolla la estructura orgánica básica del Ministerio de Inclusión, Seguridad Social y Migraciones, como órgano de asistencia inmediata a la persona titular del Departamento existe un Gabinete con rango de:",Subdirección General.,Subsecretaría.,Dirección General.,Secretaría General Técnica.,G12,12,Temario general,"El Ministerio de Inclusión, Seguridad Social y Migraciones. Organización. Estructura y funciones.",G12,Real Decreto 501/2024,1,Órganos,Media,G12,,,No,Teórico,C,C,Válida,01. Información oficial de la oposición\Exámenes oficiales anteriores\2025 Convocatoria 2024 - Acceso libre Modelo A.pdf,https://www.seg-social.es/wps/portal/wss/internet/InformacionUtil/9950/88beb45d-ca83-4bab-8162-f94ef2894562/7e46efac-32c8-4cf6-b3d3-d592c3560dff/rdpi_administrativos_2024,OCR Windows es-ES sobre PDF oficial,100,Alta,Regla jurídica determinista,2025_conv2024_ordinario_A-T12,1.0
2025_conv2024_ordinario_A-T13,2025,2024,2025-09-13,Acceso libre,Primera parte,A,A/B,Sí,Modelo A usado como variante canónica; el modelo B oficial está archivado y permuta el orden y/o las opciones.,13,No,"De acuerdo con los artículos 94 y 96 de la Constitución Española, en relación con los Tratados Internacionales, señale la respuesta correcta:",Los tratados internacionales válidamente celebrados formarán parte del ordenamiento interno con independencia de que hayan sido o no publicados oficialmente en España.,"Las disposiciones de los tratados internacionales sólo podrán ser derogadas, modificadas o suspendidas en Ea forma prevista en los propios tratados o de acuerdo con las normas generales del Derecho internacional.",Para la denuncia de los tratados y convenios internacionales se utilizará el procedimiento previsto para su aprobación en ei articulo 1.5 del Código Civil.,La prestación del consentimiento del Estado para obligarse por medio de tratados o convenios de carácter político requerirá la previa autorización del presidente del Gobierno.,G13,13,Temario general,Las fuentes del Derecho Administrativo. Concepto y clases. La jerarquía de las fuentes.,G13,Constitución Española,94 y 96,Artículos literales,Media,G13,,,No,Teórico,B,B,Válida,01. Información oficial de la oposición\Exámenes oficiales anteriores\2025 Convocatoria 2024 - Acceso libre Modelo A.pdf,https://www.seg-social.es/wps/portal/wss/internet/InformacionUtil/9950/88beb45d-ca83-4bab-8162-f94ef2894562/7e46efac-32c8-4cf6-b3d3-d592c3560dff/rdpi_administrativos_2024,OCR Windows es-ES sobre PDF oficial,100,Alta,Revisión jurídica individual,2025_conv2024_ordinario_A-T13,1.0
2025_conv2024_ordinario_A-T14,2025,2024,2025-09-13,Acceso libre,Primera parte,A,A/B,Sí,Modelo A usado como variante canónica; el modelo B oficial está archivado y permuta el orden y/o las opciones.,14,No,"Según establece el artículo 128 de la Ley 39/2015, de 1 de octubre, del Procedimiento Administrativo Común de las Administraciones Públicas, ¿a quién corresponde el ejercicio de la potestad reglamentaria?","AI Gobierno de la Nación, a los órganos de Gobierno de las Comunidades Autónomas, de conformidad con 10 establecido en sus respectivos Estatutos, y a los órganos de gobierno locales, de acuerdo con 10 previsto en la Constitución, los Estatutos de Autonomía y la Ley reguladora de las Bases del Régimen Local.",A las Cortes Generales: Congreso y Senado.,Al departamento ministerial al que afecte su contenido.,Al Congreso de los Diputados previo dictamen favorable del Consejo de Estado.,G14,14,Temario general,"La Ley. Tipos de leyes. Disposiciones del Gobierno con fuerza de ley: decreto-ley y decreto legislativo. El Reglamento: concepto, clases y límites. Los principios generales del Derecho.",G14,Ley 39/2015,128,Procedimientos,Media,G14,,,No,Teórico,A,A,Válida,01. Información oficial de la oposición\Exámenes oficiales anteriores\2025 Convocatoria 2024 - Acceso libre Modelo A.pdf,https://www.seg-social.es/wps/portal/wss/internet/InformacionUtil/9950/88beb45d-ca83-4bab-8162-f94ef2894562/7e46efac-32c8-4cf6-b3d3-d592c3560dff/rdpi_administrativos_2024,OCR Windows es-ES sobre PDF oficial,100,Alta,Regla jurídica determinista,2025_conv2024_ordinario_A-T14,1.0
2025_conv2024_ordinario_A-T15,2025,2024,2025-09-13,Acceso libre,Primera parte,A,A/B,Sí,Modelo A usado como variante canónica; el modelo B oficial está archivado y permuta el orden y/o las opciones.,15,No,"Según establece el artículo 36 de la Ley 39/2015, de 1 de octubre, del Procedimiento Administrativo Común de las Administraciones Públicas, cuando deba dictarse una serie de actos administrativos de la misma naturaleza:",Deberán ser notificados individualmente a cada uno de Eos interesados al contener circunstancias específicas de cada uno.,"Podrán refundirse en un único acto, acordado por el árgano competente, que especificará las personas u otras circunstancias que individualicen los efectos del acto para cada interesado.","Podrán refundirse aunque sean de diferente naturaleza, para mayar eficacia de la Administración.","Podrán refundirse siempre y cuando no se haga mención específica de las circunstancias que individualicen los efectos del acto,",G15,15,Temario general,"Los actos administrativos. Concepto y clases. Motivación, forma y eficacia de los actos administrativos. Notificación y publicación. Nulidad y anulabilidad. La revisión de oficio.",G15,Ley 39/2015,36,Procedimientos,Media,G15,ISM,,No,Teórico,B,B,Válida,01. Información oficial de la oposición\Exámenes oficiales anteriores\2025 Convocatoria 2024 - Acceso libre Modelo A.pdf,https://www.seg-social.es/wps/portal/wss/internet/InformacionUtil/9950/88beb45d-ca83-4bab-8162-f94ef2894562/7e46efac-32c8-4cf6-b3d3-d592c3560dff/rdpi_administrativos_2024,OCR Windows es-ES sobre PDF oficial,100,Alta,Regla jurídica determinista,2025_conv2024_ordinario_A-T15,1.0
2025_conv2024_ordinario_A-T16,2025,2024,2025-09-13,Acceso libre,Primera parte,A,A/B,Sí,Modelo A usado como variante canónica; el modelo B oficial está archivado y permuta el orden y/o las opciones.,16,No,"De acuerdo con 10 dispuesto el artículo 24 de la Ley 39/2015, de 1 de octubre, del Procedimiento Administrativo Común de las Administraciones Públicas, que regula el silencio administrativo, señale la respuesta correcta:",EI silencio tendrá efecto estimatorio en los procedimientos de responsabilidad patrimonial de las Administraciones Públicas.,La desestimación por silencio administrativo tiene a todos los efectos la consideración de acto administrativo finalizador del procedimiento.,EI sentido del silencio será estimatorio en los procedimientos de impugnación de actos y disposiciones y en los de revisión de oficio iniciados a solicitud de los interesados.,La desestimación por silencio administrativo tiene los solos efectos de permitir a los interesados la interposición del recurso administrativo o contencioso-administrativo que resulte procedente.,G16,16,Temario general,El procedimiento administrativo común. La capacidad de obrar y el concepto de interesado. Representación. Identificación y firma de los interesados. Derechos del interesado en el procedimiento administrativo. Obligación de resolver y silencio administrativo. Términos y plazos.,silencio administrativo,Ley 39/2015,24,Procedimientos,Media,silencio administrativo,,,No,Teórico,D,D,Válida,01. Información oficial de la oposición\Exámenes oficiales anteriores\2025 Convocatoria 2024 - Acceso libre Modelo A.pdf,https://www.seg-social.es/wps/portal/wss/internet/InformacionUtil/9950/88beb45d-ca83-4bab-8162-f94ef2894562/7e46efac-32c8-4cf6-b3d3-d592c3560dff/rdpi_administrativos_2024,OCR Windows es-ES sobre PDF oficial,100,Alta,Regla jurídica determinista,2025_conv2024_ordinario_A-T16,1.0
2025_conv2024_ordinario_A-T17,2025,2024,2025-09-13,Acceso libre,Primera parte,A,A/B,Sí,Modelo A usado como variante canónica; el modelo B oficial está archivado y permuta el orden y/o las opciones.,17,No,"De conformidad con 10 establecido en la Ley 39/2015, de I de octubre, del Procedimiento Administrativo Común de las Administraciones Públicas, en los procedimientos administrativos iniciados a solicitud del interesado:","Cuando las pretensiones correspondientes a una pluralidad de personas tengan un contenido y fundamento idéntico o sustancialmente similar, deberán ser formuladas en varias solicitudes.","Cuando la Administración en un procedimiento concreto establezca expresamente modelos específicos de presentación de solicitudes, éstos podrán ser utilizados por los interesados.","Los interesados sólo podrán solicitar el inicio de un procedimiento de responsabilidad patrimonial, cuando no haya prescrito su derecho e reclamar. EI derecho a reclamar prescribirá a los dos años de producido el hecho o el acto que motive la indemnización o se manifieste su efecto lesivo.","Si la solicitud de iniciación no reúne los requisitos exigidos, se requerirá al interesado para que, en un plazo de diez días subsane la falta o acompañe los documentos preceptivos.",G16,16,Temario general,El procedimiento administrativo común. La capacidad de obrar y el concepto de interesado. Representación. Identificación y firma de los interesados. Derechos del interesado en el procedimiento administrativo. Obligación de resolver y silencio administrativo. Términos y plazos.,G16,Ley 39/2015,,Procedimientos,Media,G16,,,No,Teórico,D,D,Válida,01. Información oficial de la oposición\Exámenes oficiales anteriores\2025 Convocatoria 2024 - Acceso libre Modelo A.pdf,https://www.seg-social.es/wps/portal/wss/internet/InformacionUtil/9950/88beb45d-ca83-4bab-8162-f94ef2894562/7e46efac-32c8-4cf6-b3d3-d592c3560dff/rdpi_administrativos_2024,OCR Windows es-ES sobre PDF oficial,100,Alta,Regla jurídica determinista,2025_conv2024_ordinario_A-T17,1.0
2025_conv2024_ordinario_A-T18,2025,2024,2025-09-13,Acceso libre,Primera parte,A,A/B,Sí,Modelo A usado como variante canónica; el modelo B oficial está archivado y permuta el orden y/o las opciones.,18,No,"Tal y como establece el artículo 11 de la Ley 29/1998, de 13 de julio, reguladora de la Jurisdicción Contencioso-administrativa, ¿Ante qué órgano debe interponerse los recursos que se deduzcan en relación con las disposiciones generales y los actos de los Ministros?",Ante la Sala de 10 Contencioso-administrativo del Tribunal Supremo.,Ante la Sala de 10 Contencioso-administrativo de la Audiencia Nacional.,Ante eI Tribunal Superior de Justicia de la comunidad autónoma correspondiente.,Ante el juzgado de 10 Contencioso-administrativo.,G18,18,Temario general,Los recursos administrativos: concepto y clases. Recurso de alzada. Recurso potestativo de reposición. Recurso extraordinario de revisión. La jurisdicción contencioso-administrativa: objeto y plazos de interposición del recurso contencioso administrativo.,G18,Ley 29/1998,11,Órganos,Media,G18,,,No,Teórico,B,B,Válida,01. Información oficial de la oposición\Exámenes oficiales anteriores\2025 Convocatoria 2024 - Acceso libre Modelo A.pdf,https://www.seg-social.es/wps/portal/wss/internet/InformacionUtil/9950/88beb45d-ca83-4bab-8162-f94ef2894562/7e46efac-32c8-4cf6-b3d3-d592c3560dff/rdpi_administrativos_2024,OCR Windows es-ES sobre PDF oficial,100,Alta,Regla jurídica determinista,2025_conv2024_ordinario_A-T18,1.0
2025_conv2024_ordinario_A-T19,2025,2024,2025-09-13,Acceso libre,Primera parte,A,A/B,Sí,Modelo A usado como variante canónica; el modelo B oficial está archivado y permuta el orden y/o las opciones.,19,No,"Conforme a 10 previsto en el artículo 39 del Real Decreto Legislativo 512015, de 30 de octubre, por eI que se aprueba el texto refundido de la Ley del Estatuto Básico del Empleado Público, los órganos específicos de representación de los funcionarios son los Delegados de Personal y las Juntas de Personal. AI respecto, señale la afirmación correcta:","Las Juntas de Personal elegirán de entre sus miembros un Presidente y un Secretario y elaborarán su propio reglamento de procedimiento, el cual, al igual que sus modificaciones, deberán ser aprobados por los votos favorables de al menos tres quintos de sus miembros.","Las Juntas de Personal elegirán de entre sus miembros un Presidente y un Secretario y elaborarán su propio reglamento de procedimiento, eI cual, al igual que sus modificaciones, deberán ser aprobados por los votos favorables de al menos dos tercios de sus miembros.","En las unidades electorales donde el número de funcionarios sea igual o superior a 6 e inferior a 59, su representación corresponderá a los Delegados de Personal.",Las Juntas de Personal se constituirán en unidades electorales que cuenten con un censo mínimo de 60 funcionarios.,G19,19,Temario general,"El personal al servicio de las Administraciones Públicas: concepto y clases. Derechos y deberes de los funcionarios. La carrera administrativa. Las incompatibilidades. Régimen disciplinario: faltas, sanciones y procedimiento.",G19,,39,Órganos,Alta,G19,,,No,Teórico,B,B,Válida,01. Información oficial de la oposición\Exámenes oficiales anteriores\2025 Convocatoria 2024 - Acceso libre Modelo A.pdf,https://www.seg-social.es/wps/portal/wss/internet/InformacionUtil/9950/88beb45d-ca83-4bab-8162-f94ef2894562/7e46efac-32c8-4cf6-b3d3-d592c3560dff/rdpi_administrativos_2024,OCR Windows es-ES sobre PDF oficial,100,Alta,Regla jurídica determinista,2025_conv2024_ordinario_A-T19,1.0
2025_conv2024_ordinario_A-T20,2025,2024,2025-09-13,Acceso libre,Primera parte,A,A/B,Sí,Modelo A usado como variante canónica; el modelo B oficial está archivado y permuta el orden y/o las opciones.,20,No,"Señale la afirmación correcta, de acuerdo con eI artículo 5 del Real Decreto 208/1996, de 9 de febrero, por el que se regulan los servicios de información administrativa y atención al ciudadano:",En cada Ministerio el titular de la Dirección General que tenga encomendada la competencia sobre la información administrativa ostentará la jefatura de la unidad departamental de información administrativa.,En cada Ministerio el titular de la Subdirección General que tenga encomendada la competencia sobre la información administrativa ostentará la jefatura de la unidad departamental de información administrativa.,En cada Ministerio eI titular de la Secretaría General Técnica que tenga encomendada la competencia sobre la información administrativa ostentará la jefatura de la unidad departamental de información administrativa.,En cada Ministerio el titular de la Subsecretaría que tenga encomendada la competencia sobre la información administrativa ostentará la jefatura de la unidad departamental de información administrativa.,G20,20,Temario general,Atención al público. Atención de personas con discapacidad. Los servicios de información administrativa. Información general y particular al ciudadano. Iniciativas. Reclamaciones. Quejas. Peticiones.,G20,Real Decreto 208/1996,5,Artículos literales,Media,G20,,,No,Teórico,B,B,Válida,01. Información oficial de la oposición\Exámenes oficiales anteriores\2025 Convocatoria 2024 - Acceso libre Modelo A.pdf,https://www.seg-social.es/wps/portal/wss/internet/InformacionUtil/9950/88beb45d-ca83-4bab-8162-f94ef2894562/7e46efac-32c8-4cf6-b3d3-d592c3560dff/rdpi_administrativos_2024,OCR Windows es-ES sobre PDF oficial,100,Alta,Regla jurídica determinista,2025_conv2024_ordinario_A-T20,1.0
2025_conv2024_ordinario_A-T21,2025,2024,2025-09-13,Acceso libre,Primera parte,A,A/B,Sí,Modelo A usado como variante canónica; el modelo B oficial está archivado y permuta el orden y/o las opciones.,21,No,"Según el artículo 60 de la Ley Orgánica 312007, de 22 de marzo, para la igualdad efectiva de mujeres y hombres:","Con el fin de facilitar ia promoción profesional, en las convocatorias de cursos de formación para el acceso a puestos directivos en la Administración General del Estado y en los organismos públicos vinculados o dependientes de ella, se reservará como máximo un 5% de las plazas para su adjudicación a aquellas empleadas que reúnan los requisitos establecidos.","La aprobación de las convocatorias de pruebas selectivas: podrán ir acompañadas de un informe de impacto de género según e' número de candidatos presentados, excepto en casos de urgencia en los que deberá acompañarse, en su caso, y sin perjuicio de la prohibición de discriminación por razón de sexo.","Con e' objeto de actualizar los conocimientos de los empleados y empleadas públicas, se otorgará preferencia, durante el plazo de 1 año, en la adjudicación de plazas para participar en los cursos de formación a quienes se hayan incorporado al servicio activo procedentes del permiso de maternidad o paternidad.","Todos tos Departamentos Ministeriales remitirán, cada dos años, información relativa a la aplicación efectiva en cada uno de ellos del principio de igualdad entre mujeres y hombres, sin necesidad de desagregación por sexo de los datos, de la distribución de su plantilla, grupo de titulación, nivel de complemento de destino y retribuciones promediadas de su personal.",G21,21,Temario general,"Políticas de igualdad y contra la violencia de género. Discapacidad y dependencia: régimen jurídico. La Ley 4/2023, de 28 de febrero, para la igualdad real y efectiva de las personas trans y para la garantía de los derechos de las personas LGTBI.",G21,,60,Artículos literales,Media,G21,,,No,Teórico,C,C,Válida,01. Información oficial de la oposición\Exámenes oficiales anteriores\2025 Convocatoria 2024 - Acceso libre Modelo A.pdf,https://www.seg-social.es/wps/portal/wss/internet/InformacionUtil/9950/88beb45d-ca83-4bab-8162-f94ef2894562/7e46efac-32c8-4cf6-b3d3-d592c3560dff/rdpi_administrativos_2024,OCR Windows es-ES sobre PDF oficial,100,Alta,Regla jurídica determinista,2025_conv2024_ordinario_A-T21,1.0
2025_conv2024_ordinario_A-T22,2025,2024,2025-09-13,Acceso libre,Primera parte,A,A/B,Sí,Modelo A usado como variante canónica; el modelo B oficial está archivado y permuta el orden y/o las opciones.,22,No,"Según las disposiciones generales sobre el ejercicio de los derechos recogidas en el artículo 12 de la Ley Orgánica 3/2018, de 5 de diciembre, de Protección de Datos Personales y Garantía de los Derechos Digitales, señale la respuesta correcta:","EI delegado de protección de datos está obligado a informar a los interesados, en el plazo máximo de 30 días, sobre el estado de las solicitudes de ejercicio de derechos.",EI encargado del tratamiento estará obligado e informar al afectado sobre los medios a su disposición para ejercer los derechos que le corresponden.,"Los derechos reconocidos a las personas físicas en la Ley Orgánica 3/2018 no podrán ejercerse por medio de representante legal o voluntario, al ser derechos considerados personalísimos.","Serán gratuitas las actuaciones llevadas a cabo por el responsable del tratamiento para atender fas soEicitudes de ejercicio de estos derechos, sin perjuicio de las excepciones previstas en eI Reglamento (UE) 2016/679 y en la propia ley orgánica de protección de datos.",G22,22,Temario general,"Normativa reguladora de la protección de datos personales: principios, derechos de las personas y ejercicios de los derechos.",G22,Ley Orgánica 3/2018,12,Artículos literales,Media,G22,,,No,Teórico,D,D,Válida,01. Información oficial de la oposición\Exámenes oficiales anteriores\2025 Convocatoria 2024 - Acceso libre Modelo A.pdf,https://www.seg-social.es/wps/portal/wss/internet/InformacionUtil/9950/88beb45d-ca83-4bab-8162-f94ef2894562/7e46efac-32c8-4cf6-b3d3-d592c3560dff/rdpi_administrativos_2024,OCR Windows es-ES sobre PDF oficial,100,Alta,Regla jurídica determinista,2025_conv2024_ordinario_A-T22,1.0
2025_conv2024_ordinario_A-T23,2025,2024,2025-09-13,Acceso libre,Primera parte,A,A/B,Sí,Modelo A usado como variante canónica; el modelo B oficial está archivado y permuta el orden y/o las opciones.,23,No,"Según el artículo 14 de la Ley 39/2015, de 1 de octubre, del Procedimiento Administrativo Común de las Administraciones Públicas, serán sujetos obligados a relacionarse electrónicamente a través de medios electrónicos con las Administraciones Públicas para la realización de cualquier trámite de un procedimiento administrativo, señale la respuesta INCORRECTA:",Las personas jurídicas.,"Los empleados de las Administraciones Públicas para los trámites y actuaciones que realicen con ellas por razón de su condición de empleado público, en la forma en que se determine reglamentariamente por cada Administración.","Quienes representen a un interesado, en todo caso.",Las entidades sin personalidad jurídica,G23,23,Temario general,"El funcionamiento electrónico del sector público. Derecho y obligación de relacionarse electrónicamente con las Administraciones Públicas, registros y archivo electrónico.",G23,Ley 39/2015,14,Procedimientos,Alta,G23,,,Sí,Teórico,C,C,Válida,01. Información oficial de la oposición\Exámenes oficiales anteriores\2025 Convocatoria 2024 - Acceso libre Modelo A.pdf,https://www.seg-social.es/wps/portal/wss/internet/InformacionUtil/9950/88beb45d-ca83-4bab-8162-f94ef2894562/7e46efac-32c8-4cf6-b3d3-d592c3560dff/rdpi_administrativos_2024,OCR Windows es-ES sobre PDF oficial,100,Alta,Regla jurídica determinista,2025_conv2024_ordinario_A-T23,1.0
2025_conv2024_ordinario_A-T24,2025,2024,2025-09-13,Acceso libre,Primera parte,A,A/B,Sí,Modelo A usado como variante canónica; el modelo B oficial está archivado y permuta el orden y/o las opciones.,24,No,"En relación con la estructura del texto refundido de la Ley General de la Seguridad Social, ¿Cómo se denomina el Título V?:",Protección por cese de actividad.,Régimen General de la Seguridad Social.,Régimen Especial de la Seguridad Social de los Trabajadores por Cuenta Propia o Autónomos.,Normas generales del sistema de la Seguridad Social.,S02,2,Temario específico Seguridad Social,"Campo de aplicación y composición del sistema de la Seguridad Social. Régimen general: ámbito subjetivo de aplicación, inclusiones y exclusiones. Regímenes especiales: enumeración, características generales, altas, bajas y cotización. Particularidades de la acción protectora. Sistemas especiales: enumeración y características generales. Altas, bajas y cotización. Particularidades de la acción protectora.",S02,texto refundido de la Ley General de la Seguridad Social,,Artículos literales,Básica,S02,,,No,Teórico,A,A,Válida,01. Información oficial de la oposición\Exámenes oficiales anteriores\2025 Convocatoria 2024 - Acceso libre Modelo A.pdf,https://www.seg-social.es/wps/portal/wss/internet/InformacionUtil/9950/88beb45d-ca83-4bab-8162-f94ef2894562/7e46efac-32c8-4cf6-b3d3-d592c3560dff/rdpi_administrativos_2024,OCR Windows es-ES sobre PDF oficial,100,Alta,Regla jurídica determinista,2025_conv2024_ordinario_A-T24,1.0
2025_conv2024_ordinario_A-T25,2025,2024,2025-09-13,Acceso libre,Primera parte,A,A/B,Sí,Modelo A usado como variante canónica; el modelo B oficial está archivado y permuta el orden y/o las opciones.,25,No,Alguna de las prestaciones que incluye eI Título II del texto refundido de la Ley General de la Seguridad Social son:,"Riesgo durante eI embarazo, riesgo durante la lactancia natural y subsidio por maternidad.","Cuidado de menores afectados por cáncer u otra enfermedad grave, lesiones permanentes no incapacitantes y muerte y supervivencia.","Incapacidad temporal, ejercicio corresponsable del cuidado del lactante e ingreso mínimo vital.","Nacimiento y cuidado de menor, incapacidad permanente contributiva y complementos por mínimos de las pensiones de le Seguridad Social.",S01,1,Temario específico Seguridad Social,La Seguridad Social en la Constitución española de 1978. El texto refundido de la Ley General de la Seguridad Social.,S01,texto refundido de la Ley General de la Seguridad Social,,Artículos literales,Básica,S01,,,No,Teórico,B,B,Válida,01. Información oficial de la oposición\Exámenes oficiales anteriores\2025 Convocatoria 2024 - Acceso libre Modelo A.pdf,https://www.seg-social.es/wps/portal/wss/internet/InformacionUtil/9950/88beb45d-ca83-4bab-8162-f94ef2894562/7e46efac-32c8-4cf6-b3d3-d592c3560dff/rdpi_administrativos_2024,OCR Windows es-ES sobre PDF oficial,100,Alta,Revisión jurídica individual,2025_conv2024_ordinario_A-T25,1.0
2025_conv2024_ordinario_A-T26,2025,2024,2025-09-13,Acceso libre,Primera parte,A,A/B,Sí,Modelo A usado como variante canónica; el modelo B oficial está archivado y permuta el orden y/o las opciones.,26,No,"Según eI artículo 7 del texto refundido de la Ley General de la Seguridad Social, se encuentran comprendidos en el sistema de la Seguridad Social a efectos de las prestaciones contributivas, cualquiera que sea su sexo, estado civil y profesión, los españoles que residan en España y los extranjeros que residan o se encuentren legalmente en España, siempre que, en ambos supuestos, ejerzan su actividad en territorio nacional y estén incluidos en alguno de los apartados siguientes:","Trabajadores por cuenta ajena, socios trabajadores de cooperativas de trabajo asociado, los miembros de las corporaciones locales y los funcionarios públicos, civiles y militares.","Trabajadores por cuenta ajena, trabajadores por cuenta propia, eI personal civil no funcionario de la Administración, y los funcionarios transferidos a las comunidades autónomas.","Trabajadores por cuenta ajena, trabajadores del mar, trabajadores agrarios y empleados de hogar.","Trabajadores por cuenta ajena, trabajadores por cuenta propia, socios trabajadores de cooperativas de trabajo asociado, estudiantes y funcionarios públicos civiles y militares.",S02,2,Temario específico Seguridad Social,"Campo de aplicación y composición del sistema de la Seguridad Social. Régimen general: ámbito subjetivo de aplicación, inclusiones y exclusiones. Regímenes especiales: enumeración, características generales, altas, bajas y cotización. Particularidades de la acción protectora. Sistemas especiales: enumeración y características generales. Altas, bajas y cotización. Particularidades de la acción protectora.",S02,texto refundido de la Ley General de la Seguridad Social,7,Artículos literales,Alta,S02,,,No,Teórico,D,D,Válida,01. Información oficial de la oposición\Exámenes oficiales anteriores\2025 Convocatoria 2024 - Acceso libre Modelo A.pdf,https://www.seg-social.es/wps/portal/wss/internet/InformacionUtil/9950/88beb45d-ca83-4bab-8162-f94ef2894562/7e46efac-32c8-4cf6-b3d3-d592c3560dff/rdpi_administrativos_2024,OCR Windows es-ES sobre PDF oficial,100,Alta,Regla jurídica determinista,2025_conv2024_ordinario_A-T26,1.0
2025_conv2024_ordinario_A-T27,2025,2024,2025-09-13,Acceso libre,Primera parte,A,A/B,Sí,Modelo A usado como variante canónica; el modelo B oficial está archivado y permuta el orden y/o las opciones.,27,No,"Según eI artículo I del Real Decreto 357/1991, de 15 de marzo, por eI que se desarrolla, en materia de pensiones no contributivas, la Ley 26/1990, de 20 de diciembre, por la que se establecen en la Seguridad Social prestaciones no contributivas, en la pensión de invalidez, aparte de la residencia actual en territorio nacional, se exige una residencia anterior de:","10 años, de los cuales 2 deberán ser inmediatamente anteriores a la fecha de solicitud de la pensión.",90 días dentro del año inmediatamente anterior.,"5 años, de los cuales 2 deberán ser inmediatamente anteriores a la fecha de solicitud de la pensión.",Sólo se exige residencie actual.,S12,12,Temario específico Seguridad Social,"Prestaciones no contributivas y asistenciales. El ingreso mínimo vital: beneficiarios, requisitos y duración. Obligaciones de las personas beneficiarias. Cuantía, pago, reintegro de prestaciones indebidas. Prestaciones familiares múltiples. Prestaciones familiares en la modalidad contributiva. Las pensiones no contributivas: Invalidez no contributiva: Jubilación no contributiva.",S12,Ley 26/1990,,Prestaciones no contributivas,Alta,S12,,,No,Teórico,C,C,Válida,01. Información oficial de la oposición\Exámenes oficiales anteriores\2025 Convocatoria 2024 - Acceso libre Modelo A.pdf,https://www.seg-social.es/wps/portal/wss/internet/InformacionUtil/9950/88beb45d-ca83-4bab-8162-f94ef2894562/7e46efac-32c8-4cf6-b3d3-d592c3560dff/rdpi_administrativos_2024,OCR Windows es-ES sobre PDF oficial,100,Alta,Regla jurídica determinista,2025_conv2024_ordinario_A-T27,1.0
2025_conv2024_ordinario_A-T28,2025,2024,2025-09-13,Acceso libre,Primera parte,A,A/B,Sí,Modelo A usado como variante canónica; el modelo B oficial está archivado y permuta el orden y/o las opciones.,28,No,"Según eI artículo 14 del texto refundido de la Ley General de la Seguridad Social, los socios trabajadores de las cooperativas de trabajo asociado disfrutarán de los beneficios de la Seguridad Social, y estarán encuadrados en:","En el Régimen General como asimilados a trabajadores por cuenta ajena, con exclusión de la protección por desempleo y del Fondo de Garantía Salarial.",La cooperativa podrá optar entre eI Régimen Especial de Trabajadores Autónomos y eI Régimen General como asimilados a trabajadores por cuenta ajena con exclusión de la protección por desempleo y del Fondo de Garantía Salarial.,En el Régimen Especial de Trabajadores Autónomos.,La cooperativa podrá optar entre eI Régimen Especial de Trabajadores Autónomos y eI Régimen General como asimilados a trabajadores por cuenta ajena con exclusión de la protección del Fondo de Garantía Salarial.,S02,2,Temario específico Seguridad Social,"Campo de aplicación y composición del sistema de la Seguridad Social. Régimen general: ámbito subjetivo de aplicación, inclusiones y exclusiones. Regímenes especiales: enumeración, características generales, altas, bajas y cotización. Particularidades de la acción protectora. Sistemas especiales: enumeración y características generales. Altas, bajas y cotización. Particularidades de la acción protectora.",S02,texto refundido de la Ley General de la Seguridad Social,14,Artículos literales,Media,S02,,,No,Teórico,D,D,Válida,01. Información oficial de la oposición\Exámenes oficiales anteriores\2025 Convocatoria 2024 - Acceso libre Modelo A.pdf,https://www.seg-social.es/wps/portal/wss/internet/InformacionUtil/9950/88beb45d-ca83-4bab-8162-f94ef2894562/7e46efac-32c8-4cf6-b3d3-d592c3560dff/rdpi_administrativos_2024,OCR Windows es-ES sobre PDF oficial,100,Alta,Regla jurídica determinista,2025_conv2024_ordinario_A-T28,1.0
2025_conv2024_ordinario_A-T29,2025,2024,2025-09-13,Acceso libre,Primera parte,A,A/B,Sí,Modelo A usado como variante canónica; el modelo B oficial está archivado y permuta el orden y/o las opciones.,29,No,"EI incumplimiento de la obligación de solicitar la afiliación al sistema de la Seguridad Social de quienes, no estando afiliados, ingresen a su servicio constituye, conforme al texto refundido de la Ley sobre Infracciones y Sanciones en eI Orden Social (Real Decreto Legislativo 5/2000, de 4 de agosto):",Constituye infracción leve.,Constituye infracción grave.,Constituye infracción muy grave.,No constituye infracción si regulariza la situación en los 30 días siguientes.,S03,3,Temario específico Seguridad Social,Normas sobre afiliación. Altas y bajas en el régimen general. Procedimiento y efectos. El convenio especial y otras situaciones asimiladas a la del alta. Encuadramiento e inscripción.,afiliación,Real Decreto Legislativo 5/2000,,"Afiliación, altas y bajas",Media,afiliación,,,Sí,Teórico,B,B,Válida,01. Información oficial de la oposición\Exámenes oficiales anteriores\2025 Convocatoria 2024 - Acceso libre Modelo A.pdf,https://www.seg-social.es/wps/portal/wss/internet/InformacionUtil/9950/88beb45d-ca83-4bab-8162-f94ef2894562/7e46efac-32c8-4cf6-b3d3-d592c3560dff/rdpi_administrativos_2024,OCR Windows es-ES sobre PDF oficial,100,Alta,Revisión jurídica individual,2025_conv2024_ordinario_A-T29,1.0
2025_conv2024_ordinario_A-T30,2025,2024,2025-09-13,Acceso libre,Primera parte,A,A/B,Sí,Modelo A usado como variante canónica; el modelo B oficial está archivado y permuta el orden y/o las opciones.,30,No,"Según el artículo 29 del Real Decreto 84/1996, de 26 de enero, aunque el empresario incumpla con sus obligaciones respecto del alta, los trabajadores por cuenta ajena y asimilados incluidos en eI campo de aplicación de los regímenes del sistema de la Seguridad Social se considerarán, de pleno derecho, en situación de alta en ellos, a efectos de:","Accidentes de trabajo, enfermedades profesionales, desempleo, riesgo durante eI embarazo, riesgo durante la lactancia natural.","Accidentes de trabajo, enfermedades profesionales, desempleo, riesgo durante el embarazo, riesgo durante la lactancia natural y asistencia sanitaria por enfermedad común, maternidad y accidente no laboral.","Accidentes de trabajo, enfermedades profesionales, desempleo, riesgo durante el embarazo, riesgo durante la lactancia natural y asistencia sanitaria por todas las contingencias.",Asistencia sanitaria derivada de incapacidad temporal.,S03,3,Temario específico Seguridad Social,Normas sobre afiliación. Altas y bajas en el régimen general. Procedimiento y efectos. El convenio especial y otras situaciones asimiladas a la del alta. Encuadramiento e inscripción.,alta,Real Decreto 84/1996,29,"Afiliación, altas y bajas",Alta,alta,,,No,Teórico,B,B,Válida,01. Información oficial de la oposición\Exámenes oficiales anteriores\2025 Convocatoria 2024 - Acceso libre Modelo A.pdf,https://www.seg-social.es/wps/portal/wss/internet/InformacionUtil/9950/88beb45d-ca83-4bab-8162-f94ef2894562/7e46efac-32c8-4cf6-b3d3-d592c3560dff/rdpi_administrativos_2024,OCR Windows es-ES sobre PDF oficial,100,Alta,Regla jurídica determinista,2025_conv2024_ordinario_A-T30,1.0
2025_conv2024_ordinario_A-T31,2025,2024,2025-09-13,Acceso libre,Primera parte,A,A/B,Sí,Modelo A usado como variante canónica; el modelo B oficial está archivado y permuta el orden y/o las opciones.,31,No,"Según el artículo 35 del Real Decreto 84/1996, de 26 de enero, ¿Cuál es el efecto de las altas solicitadas fuera de plazo?","Tendrán efectos desde eI día en que se formule la solicitud salvo que se haya producido el ingreso de las cuotas dentro de plazo reglamentario, en cuyo caso eI alta retrotraerá sus efectos a la fecha en que se hayan ingresado las primeras cuotas correspondientes al trabajador de que se trate.","Tendrán efectos desde el día en que se inicie la actividad, en todo caso.","Tendrán efectos desde el día en que se formule la solicitud, en todo caso.",Tendrán efectos desde el día que determine la Inspección de Trabajo y Seguridad Social.,S03,3,Temario específico Seguridad Social,Normas sobre afiliación. Altas y bajas en el régimen general. Procedimiento y efectos. El convenio especial y otras situaciones asimiladas a la del alta. Encuadramiento e inscripción.,S03,Real Decreto 84/1996,35,Plazos,Media,S03,,,No,Teórico,A,A,Válida,01. Información oficial de la oposición\Exámenes oficiales anteriores\2025 Convocatoria 2024 - Acceso libre Modelo A.pdf,https://www.seg-social.es/wps/portal/wss/internet/InformacionUtil/9950/88beb45d-ca83-4bab-8162-f94ef2894562/7e46efac-32c8-4cf6-b3d3-d592c3560dff/rdpi_administrativos_2024,OCR Windows es-ES sobre PDF oficial,100,Alta,Regla jurídica determinista,2025_conv2024_ordinario_A-T31,1.0
2025_conv2024_ordinario_A-T32,2025,2024,2025-09-13,Acceso libre,Primera parte,A,A/B,Sí,Modelo A usado como variante canónica; el modelo B oficial está archivado y permuta el orden y/o las opciones.,32,No,"Según eI artículo 63 del Real Decreto 84/1996, de 26 de enero, exceptuando eI Convenio Especial ¿cuál es eI plazo para dictar resolución en los procedimientos relativos a la inscripción, afiliación, altas, bajas y variaciones de datos?",15 días.,30 días.,45 días.,3 meses.,S03,3,Temario específico Seguridad Social,Normas sobre afiliación. Altas y bajas en el régimen general. Procedimiento y efectos. El convenio especial y otras situaciones asimiladas a la del alta. Encuadramiento e inscripción.,afiliación,Real Decreto 84/1996,63,Plazos,Media,afiliación,,,No,Teórico,C,C,Válida,01. Información oficial de la oposición\Exámenes oficiales anteriores\2025 Convocatoria 2024 - Acceso libre Modelo A.pdf,https://www.seg-social.es/wps/portal/wss/internet/InformacionUtil/9950/88beb45d-ca83-4bab-8162-f94ef2894562/7e46efac-32c8-4cf6-b3d3-d592c3560dff/rdpi_administrativos_2024,OCR Windows es-ES sobre PDF oficial,100,Alta,Regla jurídica determinista,2025_conv2024_ordinario_A-T32,1.0
2025_conv2024_ordinario_A-T33,2025,2024,2025-09-13,Acceso libre,Primera parte,A,A/B,Sí,Modelo A usado como variante canónica; el modelo B oficial está archivado y permuta el orden y/o las opciones.,33,No,"De acuerdo con el artículo 57 del Real Decreto 2064/1995, de 22 de diciembre, por eI que se aprueba eI Reglamento General sobre Cotización y Liquidación de otros Derechos de la Seguridad Social, en eI Régimen Especial de la Minería de Carbón, la cotización adicional por horas extraordinarias:",Se calculará de acuerdo con eI señalado para el Régimen General.,No es de aplicación en este Régimen Especial.,"Se calculará de acuerdo con 10 señalado para el Régimen General, aunque se aplicará una reducción del 0,5%.","Se calculará de acuerdo con 10 señalado para este Régimen Especial, aunque se aplicará una reducción del 0,5%.",S04,4,Temario específico Seguridad Social,La cotización a la Seguridad Social: normas comunes del sistema. La liquidación de cuotas. El régimen general de la Seguridad Social. Supuestos especiales. Bases y tipos de cotización. Liquidación de otras deudas.,S04,Real Decreto 2064/1995,57,Cotización,Media,S04,,,No,Teórico,B,B,Válida,01. Información oficial de la oposición\Exámenes oficiales anteriores\2025 Convocatoria 2024 - Acceso libre Modelo A.pdf,https://www.seg-social.es/wps/portal/wss/internet/InformacionUtil/9950/88beb45d-ca83-4bab-8162-f94ef2894562/7e46efac-32c8-4cf6-b3d3-d592c3560dff/rdpi_administrativos_2024,OCR Windows es-ES sobre PDF oficial,100,Alta,Regla jurídica determinista,2025_conv2024_ordinario_A-T33,1.0
2025_conv2024_ordinario_A-T34,2025,2024,2025-09-13,Acceso libre,Primera parte,A,A/B,Sí,Modelo A usado como variante canónica; el modelo B oficial está archivado y permuta el orden y/o las opciones.,34,No,"Conforme establece eI artículo 60 del Real Decreto 2064/1995, de 22 de diciembre, por eI que se aprueba el Reglamento General sobre Cotización y Liquidación de otros Derechos de la Seguridad Social, el objeto de la obligación de cotizar al Seguro Escolar comprenderá las aportaciones:",De los estudiantes asegurados y del Ministerio de Educación y Ciencia.,"De los centros docentes y, además, del Ministerio de Educación y Ciencia.","De ios estudiantes asegurados y, además, de los centros docentes.",De los estudiantes asegurados.,S04,4,Temario específico Seguridad Social,La cotización a la Seguridad Social: normas comunes del sistema. La liquidación de cuotas. El régimen general de la Seguridad Social. Supuestos especiales. Bases y tipos de cotización. Liquidación de otras deudas.,S04,Real Decreto 2064/1995,60,Cotización,Media,S04,,,No,Teórico,A,A,Válida,01. Información oficial de la oposición\Exámenes oficiales anteriores\2025 Convocatoria 2024 - Acceso libre Modelo A.pdf,https://www.seg-social.es/wps/portal/wss/internet/InformacionUtil/9950/88beb45d-ca83-4bab-8162-f94ef2894562/7e46efac-32c8-4cf6-b3d3-d592c3560dff/rdpi_administrativos_2024,OCR Windows es-ES sobre PDF oficial,100,Alta,Regla jurídica determinista,2025_conv2024_ordinario_A-T34,1.0
2025_conv2024_ordinario_A-T35,2025,2024,2025-09-13,Acceso libre,Primera parte,A,A/B,Sí,Modelo A usado como variante canónica; el modelo B oficial está archivado y permuta el orden y/o las opciones.,35,No,"EI artículo 34 del texto refundido de la Ley General de la Seguridad Social, indica que las actas de liquidación extendidas con los requisitos reglamentariamente establecidos se elevarán a definitivas mediante acto administrativo de:",La Dirección Territorial de la Inspección de Trabajo y Seguridad Social o la respectiva Jefatura Provincial.,La Dirección General de la Inspección de Trabajo y Seguridad social o la respectiva Jefatura Provincial.,La Dirección General o de la respectiva Dirección Provincial de la Tesorería General de la Seguridad Social.,La Dirección General de la Inspección Trabajo y Seguridad Social o la Dirección General de la Tesorería General de la Seguridad Social.,S04,4,Temario específico Seguridad Social,La cotización a la Seguridad Social: normas comunes del sistema. La liquidación de cuotas. El régimen general de la Seguridad Social. Supuestos especiales. Bases y tipos de cotización. Liquidación de otras deudas.,S04,texto refundido de la Ley General de la Seguridad Social,34,Requisitos,Media,S04,,,No,Teórico,C,C,Válida,01. Información oficial de la oposición\Exámenes oficiales anteriores\2025 Convocatoria 2024 - Acceso libre Modelo A.pdf,https://www.seg-social.es/wps/portal/wss/internet/InformacionUtil/9950/88beb45d-ca83-4bab-8162-f94ef2894562/7e46efac-32c8-4cf6-b3d3-d592c3560dff/rdpi_administrativos_2024,OCR Windows es-ES sobre PDF oficial,100,Alta,Regla jurídica determinista,2025_conv2024_ordinario_A-T35,1.0
2025_conv2024_ordinario_A-T36,2025,2024,2025-09-13,Acceso libre,Primera parte,A,A/B,Sí,Modelo A usado como variante canónica; el modelo B oficial está archivado y permuta el orden y/o las opciones.,36,No,"¿Cuántas veces establece el artículo 45 del Real Decreto 2064/1995, de 22 de diciembre, por el que se aprueba el Reglamento General sobre Cotización y Liquidación de otros Derechos de la Seguridad Social, que eI trabajador incluido en el Régimen Especial de los trabajadores por Cuenta Propia o Autónomos, puede cambiar la base por la que vengan obligados a cotizar?",Hasta 2 veces al año.,Hasta seis veces al año.,Hasta cuatro veces al año.,Siete veces al año.,S04,4,Temario específico Seguridad Social,La cotización a la Seguridad Social: normas comunes del sistema. La liquidación de cuotas. El régimen general de la Seguridad Social. Supuestos especiales. Bases y tipos de cotización. Liquidación de otras deudas.,S04,Real Decreto 2064/1995,45,Cotización,Alta,S04,,,No,Teórico,B,B,Válida,01. Información oficial de la oposición\Exámenes oficiales anteriores\2025 Convocatoria 2024 - Acceso libre Modelo A.pdf,https://www.seg-social.es/wps/portal/wss/internet/InformacionUtil/9950/88beb45d-ca83-4bab-8162-f94ef2894562/7e46efac-32c8-4cf6-b3d3-d592c3560dff/rdpi_administrativos_2024,OCR Windows es-ES sobre PDF oficial,100,Alta,Regla jurídica determinista,2025_conv2024_ordinario_A-T36,1.0
2025_conv2024_ordinario_A-T37,2025,2024,2025-09-13,Acceso libre,Primera parte,A,A/B,Sí,Modelo A usado como variante canónica; el modelo B oficial está archivado y permuta el orden y/o las opciones.,37,No,"Conforme establece el artículo 2 del Reglamento General de Recaudación de la Seguridad Social, aprobado por el Real Decreto 1415/2004, de II de junio, la Tesorería General de la Seguridad Social lleva a cabo la gestión recaudatoria a través de:","Las administraciones de la Seguridad Social y unidades de recaudación ejecutiva, salvo atribución expresa a otros órganos o unidades.","Las direcciones provinciales, salvo atribución expresa a otros órganos o unidades.","Las administraciones de la Seguridad Social, salvo atribución expresa a otros órganos o unidades.","Las unidades de recaudación ejecutiva, salvo atribución expresa a otros órganos o unidades.",S05,5,Temario específico Seguridad Social,"La gestión recaudatoria: concepto, competencia y objeto. Responsables del pago. Requisitos para el pago. Medios de pago. Control de recaudación. Revisión de los actos de gestión recaudatoria. La recaudación en periodo voluntario. Efectos de la falta de cotización en período reglamentario. Recaudación de otros recursos. Aplazamientos. Devolución de ingresos indebidos. Capital coste de pensiones.",S05,Real Decreto 1415/2004,2,Recaudación,Media,S05,Tesorería General de la Seguridad Social,,No,Teórico,B,B,Válida,01. Información oficial de la oposición\Exámenes oficiales anteriores\2025 Convocatoria 2024 - Acceso libre Modelo A.pdf,https://www.seg-social.es/wps/portal/wss/internet/InformacionUtil/9950/88beb45d-ca83-4bab-8162-f94ef2894562/7e46efac-32c8-4cf6-b3d3-d592c3560dff/rdpi_administrativos_2024,OCR Windows es-ES sobre PDF oficial,100,Alta,Regla jurídica determinista,2025_conv2024_ordinario_A-T37,1.0
2025_conv2024_ordinario_A-T38,2025,2024,2025-09-13,Acceso libre,Primera parte,A,A/B,Sí,Modelo A usado como variante canónica; el modelo B oficial está archivado y permuta el orden y/o las opciones.,38,No,"Según establece eI artículo 44 del Reglamento General de Recaudación de la Seguridad Social, aprobado por eI Real Decreto 1415/2004, de II de junio, reconocida la procedencia de la devolución de un ingreso indebido de cuotas, el derecho a exigir su pago:",Caducará a los cuatro años a contar desde la fecha de resolución del acto de reconocimiento.,Prescribirá a los cuatro años a contar desde la fecha de notificación del acto de reconocimiento.,Caducará a los cuatro años a contar desde la fecha de notificación del acto de reconocimiento.,Prescribirá a los cuatro años a contar desde la fecha de resolución del acto de reconocimiento.,S05,5,Temario específico Seguridad Social,"La gestión recaudatoria: concepto, competencia y objeto. Responsables del pago. Requisitos para el pago. Medios de pago. Control de recaudación. Revisión de los actos de gestión recaudatoria. La recaudación en periodo voluntario. Efectos de la falta de cotización en período reglamentario. Recaudación de otros recursos. Aplazamientos. Devolución de ingresos indebidos. Capital coste de pensiones.",S05,Real Decreto 1415/2004,44,Recaudación,Media,S05,,,No,Teórico,C,C,Válida,01. Información oficial de la oposición\Exámenes oficiales anteriores\2025 Convocatoria 2024 - Acceso libre Modelo A.pdf,https://www.seg-social.es/wps/portal/wss/internet/InformacionUtil/9950/88beb45d-ca83-4bab-8162-f94ef2894562/7e46efac-32c8-4cf6-b3d3-d592c3560dff/rdpi_administrativos_2024,OCR Windows es-ES sobre PDF oficial,100,Alta,Regla jurídica determinista,2025_conv2024_ordinario_A-T38,1.0
2025_conv2024_ordinario_A-T39,2025,2024,2025-09-13,Acceso libre,Primera parte,A,A/B,Sí,Modelo A usado como variante canónica; el modelo B oficial está archivado y permuta el orden y/o las opciones.,39,No,"EI artículo 32 del Reglamento General de Recaudación de la Seguridad Social, aprobado por el Real Decreto 1415/2004, de II de junio, establece que las cantidades adeudadas en concepto de recargo sobre prestaciones económicas debidas a accidente de trabajo o enfermedad profesional originado por falta de medidas de seguridad e higiene en el trabajo, podrán ser objeto de aplazamiento siempre que se garantice:",Íntegramente con cualquier tipo de garantía.,EI cincuenta por ciento del importe con aval o hipoteca inmobiliaria.,íntegramente con aval o hipoteca inmobiliaria.,íntegramente con aval.,S05,5,Temario específico Seguridad Social,"La gestión recaudatoria: concepto, competencia y objeto. Responsables del pago. Requisitos para el pago. Medios de pago. Control de recaudación. Revisión de los actos de gestión recaudatoria. La recaudación en periodo voluntario. Efectos de la falta de cotización en período reglamentario. Recaudación de otros recursos. Aplazamientos. Devolución de ingresos indebidos. Capital coste de pensiones.",aplazamiento,Real Decreto 1415/2004,32,Definiciones,Alta,aplazamiento,,,No,Teórico,D,D,Válida,01. Información oficial de la oposición\Exámenes oficiales anteriores\2025 Convocatoria 2024 - Acceso libre Modelo A.pdf,https://www.seg-social.es/wps/portal/wss/internet/InformacionUtil/9950/88beb45d-ca83-4bab-8162-f94ef2894562/7e46efac-32c8-4cf6-b3d3-d592c3560dff/rdpi_administrativos_2024,OCR Windows es-ES sobre PDF oficial,100,Alta,Regla jurídica determinista,2025_conv2024_ordinario_A-T39,1.0
2025_conv2024_ordinario_A-T40,2025,2024,2025-09-13,Acceso libre,Primera parte,A,A/B,Sí,Modelo A usado como variante canónica; el modelo B oficial está archivado y permuta el orden y/o las opciones.,40,No,"Según establece el artículo 65 del Reglamento General de Recaudación de la Seguridad Social, aprobado por eI Real Decreto 141512004, de II de junio, la Inspección de Trabajo y Seguridad Social, en determinados supuestos, puede formular requerimientos a tos responsables del pago de cuotas adeudas por cualquier causa, previo reconocimiento de la deuda ante el funcionario actuante, y el ingreso se deberá de realizar en el plazo determinado por esta que:",No podrá ser inferior a un mes ni superior a cuatro meses.,No podrá ser inferior a un mes ni superior a seis meses.,No podrá ser inferior a quince días ni superior a tres meses.,No podrá ser inferior a un mes ni superior a tres meses.,S05,5,Temario específico Seguridad Social,"La gestión recaudatoria: concepto, competencia y objeto. Responsables del pago. Requisitos para el pago. Medios de pago. Control de recaudación. Revisión de los actos de gestión recaudatoria. La recaudación en periodo voluntario. Efectos de la falta de cotización en período reglamentario. Recaudación de otros recursos. Aplazamientos. Devolución de ingresos indebidos. Capital coste de pensiones.",S05,,65,Plazos,Alta,S05,Inspección de Trabajo y Seguridad Social,,No,Teórico,A,A,Válida,01. Información oficial de la oposición\Exámenes oficiales anteriores\2025 Convocatoria 2024 - Acceso libre Modelo A.pdf,https://www.seg-social.es/wps/portal/wss/internet/InformacionUtil/9950/88beb45d-ca83-4bab-8162-f94ef2894562/7e46efac-32c8-4cf6-b3d3-d592c3560dff/rdpi_administrativos_2024,OCR Windows es-ES sobre PDF oficial,100,Alta,Regla jurídica determinista,2025_conv2024_ordinario_A-T40,1.0
2025_conv2024_ordinario_A-T41,2025,2024,2025-09-13,Acceso libre,Primera parte,A,A/B,Sí,Modelo A usado como variante canónica; el modelo B oficial está archivado y permuta el orden y/o las opciones.,41,No,"Según establece el artículo 120 del Reglamento General de Recaudación de la Seguridad Social, aprobado por el Real Decreto 1415/2004, de 11 de junio, en el acto de celebración de subasta podrán presentarse posturas verbales iguales o superiores al:",75% del tipo de enajenación.,50% del tipo de enajenación.,30% del tipo de enajenación.,25% del tipo de enajenación.,S06,6,Temario específico Seguridad Social,La recaudación en vía ejecutiva. Normas generales. Iniciación y título ejecutivo. La providencia de apremio. Oposición y efectos. El embargo de bienes. Enajenación de bienes: modalidades. Créditos incobrables. Tercerías.,S06,Real Decreto 1415/2004,120,Recaudación ejecutiva,Media,S06,,,No,Teórico,A,A,Válida,01. Información oficial de la oposición\Exámenes oficiales anteriores\2025 Convocatoria 2024 - Acceso libre Modelo A.pdf,https://www.seg-social.es/wps/portal/wss/internet/InformacionUtil/9950/88beb45d-ca83-4bab-8162-f94ef2894562/7e46efac-32c8-4cf6-b3d3-d592c3560dff/rdpi_administrativos_2024,OCR Windows es-ES sobre PDF oficial,100,Alta,Regla jurídica determinista,2025_conv2024_ordinario_A-T41,1.0
2025_conv2024_ordinario_A-T42,2025,2024,2025-09-13,Acceso libre,Primera parte,A,A/B,Sí,Modelo A usado como variante canónica; el modelo B oficial está archivado y permuta el orden y/o las opciones.,42,No,"EI artículo 120 del Reglamento General de Recaudación de la Seguridad Social, aprobado por eI Real Decreto 1415/2004, de 11 de junio, establece que en ei supuesto de bienes subastados objeto de una segunda subasta:","Podrá aprobarse el remate en favor de una mejor postura inferior al 30 por ciento y que no cubra el importe adeudado, siempre que supere al menos el 20 por ciento del tipo de subasta, mediante resolución motivada del director provincia! de la Tesorería General de la Seguridad Social.","Podrá aprobarse el remate en favor de una mejor postura inferior al 50 por ciento y que no cubra el importe adeudado, siempre que supere al menos el 25 por ciento del tipo de subasta, mediante resolución motivada del director provincial de la Tesorería General de la Seguridad Social.","Podrá aprobarse eE remate en favor de una mejor postura inferior al 30 por ciento y que no cubra el importe adeudado, siempre que supere al menos el 25 por ciento del tipo de subasta, mediante resolución motivada del director general de la Tesorería General de la Seguridad Social.","Podrá aprobarse ef remate en favor de una mejor postura inferior at 50 por ciento y que no cubra el importe adeudado, siempre que supere a' menos et 20 por ciento del tipo de subasta, mediante resolución motivada del director general de la Tesorería General de la Seguridad Social.",S06,6,Temario específico Seguridad Social,La recaudación en vía ejecutiva. Normas generales. Iniciación y título ejecutivo. La providencia de apremio. Oposición y efectos. El embargo de bienes. Enajenación de bienes: modalidades. Créditos incobrables. Tercerías.,S06,Real Decreto 1415/2004,120,Recaudación ejecutiva,Media,S06,,,No,Teórico,B,B,Válida,01. Información oficial de la oposición\Exámenes oficiales anteriores\2025 Convocatoria 2024 - Acceso libre Modelo A.pdf,https://www.seg-social.es/wps/portal/wss/internet/InformacionUtil/9950/88beb45d-ca83-4bab-8162-f94ef2894562/7e46efac-32c8-4cf6-b3d3-d592c3560dff/rdpi_administrativos_2024,OCR Windows es-ES sobre PDF oficial,100,Alta,Regla jurídica determinista,2025_conv2024_ordinario_A-T42,1.0
2025_conv2024_ordinario_A-T43,2025,2024,2025-09-13,Acceso libre,Primera parte,A,A/B,Sí,Modelo A usado como variante canónica; el modelo B oficial está archivado y permuta el orden y/o las opciones.,43,No,"De acuerdo con el artículo 117 del Reglamento General de Recaudación de la Seguridad Social, aprobado por eI Real Decreto 1415/2004, de II de junio, eI licitador que resulte adjudicatario deberá abonar la diferencia entre e! precio de ta adjudicación y eI importe del depósito constituido en el plazo de:",Diez días hábiles siguientes al de dicha adjudicación.,Quince días hábiles siguientes aE de dicha adjudicación-,Cinco días hábiles siguientes al de dicha adjudicación.,Treinta días hábiles siguientes al de dicha adjudicación.,S06,6,Temario específico Seguridad Social,La recaudación en vía ejecutiva. Normas generales. Iniciación y título ejecutivo. La providencia de apremio. Oposición y efectos. El embargo de bienes. Enajenación de bienes: modalidades. Créditos incobrables. Tercerías.,S06,Real Decreto 1415/2004,117,Cálculos,Media,S06,,,No,Teórico,C,C,Válida,01. Información oficial de la oposición\Exámenes oficiales anteriores\2025 Convocatoria 2024 - Acceso libre Modelo A.pdf,https://www.seg-social.es/wps/portal/wss/internet/InformacionUtil/9950/88beb45d-ca83-4bab-8162-f94ef2894562/7e46efac-32c8-4cf6-b3d3-d592c3560dff/rdpi_administrativos_2024,OCR Windows es-ES sobre PDF oficial,100,Alta,Regla jurídica determinista,2025_conv2024_ordinario_A-T43,1.0
2025_conv2024_ordinario_A-T44,2025,2024,2025-09-13,Acceso libre,Primera parte,A,A/B,Sí,Modelo A usado como variante canónica; el modelo B oficial está archivado y permuta el orden y/o las opciones.,44,No,"Según establece el artículo 84 del Reglamento General de Recaudación de la Seguridad Social, aprobado por eI Real Decreto 1415/2004, de II de junio, los intereses de demora devengados desde la finalización del plazo reglamentario de ingreso serán exigibles:",Si eI pago no se efectúa dentro del plazo de los 15 días naturales siguientes a Ea notificación de la reclamación de deuda.,Si el pago no se efectúa dentro del plazo de los 30 días naturates siguientes a [a notificación de la reclamación de deuda.,Si el pago no se efectúa dentro del plazo de los 30 días naturales siguientes a la notificación de la providencia de apremio.,Si el pago no se efectúa dentro del plazo de los 15 días naturales siguientes a Ea notificación de la providencia de apremio.,S06,6,Temario específico Seguridad Social,La recaudación en vía ejecutiva. Normas generales. Iniciación y título ejecutivo. La providencia de apremio. Oposición y efectos. El embargo de bienes. Enajenación de bienes: modalidades. Créditos incobrables. Tercerías.,S06,Real Decreto 1415/2004,84,Plazos,Media,S06,,,No,Teórico,D,D,Válida,01. Información oficial de la oposición\Exámenes oficiales anteriores\2025 Convocatoria 2024 - Acceso libre Modelo A.pdf,https://www.seg-social.es/wps/portal/wss/internet/InformacionUtil/9950/88beb45d-ca83-4bab-8162-f94ef2894562/7e46efac-32c8-4cf6-b3d3-d592c3560dff/rdpi_administrativos_2024,OCR Windows es-ES sobre PDF oficial,100,Alta,Regla jurídica determinista,2025_conv2024_ordinario_A-T44,1.0
2025_conv2024_ordinario_A-T45,2025,2024,2025-09-13,Acceso libre,Primera parte,A,A/B,Sí,Modelo A usado como variante canónica; el modelo B oficial está archivado y permuta el orden y/o las opciones.,45,No,"Según el artículo 61 del texto refundido de la Ley General de la Seguridad Social, eI importe mínimo mensual de las pensiones extraordinarias originadas por actos de terrorismo que se reconozcan y abonen por la Seguridad Social será equivalente:",AI doble del indicador público de renta de efectos múltiples vigente en cada momento.,A triple del salario mínimo interprofesional vigente en cada momento.,A triple del indicador público de renta de efectos múltiples vigente en cada momento.,Al doble del salario mínimo interprofesional vigente en cada momento.,S07,7,Temario específico Seguridad Social,"Acción protectora. Contenido y clasificación de las prestaciones. Caracteres de las prestaciones. Incompatibilidades. Reintegro de las prestaciones indebidas. Requisitos generales del derecho a las prestaciones. Responsabilidades en orden a las prestaciones por incumplimiento de las obligaciones de afiliación, altas, bajas y cotización. Automaticidad y anticipo de prestaciones. Riesgo protegido: contingencias comunes y profesionales.",S07,texto refundido de la Ley General de la Seguridad Social,61,Cálculos,Media,S07,ISM,,No,Teórico,C,C,Válida,01. Información oficial de la oposición\Exámenes oficiales anteriores\2025 Convocatoria 2024 - Acceso libre Modelo A.pdf,https://www.seg-social.es/wps/portal/wss/internet/InformacionUtil/9950/88beb45d-ca83-4bab-8162-f94ef2894562/7e46efac-32c8-4cf6-b3d3-d592c3560dff/rdpi_administrativos_2024,OCR Windows es-ES sobre PDF oficial,100,Alta,Regla jurídica determinista,2025_conv2024_ordinario_A-T45,1.0
2025_conv2024_ordinario_A-T46,2025,2024,2025-09-13,Acceso libre,Primera parte,A,A/B,Sí,Modelo A usado como variante canónica; el modelo B oficial está archivado y permuta el orden y/o las opciones.,46,No,"En relación con eI embargo de prestaciones, el artículo 44 del texto refundido de la Ley General de la Seguridad Social remite a 10 establecido en la Ley de Enjuiciamiento Civil, que en su artículo 607 establece que, en eI caso de pensiones que sean superiores y hasta eI doble del salario mínimo interprofesional podrá embargarse (en la parte que excede SMI) eI siguiente porcentaje:",30%.,40%.,50%.,60%.,S07,7,Temario específico Seguridad Social,"Acción protectora. Contenido y clasificación de las prestaciones. Caracteres de las prestaciones. Incompatibilidades. Reintegro de las prestaciones indebidas. Requisitos generales del derecho a las prestaciones. Responsabilidades en orden a las prestaciones por incumplimiento de las obligaciones de afiliación, altas, bajas y cotización. Automaticidad y anticipo de prestaciones. Riesgo protegido: contingencias comunes y profesionales.",embargo,texto refundido de la Ley General de la Seguridad Social,44; 607,Artículos literales,Alta,embargo,,,No,Teórico,A,A,Válida,01. Información oficial de la oposición\Exámenes oficiales anteriores\2025 Convocatoria 2024 - Acceso libre Modelo A.pdf,https://www.seg-social.es/wps/portal/wss/internet/InformacionUtil/9950/88beb45d-ca83-4bab-8162-f94ef2894562/7e46efac-32c8-4cf6-b3d3-d592c3560dff/rdpi_administrativos_2024,OCR Windows es-ES sobre PDF oficial,100,Alta,Revisión jurídica individual,2025_conv2024_ordinario_A-T46,1.0
2025_conv2024_ordinario_A-T47,2025,2024,2025-09-13,Acceso libre,Primera parte,A,A/B,Sí,Modelo A usado como variante canónica; el modelo B oficial está archivado y permuta el orden y/o las opciones.,47,No,"Conforme al artículo 54 del texto refundido de la Ley General de la Seguridad Social, en el supuesto de prestaciones periódicas, el derecho al percibo de cada mensualidad caducará:","A año, a contar desde eI día siguiente al de haber sido notificado en forma al interesado su reconocimiento.",Al año de su respectivo vencimiento.,A los cinco años de su respectivo vencimiento.,"AI año, a contar desde el mismo día de haber sido notificado en forma al interesado su reconocimiento.",S07,7,Temario específico Seguridad Social,"Acción protectora. Contenido y clasificación de las prestaciones. Caracteres de las prestaciones. Incompatibilidades. Reintegro de las prestaciones indebidas. Requisitos generales del derecho a las prestaciones. Responsabilidades en orden a las prestaciones por incumplimiento de las obligaciones de afiliación, altas, bajas y cotización. Automaticidad y anticipo de prestaciones. Riesgo protegido: contingencias comunes y profesionales.",S07,texto refundido de la Ley General de la Seguridad Social,54,Artículos literales,Media,S07,,,No,Teórico,B,B,Válida,01. Información oficial de la oposición\Exámenes oficiales anteriores\2025 Convocatoria 2024 - Acceso libre Modelo A.pdf,https://www.seg-social.es/wps/portal/wss/internet/InformacionUtil/9950/88beb45d-ca83-4bab-8162-f94ef2894562/7e46efac-32c8-4cf6-b3d3-d592c3560dff/rdpi_administrativos_2024,OCR Windows es-ES sobre PDF oficial,100,Alta,Regla jurídica determinista,2025_conv2024_ordinario_A-T47,1.0
2025_conv2024_ordinario_A-T48,2025,2024,2025-09-13,Acceso libre,Primera parte,A,A/B,Sí,Modelo A usado como variante canónica; el modelo B oficial está archivado y permuta el orden y/o las opciones.,48,No,"De acuerdo con 10 previsto en el artículo 58 del texto refundido de la Ley General de la Seguridad Social, ¿cuándo se revalorizarán las pensiones contributivas?",AI comienzo de cada año en el porcentaje equivalente al valor medio de las tasas de variación interanual expresadas en tanto por ciento del índice de Precios al Consumo de los doce meses previos a diciembre del año anterior.,Al final de cada año con eI porcentaje equivalente al valor medio de las tasas de variación interanual expresada en tanto por ciento del índice de Precios al consumo de los 3 meses previos a diciembre el año anterior.,AI comienzo de cada año en eI porcentaje equivalente al valor medio de las tasas de variación interanual expresadas en tanto por ciento del índice de Precios al Consumo de los 6 meses previos a diciembre del año anterior.,Al comienzo de cada año en eI porcentaje equivalente al valor medio de las tasas de variación interanual expresadas en tanto por ciento del índice de Precios al Consumo de los 9 meses previos a diciembre del año anterior.,S07,7,Temario específico Seguridad Social,"Acción protectora. Contenido y clasificación de las prestaciones. Caracteres de las prestaciones. Incompatibilidades. Reintegro de las prestaciones indebidas. Requisitos generales del derecho a las prestaciones. Responsabilidades en orden a las prestaciones por incumplimiento de las obligaciones de afiliación, altas, bajas y cotización. Automaticidad y anticipo de prestaciones. Riesgo protegido: contingencias comunes y profesionales.",S07,texto refundido de la Ley General de la Seguridad Social,58,Artículos literales,Media,S07,,,No,Teórico,A,A,Válida,01. Información oficial de la oposición\Exámenes oficiales anteriores\2025 Convocatoria 2024 - Acceso libre Modelo A.pdf,https://www.seg-social.es/wps/portal/wss/internet/InformacionUtil/9950/88beb45d-ca83-4bab-8162-f94ef2894562/7e46efac-32c8-4cf6-b3d3-d592c3560dff/rdpi_administrativos_2024,OCR Windows es-ES sobre PDF oficial,100,Alta,Regla jurídica determinista,2025_conv2024_ordinario_A-T48,1.0
2025_conv2024_ordinario_A-T49,2025,2024,2025-09-13,Acceso libre,Primera parte,A,A/B,Sí,Modelo A usado como variante canónica; el modelo B oficial está archivado y permuta el orden y/o las opciones.,49,No,"Según establece eI artículo 169 del texto refundido de la Ley General de la Seguridad Social, la gestación de la mujer trabajadora se considera una situación especial de incapacidad temporal:",Por contingencias profesionales desde el día primero de la semana trigésima novena.,Por contingencias comunes desde el día primero de la semana trigésima novena.,Por contingencias profesionales desde el día primero de la semana trigésima octava.,Por contingencias comunes desde el día primero de la semana trigésima octava.,S08,8,Temario específico Seguridad Social,"Incapacidad temporal: concepto y causas que motivan esta situación. Beneficiarios. Prestación económica: determinación y cuantía. Nacimiento, duración y extinción del derecho al subsidio. Reconocimiento y pago. Control de la incapacidad. Incapacidad permanente contributiva: concepto. Grados de incapacidad. Prestaciones. Determinación y cuantía. Beneficiarios. Nacimiento, duración y extinción del derecho. Lesiones permanentes no incapacitantes. La calificación y revisión de la incapacidad permanente.",incapacidad temporal,texto refundido de la Ley General de la Seguridad Social,169,Incapacidad,Media,incapacidad temporal,,,No,Teórico,B,B,Válida,01. Información oficial de la oposición\Exámenes oficiales anteriores\2025 Convocatoria 2024 - Acceso libre Modelo A.pdf,https://www.seg-social.es/wps/portal/wss/internet/InformacionUtil/9950/88beb45d-ca83-4bab-8162-f94ef2894562/7e46efac-32c8-4cf6-b3d3-d592c3560dff/rdpi_administrativos_2024,OCR Windows es-ES sobre PDF oficial,100,Alta,Regla jurídica determinista,2025_conv2024_ordinario_A-T49,1.0
2025_conv2024_ordinario_A-T50,2025,2024,2025-09-13,Acceso libre,Primera parte,A,A/B,Sí,Modelo A usado como variante canónica; el modelo B oficial está archivado y permuta el orden y/o las opciones.,50,No,"EI artículo 195 del texto refundido de la Ley General de la Seguridad Social, establece que el periodo mínimo de cotización exigible para generar una pensión de incapacidad permanente cuando el sujeto tiene cumplidos 31 años de edad es:",La tercera parte del tiempo transcurrido entre la fecha en que cumplió los 16 años y la del hecho causante de Ea pensión.,La cuarta parte del tiempo transcurrido entre la fecha en que cumplió los 16 años y ia del hecho causante de la pensión.,"La tercera parte del tiempo transcurrido entre la fecha en que cumplió tos 20 años y la del hecho causante de la pensión, con un mínimo, en todo caso, de 5 años.","La cuarta parte del tiempo transcurrido entre la fecha en que cumplió los 20 años y la del hecho causante de la pensión, con un mínimo, en todo caso, de 5 años.",S08,8,Temario específico Seguridad Social,"Incapacidad temporal: concepto y causas que motivan esta situación. Beneficiarios. Prestación económica: determinación y cuantía. Nacimiento, duración y extinción del derecho al subsidio. Reconocimiento y pago. Control de la incapacidad. Incapacidad permanente contributiva: concepto. Grados de incapacidad. Prestaciones. Determinación y cuantía. Beneficiarios. Nacimiento, duración y extinción del derecho. Lesiones permanentes no incapacitantes. La calificación y revisión de la incapacidad permanente.",incapacidad permanente,texto refundido de la Ley General de la Seguridad Social,195,Requisitos,Media,incapacidad permanente,,31 años; 31 años de edad,No,Teórico,D,D,Válida,01. Información oficial de la oposición\Exámenes oficiales anteriores\2025 Convocatoria 2024 - Acceso libre Modelo A.pdf,https://www.seg-social.es/wps/portal/wss/internet/InformacionUtil/9950/88beb45d-ca83-4bab-8162-f94ef2894562/7e46efac-32c8-4cf6-b3d3-d592c3560dff/rdpi_administrativos_2024,OCR Windows es-ES sobre PDF oficial,100,Alta,Regla jurídica determinista,2025_conv2024_ordinario_A-T50,1.0
2025_conv2024_ordinario_A-T51,2025,2024,2025-09-13,Acceso libre,Primera parte,A,A/B,Sí,Modelo A usado como variante canónica; el modelo B oficial está archivado y permuta el orden y/o las opciones.,51,No,"De acuerdo con el artículo 14 del Reglamento General de Recaudación de la Seguridad Social, aprobado por eE Real Decreto 141512004, de II de junio, la alegación por el responsable subsidiario de la existencia de bienes realizables del deudor principal no producirá más efecto, en su caso, que la suspensión de la ejecución forzosa sobre eI patrimonio de aquél, hasta tanto se realicen dichos bienes y requerirá con carácter general:","Que no se hubiera autorizado ya la enajenación de los bienes del responsable subsidiario, y que los bienes se identifiquen suficientemente para proceder a su traba y alcancen una valoración que suponga el diez por ciento del importe de la deuda.","Que se hubiera autorizado la enajenación de los bienes del responsable subsidiario, y que los bienes señalados por éste se identifiquen suficientemente para proceder a su traba, radiquen en territorio nacional y alcancen una valoración que sea el doble del importe adeudado.","Que no se hubiera autorizado ya la enajenación de los bienes del responsable subsidiario, y que los bienes se identifiquen suficientemente para proceder a su traba, radiquen en territorio nacional y alcancen una valoración que, en relación con la deuda y descontadas las cargas, justifique su enajenación forzosa.",Que se hubiera autorizado ya la enajenación de los bienes det responsable subsidiario; y que los bienes se identifiquen suficientemente para proceder a su traba y alcancen una valoración que suponga eI cincuenta por ciento del importe de la deuda reclamada.,S05,5,Temario específico Seguridad Social,"La gestión recaudatoria: concepto, competencia y objeto. Responsables del pago. Requisitos para el pago. Medios de pago. Control de recaudación. Revisión de los actos de gestión recaudatoria. La recaudación en periodo voluntario. Efectos de la falta de cotización en período reglamentario. Recaudación de otros recursos. Aplazamientos. Devolución de ingresos indebidos. Capital coste de pensiones.",S05,,14,Causas de suspensión,Alta,S05,,,No,Teórico,C,C,Válida,01. Información oficial de la oposición\Exámenes oficiales anteriores\2025 Convocatoria 2024 - Acceso libre Modelo A.pdf,https://www.seg-social.es/wps/portal/wss/internet/InformacionUtil/9950/88beb45d-ca83-4bab-8162-f94ef2894562/7e46efac-32c8-4cf6-b3d3-d592c3560dff/rdpi_administrativos_2024,OCR Windows es-ES sobre PDF oficial,100,Alta,Regla jurídica determinista,2025_conv2024_ordinario_A-T51,1.0
2025_conv2024_ordinario_A-T52,2025,2024,2025-09-13,Acceso libre,Primera parte,A,A/B,Sí,Modelo A usado como variante canónica; el modelo B oficial está archivado y permuta el orden y/o las opciones.,52,No,"EI artículo 201 del texto refundido de la Ley General de la Seguridad Social define las lesiones permanentes no incapacitantes como aquellas lesiones, mutilaciones y deformidades:","De carácter definitivo, causadas por accidentes de trabajo o enfermedades profesionales que, sin llegar a constituir una incapacidad permanente, supongan una disminución o alteración de la integridad física o psíquica del trabajador.","De carácter temporal, causadas por contingencias comunes o profesionales que, sin llegar a constituir una incapacidad permanente, supongan una disminución o alteración de la integridad física det trabajador.","De carácter definitivo, causadas por contingencias comunes o profesionales que: sin llegar a constituir una incapacidad permanente, supongan una disminución o alteración de la integridad física o psíquica del trabajador.","De carácter definitivo, causadas por accidentes de trabajo o enfermedades profesionales que, sin llegar a constituir una incapacidad permanente, supongan una disminución o alteración de la integridad física del trabajador.",S08,8,Temario específico Seguridad Social,"Incapacidad temporal: concepto y causas que motivan esta situación. Beneficiarios. Prestación económica: determinación y cuantía. Nacimiento, duración y extinción del derecho al subsidio. Reconocimiento y pago. Control de la incapacidad. Incapacidad permanente contributiva: concepto. Grados de incapacidad. Prestaciones. Determinación y cuantía. Beneficiarios. Nacimiento, duración y extinción del derecho. Lesiones permanentes no incapacitantes. La calificación y revisión de la incapacidad permanente.",S08,texto refundido de la Ley General de la Seguridad Social,201,Incapacidad,Media,S08,,,No,Teórico,D,D,Válida,01. Información oficial de la oposición\Exámenes oficiales anteriores\2025 Convocatoria 2024 - Acceso libre Modelo A.pdf,https://www.seg-social.es/wps/portal/wss/internet/InformacionUtil/9950/88beb45d-ca83-4bab-8162-f94ef2894562/7e46efac-32c8-4cf6-b3d3-d592c3560dff/rdpi_administrativos_2024,OCR Windows es-ES sobre PDF oficial,100,Alta,Regla jurídica determinista,2025_conv2024_ordinario_A-T52,1.0
2025_conv2024_ordinario_A-T53,2025,2024,2025-09-13,Acceso libre,Primera parte,A,A/B,Sí,Modelo A usado como variante canónica; el modelo B oficial está archivado y permuta el orden y/o las opciones.,53,No,"Según el artículo 360 del texto refundido de la Ley General de la Seguridad Social, ¿cuál es la cuantía de la prestación económica por parto o adopción múltiples cuando eI número de hijos nacido o adoptados es de tres?",Dos veces el Salario Mínimo Interprofesional.,Seis veces el Indicador Público de Renta de Efectos Múltiples.,Seis veces el Salario Minimo Interprofesional.,Ocho veces el Salario Mínimo Interprofesional.,S09,9,Temario específico Seguridad Social,Nacimiento y cuidado de menor. Ejercicio corresponsable del cuidado del lactante. Prestación por riesgo durante el embarazo. Prestación por riesgo durante la lactancia natural. Asignación económica por hijo o menor acogido a cargo. Prestación económica por nacimiento o adopción de hijo en supuestos de familias numerosas o monoparentales y en los casos de madres o padres con discapacidad. Prestación por parto o adopción Subsidio por cuidado de menores afectados por cáncer u otra enfermedad grave.,S09,texto refundido de la Ley General de la Seguridad Social,360,Cálculos,Media,S09,,,No,Teórico,D,D,Válida,01. Información oficial de la oposición\Exámenes oficiales anteriores\2025 Convocatoria 2024 - Acceso libre Modelo A.pdf,https://www.seg-social.es/wps/portal/wss/internet/InformacionUtil/9950/88beb45d-ca83-4bab-8162-f94ef2894562/7e46efac-32c8-4cf6-b3d3-d592c3560dff/rdpi_administrativos_2024,OCR Windows es-ES sobre PDF oficial,100,Alta,Regla jurídica determinista,2025_conv2024_ordinario_A-T53,1.0
2025_conv2024_ordinario_A-T54,2025,2024,2025-09-13,Acceso libre,Primera parte,A,A/B,Sí,Modelo A usado como variante canónica; el modelo B oficial está archivado y permuta el orden y/o las opciones.,54,No,Tal y como se regula en el artículo 185 del texto refundido de la Ley Genera! de la Seguridad Social ¿cuál de las siguientes prestaciones económicas consiste en un subsidio equivalente al 100 por ciento de la base reguladora establecida para la prestación de incapacidad temporal derivada de contingencias comunes?:,Corresponsabilidad en e] cuidado del lactante.,Riesgo durante el embarazo.,Riesgo durante la lactancia natural.,Cuidado de menores afectados por cáncer u otra enfermedad grave.,S09,9,Temario específico Seguridad Social,Nacimiento y cuidado de menor. Ejercicio corresponsable del cuidado del lactante. Prestación por riesgo durante el embarazo. Prestación por riesgo durante la lactancia natural. Asignación económica por hijo o menor acogido a cargo. Prestación económica por nacimiento o adopción de hijo en supuestos de familias numerosas o monoparentales y en los casos de madres o padres con discapacidad. Prestación por parto o adopción Subsidio por cuidado de menores afectados por cáncer u otra enfermedad grave.,incapacidad temporal,,185,Cálculos,Media,incapacidad temporal,,100 por ciento,No,Teórico,A,A,Válida,01. Información oficial de la oposición\Exámenes oficiales anteriores\2025 Convocatoria 2024 - Acceso libre Modelo A.pdf,https://www.seg-social.es/wps/portal/wss/internet/InformacionUtil/9950/88beb45d-ca83-4bab-8162-f94ef2894562/7e46efac-32c8-4cf6-b3d3-d592c3560dff/rdpi_administrativos_2024,OCR Windows es-ES sobre PDF oficial,100,Alta,Revisión jurídica individual,2025_conv2024_ordinario_A-T54,1.0
2025_conv2024_ordinario_A-T55,2025,2024,2025-09-13,Acceso libre,Primera parte,A,A/B,Sí,Modelo A usado como variante canónica; el modelo B oficial está archivado y permuta el orden y/o las opciones.,55,No,"Conforme con eI artículo 358 del texto refundido de la Ley General de la Seguridad Social, ¿Cuál es la cuantía de la prestación económica en los casos de nacimiento o adopción de hijo en España en una familia numerosa o que, con tal motivo, adquiera dicha condición, en una familia monoparental o en los supuestos de madres o padres que tengan reconocido un grado de discapacidad igual o superior al 65 por ciento? :","La cuantía de la prestación por nacimiento o adopción se fijará, en su importe anual: en la correspondiente ley de presupuestos generales del Estado.",La prestación por nacimiento o adopción de hijo consistirá en un pago único de 1.000 euros.,La cuantía de la prestación será de un pago equivalente a 4 veces el salario mínimo interprofesional,La cuantía de la prestación será igual al 100 por ciento del indicador público de renta de efectos múltiples (IPREM) vigente en cada momento.,S09,9,Temario específico Seguridad Social,Nacimiento y cuidado de menor. Ejercicio corresponsable del cuidado del lactante. Prestación por riesgo durante el embarazo. Prestación por riesgo durante la lactancia natural. Asignación económica por hijo o menor acogido a cargo. Prestación económica por nacimiento o adopción de hijo en supuestos de familias numerosas o monoparentales y en los casos de madres o padres con discapacidad. Prestación por parto o adopción Subsidio por cuidado de menores afectados por cáncer u otra enfermedad grave.,S09,texto refundido de la Ley General de la Seguridad Social,358,Cálculos,Alta,S09,,65 por ciento,No,Teórico,B,B,Válida,01. Información oficial de la oposición\Exámenes oficiales anteriores\2025 Convocatoria 2024 - Acceso libre Modelo A.pdf,https://www.seg-social.es/wps/portal/wss/internet/InformacionUtil/9950/88beb45d-ca83-4bab-8162-f94ef2894562/7e46efac-32c8-4cf6-b3d3-d592c3560dff/rdpi_administrativos_2024,OCR Windows es-ES sobre PDF oficial,100,Alta,Regla jurídica determinista,2025_conv2024_ordinario_A-T55,1.0
2025_conv2024_ordinario_A-T56,2025,2024,2025-09-13,Acceso libre,Primera parte,A,A/B,Sí,Modelo A usado como variante canónica; el modelo B oficial está archivado y permuta el orden y/o las opciones.,56,No,"EI artículo 48 del texto refundido de la Ley del Estatuto de los Trabajadores establece que en los casos de parto prematuro con falta de peso y en aquellos otros en que el neonato precise, por alguna condición clínica, hospitalización a continuación del parto, por un período superior a siete días, ¿en cuantos días se ampliará el período de suspensión con reserva de puesto de trabajo?:","En tantos días como el nacido se encuentre hospitalizado, con un máximo de doce semanas adicionales, y en los términos en que reglamentariamente se desarrolle.","En tantos días como eE nacido se encuentre hospitalizado, con un máximo de trece semanas adicionales, y en los términos en que reglamentariamente se desarrolle.","En tantos días como el nacido se encuentre hospitalizado, con un máximo de quince semanas adicionales, y en los términos en que reglamentariamente se desarrolle.","En tantos días como el nacido se encuentre hospitalizado, con un máximo de dieciséis semanas adicionales, y en los términos en que reglamentariamente se desarrolle.",S09,9,Temario específico Seguridad Social,Nacimiento y cuidado de menor. Ejercicio corresponsable del cuidado del lactante. Prestación por riesgo durante el embarazo. Prestación por riesgo durante la lactancia natural. Asignación económica por hijo o menor acogido a cargo. Prestación económica por nacimiento o adopción de hijo en supuestos de familias numerosas o monoparentales y en los casos de madres o padres con discapacidad. Prestación por parto o adopción Subsidio por cuidado de menores afectados por cáncer u otra enfermedad grave.,S09,,48,Plazos,Alta,S09,,,No,Teórico,B,B,Válida,01. Información oficial de la oposición\Exámenes oficiales anteriores\2025 Convocatoria 2024 - Acceso libre Modelo A.pdf,https://www.seg-social.es/wps/portal/wss/internet/InformacionUtil/9950/88beb45d-ca83-4bab-8162-f94ef2894562/7e46efac-32c8-4cf6-b3d3-d592c3560dff/rdpi_administrativos_2024,OCR Windows es-ES sobre PDF oficial,100,Alta,Revisión jurídica individual,2025_conv2024_ordinario_A-T56,1.0
2025_conv2024_ordinario_A-T57,2025,2024,2025-09-13,Acceso libre,Primera parte,A,A/B,Sí,Modelo A usado como variante canónica; el modelo B oficial está archivado y permuta el orden y/o las opciones.,57,No,"En la jubilación anticipada regulada en el artículo 215 del texto refundido de ta Ley General de la Seguridad Social, para poder acceder a la misma sin necesidad de la celebración simultánea de un contrato de relevo, entre otros requisitas:",Se deberá producir una reducción de la jornada de trabajo comprendida entre un mínimo del 25 por ciento y un máximo del 75 por ciento.,Se deberá producir una reducción de la jornada de trabajo comprendida entre un mínimo del 25 por ciento y un máximo del 65 por ciento.,"Se deberá producir una reducción de la jornada de trabajo comprendida entre un mínimo del 1 5 por ciento y un máximo del 50 por ciento,",Se deberá producir una reducción de la jornada de trabajo comprendida entre un mínimo del 50 por ciento y un máximo del 95 por ciento.,S10,10,Temario específico Seguridad Social,"Jubilación en la modalidad contributiva: concepto. Jubilación ordinaria: requisitos: especial referencia a la edad de jubilación. Determinación de la cuantía de la prestación: base reguladora y porcentaje. Jubilación anticipada, jubilación parcial y jubilación flexible. Compatibilidad de la pensión de jubilación y el trabajo. Suspensión y extinción de la prestación. Especial referencia a la aplicación de la normativa anterior a la Ley 27/2011.",jubilación anticipada,,215,Jubilación,Media,jubilación anticipada,ISM,,No,Teórico,A,A,Válida,01. Información oficial de la oposición\Exámenes oficiales anteriores\2025 Convocatoria 2024 - Acceso libre Modelo A.pdf,https://www.seg-social.es/wps/portal/wss/internet/InformacionUtil/9950/88beb45d-ca83-4bab-8162-f94ef2894562/7e46efac-32c8-4cf6-b3d3-d592c3560dff/rdpi_administrativos_2024,OCR Windows es-ES sobre PDF oficial,100,Alta,Regla jurídica determinista,2025_conv2024_ordinario_A-T57,1.0
2025_conv2024_ordinario_A-T58,2025,2024,2025-09-13,Acceso libre,Primera parte,A,A/B,Sí,Modelo A usado como variante canónica; el modelo B oficial está archivado y permuta el orden y/o las opciones.,58,No,"Según el artículo 212 del texto refundida de la Ley General de la Seguridad Social, eI derecho al reconocimiento de la pensión de jubilación:","Es imprescriptible, sin perjuicio de que, en los supuestos de jubilación en situación de alta, los efectos de tal reconocimiento se produzcan a partir de los tres meses anteriores a la fecha en que se presente la correspondiente solicitud.",Prescribe a los tres meses de la fecha en que se causa eI derecho.,Prescribe a los seis meses de la fecha en que se causa el derecho.,Prescribe al año de la fecha en que se causa el derecho.,S10,10,Temario específico Seguridad Social,"Jubilación en la modalidad contributiva: concepto. Jubilación ordinaria: requisitos: especial referencia a la edad de jubilación. Determinación de la cuantía de la prestación: base reguladora y porcentaje. Jubilación anticipada, jubilación parcial y jubilación flexible. Compatibilidad de la pensión de jubilación y el trabajo. Suspensión y extinción de la prestación. Especial referencia a la aplicación de la normativa anterior a la Ley 27/2011.",jubilación,,212,Jubilación,Media,jubilación,,,No,Teórico,A,A,Válida,01. Información oficial de la oposición\Exámenes oficiales anteriores\2025 Convocatoria 2024 - Acceso libre Modelo A.pdf,https://www.seg-social.es/wps/portal/wss/internet/InformacionUtil/9950/88beb45d-ca83-4bab-8162-f94ef2894562/7e46efac-32c8-4cf6-b3d3-d592c3560dff/rdpi_administrativos_2024,OCR Windows es-ES sobre PDF oficial,100,Alta,Regla jurídica determinista,2025_conv2024_ordinario_A-T58,1.0
2025_conv2024_ordinario_A-T59,2025,2024,2025-09-13,Acceso libre,Primera parte,A,A/B,Sí,Modelo A usado como variante canónica; el modelo B oficial está archivado y permuta el orden y/o las opciones.,59,No,"Según el artículo 124 del Reglamento General de Recaudación de Ea Seguridad Social, aprobado por ei Real Decreto 1415/2004, de 11 de junio, a efectos de su vagoración, la adjudicación de bienes a la Tesorería General de la Seguridad Sociae se realizará por valor igual:",A! débito perseguido pero sin que exceda del 75% del valor que sirvió de tipo para la enajenación.,A débito perseguido pero sin que exceda del 80% del valor que sirvió de tipo para la enajenación.,A débito perseguido pero sin que exceda del 600/0 del valor que sirvió de tipo pera la enajenación-,Al débito perseguido pero sin que exceda de valor total que sirvió de tipo pare la enajenación.,S06,6,Temario específico Seguridad Social,La recaudación en vía ejecutiva. Normas generales. Iniciación y título ejecutivo. La providencia de apremio. Oposición y efectos. El embargo de bienes. Enajenación de bienes: modalidades. Créditos incobrables. Tercerías.,S06,Real Decreto 1415/2004,124,Recaudación ejecutiva,Media,S06,,,No,Teórico,B,B,Válida,01. Información oficial de la oposición\Exámenes oficiales anteriores\2025 Convocatoria 2024 - Acceso libre Modelo A.pdf,https://www.seg-social.es/wps/portal/wss/internet/InformacionUtil/9950/88beb45d-ca83-4bab-8162-f94ef2894562/7e46efac-32c8-4cf6-b3d3-d592c3560dff/rdpi_administrativos_2024,OCR Windows es-ES sobre PDF oficial,100,Alta,Regla jurídica determinista,2025_conv2024_ordinario_A-T59,1.0
2025_conv2024_ordinario_A-T60,2025,2024,2025-09-13,Acceso libre,Primera parte,A,A/B,Sí,Modelo A usado como variante canónica; el modelo B oficial está archivado y permuta el orden y/o las opciones.,60,No,"En eI supuesto de que hubiera más de una persona beneficiaria de la prestación de orfandad, de acuerdo con el artículo 224 del texto refundido de la Ley General de la Seguridad Social, el importe conjunto de la misma podrá situarse:","En eI 120 por ciento de aa base reguladora, y nunca será inferior al minimo equivalente a la pensión de viudedad sin cargas familiares.","En el 1 18 por ciento de la base reguladora, y nunca será inferior a! mínimo equivalente a la pensión de viudedad sin cargas familiares.","En el 1 1 8 por ciento de la base reguladore, y nunca será inferior al minimo equivalente a la pensión de viudedad con cargas familiares.","En el 120 por ciento de la base reguladora, y nunca será inferior al mínimo equivalente a la pensión de viudedad con cargas familiares.",S11,11,Temario específico Seguridad Social,"La protección por muerte y supervivencia. Hecho causante. Requisitos para las prestaciones de viudedad, orfandad y en favor de familiares. Cuantía de las prestaciones. Compatibilidad. Suspensión y Extinción. Normas específicas en caso de muerte derivada de accidente de trabajo o enfermedad profesional. Efectividad económica de las prestaciones. El auxilio por defunción.",orfandad,texto refundido de la Ley General de la Seguridad Social,224,Cálculos,Media,orfandad,ISM,,No,Teórico,C,C,Válida,01. Información oficial de la oposición\Exámenes oficiales anteriores\2025 Convocatoria 2024 - Acceso libre Modelo A.pdf,https://www.seg-social.es/wps/portal/wss/internet/InformacionUtil/9950/88beb45d-ca83-4bab-8162-f94ef2894562/7e46efac-32c8-4cf6-b3d3-d592c3560dff/rdpi_administrativos_2024,OCR Windows es-ES sobre PDF oficial,100,Alta,Regla jurídica determinista,2025_conv2024_ordinario_A-T60,1.0
2025_conv2024_ordinario_A-T61,2025,2024,2025-09-13,Acceso libre,Primera parte,A,A/B,Sí,Modelo A usado como variante canónica; el modelo B oficial está archivado y permuta el orden y/o las opciones.,61,No,"La entidad gestora podrá revisar, por sí misma, según ei artículo 231 del texto refundido de la Ley General de ia Seguridad Social, ia resolución por la cual hubiera reconocido el derecho a una prestación de muerte y supervivencia a quien fuera condenado por sentencia firme en e! supuesto indicado. Esta facultad de revisión de oficio estará sujeta a:",Un plazo no superior a 6 meses desde la sentencie firme.,Un plazo no superior a 12 meses desde la sentencia firme.,Un plazo no superior a 4 años desde la sentencia firme.,No está sujeta a plazo alguno.,S11,11,Temario específico Seguridad Social,"La protección por muerte y supervivencia. Hecho causante. Requisitos para las prestaciones de viudedad, orfandad y en favor de familiares. Cuantía de las prestaciones. Compatibilidad. Suspensión y Extinción. Normas específicas en caso de muerte derivada de accidente de trabajo o enfermedad profesional. Efectividad económica de las prestaciones. El auxilio por defunción.",S11,,231,Muerte y supervivencia,Alta,S11,ISM,,No,Teórico,D,D,Válida,01. Información oficial de la oposición\Exámenes oficiales anteriores\2025 Convocatoria 2024 - Acceso libre Modelo A.pdf,https://www.seg-social.es/wps/portal/wss/internet/InformacionUtil/9950/88beb45d-ca83-4bab-8162-f94ef2894562/7e46efac-32c8-4cf6-b3d3-d592c3560dff/rdpi_administrativos_2024,OCR Windows es-ES sobre PDF oficial,100,Alta,Regla jurídica determinista,2025_conv2024_ordinario_A-T61,1.0
2025_conv2024_ordinario_A-T62,2025,2024,2025-09-13,Acceso libre,Primera parte,A,A/B,Sí,Modelo A usado como variante canónica; el modelo B oficial está archivado y permuta el orden y/o las opciones.,62,No,"Se considerará situación asimilada a Ea de afta según el artículo 2 de la Orden de 13 de febrero de 1967, a efectos de causar has prestaciones de muerte y supervivencia, siempre que concurran en ella las condiciones que se determinen en las disposiciones de aplicación y desarrollo relativas a la acción protectora del Régimen General de ka Seguridad Social:","EI traslado del trabajador, por su Empresa, a centros de trabajo ya sean dentro o fuera del territorio nacional.",EI desempleo voluntario.,"EI cese en la condición de trabajador por cuenta ajena, con la suscripción del oportuno convenio especial con la Mutualidad correspondiente.","La excedencia voluntaria del trabajador por cuenta ajena, motivada por su designación para ocupar un cargo público, con obligación por parte de la Empresa de readmitirle al cesar ert el desempeño de dicho cargo de conformidad con la legislación laboral aplicable",S11,11,Temario específico Seguridad Social,"La protección por muerte y supervivencia. Hecho causante. Requisitos para las prestaciones de viudedad, orfandad y en favor de familiares. Cuantía de las prestaciones. Compatibilidad. Suspensión y Extinción. Normas específicas en caso de muerte derivada de accidente de trabajo o enfermedad profesional. Efectividad económica de las prestaciones. El auxilio por defunción.",S11,,2,Muerte y supervivencia,Alta,S11,,,No,Teórico,C,ANULADA,Anulada,01. Información oficial de la oposición\Exámenes oficiales anteriores\2025 Convocatoria 2024 - Acceso libre Modelo A.pdf,https://www.seg-social.es/wps/portal/wss/internet/InformacionUtil/9950/88beb45d-ca83-4bab-8162-f94ef2894562/7e46efac-32c8-4cf6-b3d3-d592c3560dff/rdpi_administrativos_2024,OCR Windows es-ES sobre PDF oficial,100,Alta,Regla jurídica determinista,2025_conv2024_ordinario_A-T62,1.0
2025_conv2024_ordinario_A-T63,2025,2024,2025-09-13,Acceso libre,Primera parte,A,A/B,Sí,Modelo A usado como variante canónica; el modelo B oficial está archivado y permuta el orden y/o las opciones.,63,No,"Conforme eE artículo 7 del Real Decreto 8/2003, de II de enero, por eI que se regula Ea prestación por razón de necesidad a favor de los españoles residentes en ef exterior y retornados, la base de cálculo de las prestaciones económicas correspondiente a cada país de residencia se fijará de acuerdo con los indicadores económicos y de protección socia/ de cada país de residencia. A estos efectos, señale cuál de los siguientes indicadores económicos NO se tendrán en cuenta:",Renta per cápita.,Salario mínimo interprofesional.,EI umbral de riesgo de pobreza del país.,Pensión mínima de Seguridad Social.,S12,12,Temario específico Seguridad Social,"Prestaciones no contributivas y asistenciales. El ingreso mínimo vital: beneficiarios, requisitos y duración. Obligaciones de las personas beneficiarias. Cuantía, pago, reintegro de prestaciones indebidas. Prestaciones familiares múltiples. Prestaciones familiares en la modalidad contributiva. Las pensiones no contributivas: Invalidez no contributiva: Jubilación no contributiva.",S12,Real Decreto 8/2003,7,Prestaciones no contributivas,Alta,S12,,,No,Teórico,C,C,Válida,01. Información oficial de la oposición\Exámenes oficiales anteriores\2025 Convocatoria 2024 - Acceso libre Modelo A.pdf,https://www.seg-social.es/wps/portal/wss/internet/InformacionUtil/9950/88beb45d-ca83-4bab-8162-f94ef2894562/7e46efac-32c8-4cf6-b3d3-d592c3560dff/rdpi_administrativos_2024,OCR Windows es-ES sobre PDF oficial,100,Alta,Regla jurídica determinista,2025_conv2024_ordinario_A-T63,1.0
2025_conv2024_ordinario_A-T64,2025,2024,2025-09-13,Acceso libre,Primera parte,A,A/B,Sí,Modelo A usado como variante canónica; el modelo B oficial está archivado y permuta el orden y/o las opciones.,64,No,"EI artículo 4 de la Ley 19/2021, de 20 de diciembre, que regula el ingreso mínimo vital, establece que podrán ser beneficiaros de esta prestación:","Las personas que sean usuarias permanentes de una prestación de servicio residencial, de carácter social, sanitario o socio-sanitario.","Las personas de entre 18 y 22 años que hayan sido liberadas de un centro penitenciario, y cuya privación de libertad haya sido por un periodo superior a seis meses.","Las personas de al menos veintiséis años que no se integren en una unidad de convivencia en los términos establecidos en esta ley, siempre que no estén unidas a otra por vínculo matrimonial o como pareja de hecho, salvo las que hayan iniciado los trámites de separación o divorcio.","Las personas de entre 16 y 22 años que hayan permanecido un mínimo de 12 meses en centros de internamiento para extranjeros, o que hayan estado en centros de acogida para menores dentro de los cuatro años anteriores a la mayoría de edad.",S12,12,Temario específico Seguridad Social,"Prestaciones no contributivas y asistenciales. El ingreso mínimo vital: beneficiarios, requisitos y duración. Obligaciones de las personas beneficiarias. Cuantía, pago, reintegro de prestaciones indebidas. Prestaciones familiares múltiples. Prestaciones familiares en la modalidad contributiva. Las pensiones no contributivas: Invalidez no contributiva: Jubilación no contributiva.",ingreso mínimo vital,Ley 19/2021,4,Prestaciones no contributivas,Media,ingreso mínimo vital,,,No,Teórico,B,B,Válida,01. Información oficial de la oposición\Exámenes oficiales anteriores\2025 Convocatoria 2024 - Acceso libre Modelo A.pdf,https://www.seg-social.es/wps/portal/wss/internet/InformacionUtil/9950/88beb45d-ca83-4bab-8162-f94ef2894562/7e46efac-32c8-4cf6-b3d3-d592c3560dff/rdpi_administrativos_2024,OCR Windows es-ES sobre PDF oficial,100,Alta,Regla jurídica determinista,2025_conv2024_ordinario_A-T64,1.0
2025_conv2024_ordinario_A-T65,2025,2024,2025-09-13,Acceso libre,Primera parte,A,A/B,Sí,Modelo A usado como variante canónica; el modelo B oficial está archivado y permuta el orden y/o las opciones.,65,No,"Según el artículo 9 de la Orden de 13 de febrero de 1967 cuando el causante fuese trabajador en activo o se encontrase en situación asimilada al alta, al tiempo de su fallecimiento, y éste no sea debido a accidente de trabajo o enfermedad profesional, la base reguladora será eI cociente que resulte de dividir por veintiocho la suma de las bases de cotización del causante durante un período ininterrumpido de veinticuatro meses naturales aun cuando dentro del mismo existan lapsos en los que no haya habido obligación de cotizar. Dicho periodo de veinticuatro meses:",Será elegido por el beneficiario dentro de los dos años inmediatamente anteriores a la fecha en que se cause eI derecho a la pensión.,Será elegido por eI beneficiario dentro de los siete años inmediatamente anteriores a la fecha en que se cause eI derecho a la pensión.,Será elegido por el beneficiario dentro de los cinco años inmediatamente anteriores a la fecha en que se cause el derecho a la pensión.,Será elegido por eI beneficiario dentro de los diez años inmediatamente anteriores a la fecha en que se cause el derecho a la pensión.,S11,11,Temario específico Seguridad Social,"La protección por muerte y supervivencia. Hecho causante. Requisitos para las prestaciones de viudedad, orfandad y en favor de familiares. Cuantía de las prestaciones. Compatibilidad. Suspensión y Extinción. Normas específicas en caso de muerte derivada de accidente de trabajo o enfermedad profesional. Efectividad económica de las prestaciones. El auxilio por defunción.",alta,,9,Cálculos,Alta,alta,ISM,,No,Teórico,ANULADA,ANULADA,Anulada,01. Información oficial de la oposición\Exámenes oficiales anteriores\2025 Convocatoria 2024 - Acceso libre Modelo A.pdf,https://www.seg-social.es/wps/portal/wss/internet/InformacionUtil/9950/88beb45d-ca83-4bab-8162-f94ef2894562/7e46efac-32c8-4cf6-b3d3-d592c3560dff/rdpi_administrativos_2024,OCR Windows es-ES sobre PDF oficial,100,Alta,Revisión jurídica individual,2025_conv2024_ordinario_A-T65,1.0
2025_conv2024_ordinario_A-T66,2025,2024,2025-09-13,Acceso libre,Primera parte,A,A/B,Sí,Modelo A usado como variante canónica; el modelo B oficial está archivado y permuta el orden y/o las opciones.,66,No,"EI artículo 13 de la Ley 19/2021, de 20 de diciembre, por la que se establece el ingreso mínimo vital, dispone que la cuantía mensual de la prestación que corresponde a la persona beneficiaria individual o a la unidad de convivencia vendrá determinada por la diferencia entre la cuantía de la renta garantizada, y eI conjunto de todas las rentas e ingresos de la persona beneficiaria o de los miembros que componen esa unidad de convivencia del ejercicio anterior, siempre que la cuantía resultante sea igual o superior a 10 euros mensuales. Señale la respuesta correcta:","En el caso de una persona beneficiaria individual, la cuantía mensual de renta garantizada ascenderá al 100% del importe anual de las pensiones no contributivas fijadas anualmente en la Ley de Presupuestos Generales del Estado, dividido por catorce.","En el caso de que el beneficiario individual tenga reconocida una discapacidad, en cualquiera de sus grados, a la renta mínima garantizada se Ie sumará un complemento equivalente al 22%.","En el caso de las unidades de convivencia, la cuantía mensual para un beneficiario individual se incrementará en un 30% por miembro adicional a partir del segundo hasta un máximo del 220%.","En eI caso de unidades de convivencia que tengan la consideración de monoparentales, se establece un complemento adicional de carácter mensual equivalente al 45% del importe mensual de la pensión no contributiva fijada en la Ley de Presupuestos Generales del Estado.",S12,12,Temario específico Seguridad Social,"Prestaciones no contributivas y asistenciales. El ingreso mínimo vital: beneficiarios, requisitos y duración. Obligaciones de las personas beneficiarias. Cuantía, pago, reintegro de prestaciones indebidas. Prestaciones familiares múltiples. Prestaciones familiares en la modalidad contributiva. Las pensiones no contributivas: Invalidez no contributiva: Jubilación no contributiva.",ingreso mínimo vital,Ley 19/2021,13,Cálculos,Alta,ingreso mínimo vital,,,No,Teórico,C,C,Válida,01. Información oficial de la oposición\Exámenes oficiales anteriores\2025 Convocatoria 2024 - Acceso libre Modelo A.pdf,https://www.seg-social.es/wps/portal/wss/internet/InformacionUtil/9950/88beb45d-ca83-4bab-8162-f94ef2894562/7e46efac-32c8-4cf6-b3d3-d592c3560dff/rdpi_administrativos_2024,OCR Windows es-ES sobre PDF oficial,100,Alta,Regla jurídica determinista,2025_conv2024_ordinario_A-T66,1.0
2025_conv2024_ordinario_A-T67,2025,2024,2025-09-13,Acceso libre,Primera parte,A,A/B,Sí,Modelo A usado como variante canónica; el modelo B oficial está archivado y permuta el orden y/o las opciones.,67,No,"De acuerdo con eI artículo 363 del texto refundido de la Ley General de la Seguridad Social, uno de los requisitos para ser beneficiario de la prestación de incapacidad no contributiva es carecer de rentas o ingresos suficientes. A este respecto, señale la afirmación correcta respecto al límite de acumulación de recursos:","Los límites de acumulación de recursos, en el supuesto de unidad económica, serán equivalentes a la cuantía, en cómputo anual, de la pensión, más eI resultado de multiplicar el 60% de dicha cifra por el número de convivientes, menos uno.","Cuando la convivencia, dentro de une misma unidad económica, se produzca entre el solicitante y sus descendientes o ascendientes hasta segundo grado, los límites de acumulación de recursos serán equivalentes a 3 veces la cuantía que resulte de la suma de la cuantía, en cómputo anual, de la pensión, más el 60% de dicha cuantía multiplicado por eI número de convivientes, menos uno.","Los límites de acumulación de recursos, en eI supuesto de unidad económica: serán equivalentes a la cuantía, en cómputo anual, de la pensión, más el resultado de multiplicar el 70% de dicha cifra por el número de convivientes, menos dos.","Cuando la convivencia, dentro de una misma unidad económica, se produzca entre el solicitante y sus descendientes o ascendientes en primer grado, los límites de acumulación de recursos serán equivalentes a 2,5 veces la cuantía que resulte de la suma de la cuantía, en cómputo anual, de la pensión, más el 70% de dicha cuantía multiplicado por el número de convivientes, menos uno.",S12,12,Temario específico Seguridad Social,"Prestaciones no contributivas y asistenciales. El ingreso mínimo vital: beneficiarios, requisitos y duración. Obligaciones de las personas beneficiarias. Cuantía, pago, reintegro de prestaciones indebidas. Prestaciones familiares múltiples. Prestaciones familiares en la modalidad contributiva. Las pensiones no contributivas: Invalidez no contributiva: Jubilación no contributiva.",S12,texto refundido de la Ley General de la Seguridad Social,363,Personas beneficiarias,Alta,S12,,,No,Teórico,D,D,Válida,01. Información oficial de la oposición\Exámenes oficiales anteriores\2025 Convocatoria 2024 - Acceso libre Modelo A.pdf,https://www.seg-social.es/wps/portal/wss/internet/InformacionUtil/9950/88beb45d-ca83-4bab-8162-f94ef2894562/7e46efac-32c8-4cf6-b3d3-d592c3560dff/rdpi_administrativos_2024,OCR Windows es-ES sobre PDF oficial,100,Alta,Regla jurídica determinista,2025_conv2024_ordinario_A-T67,1.0
2025_conv2024_ordinario_A-T68,2025,2024,2025-09-13,Acceso libre,Primera parte,A,A/B,Sí,Modelo A usado como variante canónica; el modelo B oficial está archivado y permuta el orden y/o las opciones.,68,No,"Según el artículo 123 del texto refundido de la Ley General de la Seguridad Social, en relación con eI Comité de Gestión del Fondo de Reserva de la Seguridad Social:",Está presidido por la persona que ostente la titularidad de la Secretaría de Estado de la Seguridad Social y Pensiones.,Su vicepresidente primero es la persona que ostente la titularidad de la Dirección General de la Tesorería General de la Seguridad Social.,Su vicepresidente primero es la persona que ostente la titularidad de la Dirección General del Instituto Nacional de la Seguridad Social.,"Está presidido por la persona titular del Ministerio de Inclusión, Seguridad Social y Migraciones.",S13,13,Temario específico Seguridad Social,"Recursos generales del sistema de la Seguridad Social. El patrimonio único de la seguridad social: titularidad, adscripción, administración y custodia. Los negocios jurídicos patrimoniales: adquisición, enajenación, arrendamiento y cesión. El Fondo de Reserva de la Seguridad Social: constitución, dotación y disposición. Gestión de los recursos financieros: atribución de funciones. Pago de prestaciones de la Seguridad Social.",Fondo de Reserva,texto refundido de la Ley General de la Seguridad Social,123,Artículos literales,Media,Fondo de Reserva,,,No,Teórico,A,A,Válida,01. Información oficial de la oposición\Exámenes oficiales anteriores\2025 Convocatoria 2024 - Acceso libre Modelo A.pdf,https://www.seg-social.es/wps/portal/wss/internet/InformacionUtil/9950/88beb45d-ca83-4bab-8162-f94ef2894562/7e46efac-32c8-4cf6-b3d3-d592c3560dff/rdpi_administrativos_2024,OCR Windows es-ES sobre PDF oficial,100,Alta,Regla jurídica determinista,2025_conv2024_ordinario_A-T68,1.0
2025_conv2024_ordinario_A-T69,2025,2024,2025-09-13,Acceso libre,Primera parte,A,A/B,Sí,Modelo A usado como variante canónica; el modelo B oficial está archivado y permuta el orden y/o las opciones.,69,No,"De conformidad con el artículo 12 bis del Real Decreto 122111992, de 9 de octubre, ¿a quién compete adscribir los bienes inmuebles del patrimonio de la Seguridad Social a otras administraciones públicas o a entidades de derecho público con personalidad jurídica propia o vinculadas o dependientes de las mismas, distintas de las entidades gestoras y los servicios comunes de la Seguridad Social, para el cumplimiento de sus fines propios, que se presumen de utilidad pública?",Ala persona que ostente la titularidad de la Secretaria de Estado de Seguridad Social y Pensiones.,"A la persona titular del Ministerio de Inclusión, Seguridad Social y Migraciones.","A la persona que ostente la titularidad de la Subsecretaría del Ministerio de Inclusión, Seguridad Social y Migraciones.",A cada Entidad Gestora o Servicio Común.,S13,13,Temario específico Seguridad Social,"Recursos generales del sistema de la Seguridad Social. El patrimonio único de la seguridad social: titularidad, adscripción, administración y custodia. Los negocios jurídicos patrimoniales: adquisición, enajenación, arrendamiento y cesión. El Fondo de Reserva de la Seguridad Social: constitución, dotación y disposición. Gestión de los recursos financieros: atribución de funciones. Pago de prestaciones de la Seguridad Social.",S13,,12,Artículos literales,Alta,S13,ISM,,No,Teórico,B,B,Válida,01. Información oficial de la oposición\Exámenes oficiales anteriores\2025 Convocatoria 2024 - Acceso libre Modelo A.pdf,https://www.seg-social.es/wps/portal/wss/internet/InformacionUtil/9950/88beb45d-ca83-4bab-8162-f94ef2894562/7e46efac-32c8-4cf6-b3d3-d592c3560dff/rdpi_administrativos_2024,OCR Windows es-ES sobre PDF oficial,12,Alta,Ponderación de palabras clave,2025_conv2024_ordinario_A-T69,1.0
2025_conv2024_ordinario_A-T70,2025,2024,2025-09-13,Acceso libre,Primera parte,A,A/B,Sí,Modelo A usado como variante canónica; el modelo B oficial está archivado y permuta el orden y/o las opciones.,70,No,"De conformidad con eI artículo 18 del Real Decreto 1221/1992, de 9 de octubre, sobre el patrimonio de la Seguridad Social:","Los bienes muebles necesarios para el desenvolvimiento de los servicios, eI ornato y la decoración de las distintas dependencias de la Seguridad Social, podrán ser adquiridos por el Director general de la Entidad Gestora o Servicio Común que haya de utilizarlos, siendo atribuida su titularidad a dicha Entidad Gestora siempre y en todo caso.","Los bienes muebles necesarios para el desenvolvimiento de los servicios, el omato y la decoración de las distintas dependencias de la Seguridad Social, podrán ser adquiridos por el Director general de la Entidad Gestora o Servicio Común que haya de utilizarlos, sin perjuicio de su atribución genérica a la Secretaría de Estado de Seguridad Social y Pensiones.","Los bienes muebles necesarios para el desenvolvimiento de los servicios, el omato y la decoración de las distintas dependencias de la Seguridad Social, podrán ser adquiridos por eI Director general de la Entidad Gestora o Servicio Común que haya de utilizarlos, sin perjuicio de su atribución genérica al Ministerio de Inclusión, Seguridad Social y Migraciones.","Los bienes muebles necesarios para el desenvolvimiento de los servicios, eI omato y la decoración de las distintas dependencias de la Seguridad Social, podrán ser adquiridos por el Director general de ia Entidad Gestora o Servicio Común que haya de utilizarlos, sin perjuicio de su atribución genérica a la Tesorería General de la Seguridad Social.",S13,13,Temario específico Seguridad Social,"Recursos generales del sistema de la Seguridad Social. El patrimonio único de la seguridad social: titularidad, adscripción, administración y custodia. Los negocios jurídicos patrimoniales: adquisición, enajenación, arrendamiento y cesión. El Fondo de Reserva de la Seguridad Social: constitución, dotación y disposición. Gestión de los recursos financieros: atribución de funciones. Pago de prestaciones de la Seguridad Social.",S13,Real Decreto 1221/1992,18,Artículos literales,Media,S13,,,No,Teórico,D,D,Válida,01. Información oficial de la oposición\Exámenes oficiales anteriores\2025 Convocatoria 2024 - Acceso libre Modelo A.pdf,https://www.seg-social.es/wps/portal/wss/internet/InformacionUtil/9950/88beb45d-ca83-4bab-8162-f94ef2894562/7e46efac-32c8-4cf6-b3d3-d592c3560dff/rdpi_administrativos_2024,OCR Windows es-ES sobre PDF oficial,12,Alta,Ponderación de palabras clave,2025_conv2024_ordinario_A-T70,1.0
2025_conv2024_ordinario_A-T71,2025,2024,2025-09-13,Acceso libre,Primera parte,A,A/B,Sí,Modelo A usado como variante canónica; el modelo B oficial está archivado y permuta el orden y/o las opciones.,71,Sí,"De acuerdo con 10 establecido en el artículo 122 de la Constitución Española, el Consejo General del Poder Judicial:","Es el órgano de administración del mismo. La ley orgánica establecerá su estatuto y el régimen de incompatibilidades de sus miembros y sus funciones, en particular en materia de nombramientos, ascensos, inspección y régimen disciplinario.","Es el órgano de gobiemo del mismo. La ley ordinaria establecerá su estatuto y eI régimen de incompatibilidades de sus miembros y sus funciones, en particular en materia de nombramientos, ascensos, inspección y régimen disciplinario.","Es el órgano de gobiemo del mismo. Un Real Decreto Legislativo establecerá su estatuto y el régimen de incompatibilidades de sus miembros y sus funciones, en particular en materia de nombramientos, ascensos, inspección y régimen disciplinario.","Es el órgano de gobierno del mismo. La ley orgánica establecerá su estatuto y eI régimen de incompatibilidades de sus miembros y sus funciones, en particular en materia de nombramientos, ascensos, inspección y régimen disciplinario.",G06,6,Temario general,El Poder Judicial. El principio de unidad jurisdiccional. El Consejo General del Poder Judicial. La organización judicial española.,G06,Constitución Española,122,Artículos literales,Media,G06,Consejo General del Poder Judicial,,No,Teórico,D,D,Válida,01. Información oficial de la oposición\Exámenes oficiales anteriores\2025 Convocatoria 2024 - Acceso libre Modelo A.pdf,https://www.seg-social.es/wps/portal/wss/internet/InformacionUtil/9950/88beb45d-ca83-4bab-8162-f94ef2894562/7e46efac-32c8-4cf6-b3d3-d592c3560dff/rdpi_administrativos_2024,OCR Windows es-ES sobre PDF oficial,100,Alta,Regla jurídica determinista,2025_conv2024_ordinario_A-T71,1.0
2025_conv2024_ordinario_A-T72,2025,2024,2025-09-13,Acceso libre,Primera parte,A,A/B,Sí,Modelo A usado como variante canónica; el modelo B oficial está archivado y permuta el orden y/o las opciones.,72,Sí,"Según el artículo 205 del texto refundido de la Ley General de la Seguridad Social y en relación con la pensión de jubilación en su modalidad contributiva, a efectos del cómputo de los años cotizados:",No se tendrá en cuenta la parte proporcional correspondiente a las pagas extraordinarias.,Se tendrá en cuenta la parte proporcional correspondiente a las pagas extraordinarias.,Sólo se tendrá en cuenta la parte proporcional correspondiente a las pagas extraordinarias de los quince años inmediatamente anteriores al momento de causar el derecho.,Sólo se tendrá en cuenta la parte proporcional correspondiente a las pagas extraordinarias de los dos años inmediatamente anteriores a! momento de causar el derecho.,S10,10,Temario específico Seguridad Social,"Jubilación en la modalidad contributiva: concepto. Jubilación ordinaria: requisitos: especial referencia a la edad de jubilación. Determinación de la cuantía de la prestación: base reguladora y porcentaje. Jubilación anticipada, jubilación parcial y jubilación flexible. Compatibilidad de la pensión de jubilación y el trabajo. Suspensión y extinción de la prestación. Especial referencia a la aplicación de la normativa anterior a la Ley 27/2011.",jubilación,texto refundido de la Ley General de la Seguridad Social,205,Jubilación,Media,jubilación,,,No,Teórico,A,A,Válida,01. Información oficial de la oposición\Exámenes oficiales anteriores\2025 Convocatoria 2024 - Acceso libre Modelo A.pdf,https://www.seg-social.es/wps/portal/wss/internet/InformacionUtil/9950/88beb45d-ca83-4bab-8162-f94ef2894562/7e46efac-32c8-4cf6-b3d3-d592c3560dff/rdpi_administrativos_2024,OCR Windows es-ES sobre PDF oficial,100,Alta,Regla jurídica determinista,2025_conv2024_ordinario_A-T72,1.0
2025_conv2024_ordinario_A-T73,2025,2024,2025-09-13,Acceso libre,Primera parte,A,A/B,Sí,Modelo A usado como variante canónica; el modelo B oficial está archivado y permuta el orden y/o las opciones.,73,Sí,"De acuerdo con el Real Decreto 1191/2012, de 3 de agosto, por eI que se establecen normas para el reconocimiento del complemento de pensión para eI alquiler de vivienda a favor de los pensionistas de la Seguridad Social en su modalidad no contributiva, señale la afirmación correcta:","Si en Ea misma vivienda alquilada conviven dos o más personas que tuvieran reconocida una pensión de ta Seguridad Social en su modalidad no contributiva, sólo tendrá derecho a este complemento aquel que sea el titular del contrato de arrendamiento o, de ser varios, eI primero de ellos.","Para tener derecho a este complemento se debe tener fijada la residencia, como domicilio habitual, en una vivienda alquilada. Se entenderá que es eI domicilio habitual cuando la vigencia del contrato de arrendamiento no sea inferior a cinco años y el pensionista haya residido en la misma durante los 545 días inmediatamente anteriores.","EI beneficiario no podrá tener con el arrendador de la vivienda alquilada relación conyugal o de parentesco, por consanguinidad, afinidad o adopción hasta el segundo grado, ni constituir con aquél una unión estable y de convivencia con análoga relación de afectividad a la conyugal.","La cuantía del complemento de pensión para el alquiler de vivienda será de 600 euros, que se percibirán en dos mensualidades, en junio y en noviembre.",S12,12,Temario específico Seguridad Social,"Prestaciones no contributivas y asistenciales. El ingreso mínimo vital: beneficiarios, requisitos y duración. Obligaciones de las personas beneficiarias. Cuantía, pago, reintegro de prestaciones indebidas. Prestaciones familiares múltiples. Prestaciones familiares en la modalidad contributiva. Las pensiones no contributivas: Invalidez no contributiva: Jubilación no contributiva.",S12,Real Decreto 1191/2012,,Prestaciones no contributivas,Media,S12,,,No,Teórico,A,A,Válida,01. Información oficial de la oposición\Exámenes oficiales anteriores\2025 Convocatoria 2024 - Acceso libre Modelo A.pdf,https://www.seg-social.es/wps/portal/wss/internet/InformacionUtil/9950/88beb45d-ca83-4bab-8162-f94ef2894562/7e46efac-32c8-4cf6-b3d3-d592c3560dff/rdpi_administrativos_2024,OCR Windows es-ES sobre PDF oficial,100,Alta,Regla jurídica determinista,2025_conv2024_ordinario_A-T73,1.0
2025_conv2024_ordinario_A-P01,2025,2024,2025-09-13,Acceso libre,Segunda parte,A,A/B,Sí,Modelo A usado como variante canónica; el modelo B oficial está archivado y permuta el orden y/o las opciones.,1,No,"Doña Melibea se dirige a una Administración de la Seguridad Social, consultando si su fundación tendrá la consideración de empresario en la Seguridad Social y por tanto tendrá que realizar engorrosos trámites administrativos:","No tiene la condición de empresario, porque la fundación no tiene ánimo de lucro y los dos trabajadores perciben un pequeño salario que se puede considerar como un trabajo amistoso.","Tiene la condición de empresario, aunque la fundación no tenga ánimo de lucro, porque tiene trabajadores a su servicio, con independencia del salario percibido.","No tiene la condición de empresario porque, aunque tenga trabajadores a su servicio, no tiene ánimo de lucro.","Las fundaciones están excluidas de forma expresa de su consideración como empresarios de Seguridad Social, por no tener ánimo de lucro. Dña. Melibea tiene la mayoría de las participaciones de la sociedad ""Pleberio, S.L."" que inició su actividad eI día 7 de marzo de 2022, instando su inscripción en la Seguridad Social en los plazos reglamentariamente establecidos y concertando la cobertura de la protección de las contingencias profesionales y de la prestación económica por incapacidad temporal derivada de contingencias comunes con la mutua colaboradora de la Seguridad Social ""Sosia"". A principios del año 2025 y antes de finalizar la vigencia del convenio prorrogado en el año 2024, solicita dentro del plazo legalmente establecido eI cambio de estas coberturas a la mutua colaboradora de la Seguridad Social ""Sempronio"".",S03,3,Temario específico Seguridad Social,Normas sobre afiliación. Altas y bajas en el régimen general. Procedimiento y efectos. El convenio especial y otras situaciones asimiladas a la del alta. Encuadramiento e inscripción.,S03,,,Procedimientos,Media,S03,,,No,Práctico,B,B,Válida,01. Información oficial de la oposición\Exámenes oficiales anteriores\2025 Convocatoria 2024 - Acceso libre Modelo A.pdf,https://www.seg-social.es/wps/portal/wss/internet/InformacionUtil/9950/88beb45d-ca83-4bab-8162-f94ef2894562/7e46efac-32c8-4cf6-b3d3-d592c3560dff/rdpi_administrativos_2024,OCR Windows es-ES sobre PDF oficial,100,Alta,Revisión jurídica individual,2025_conv2024_ordinario_A-P01,1.0
2025_conv2024_ordinario_A-P02,2025,2024,2025-09-13,Acceso libre,Segunda parte,A,A/B,Sí,Modelo A usado como variante canónica; el modelo B oficial está archivado y permuta el orden y/o las opciones.,2,No,"Señale la fecha del vencimiento de la cobertura de las contingencias profesionales y la prestación económica de incapacidad temporal derivada de contingencias comunes con la mutua colaboradora de la Seguridad Social ""Sosia"":",EI 7 de marzo de 2025.,EI 31 de diciembre de 2025.,EI 31 de marzo de 2025.,"EI 1 de marzo de 2025. Dña. Celestina presta servicios en la empresa ""Pleberio, SL."". Debido a un error del departamento de recursos humanos, no se descontó la cuota obrera de la trabajadora del mes de enero de 2025 y se abonó la nómina sin tener en cuenta dicho descuento.",S03,3,Temario específico Seguridad Social,Normas sobre afiliación. Altas y bajas en el régimen general. Procedimiento y efectos. El convenio especial y otras situaciones asimiladas a la del alta. Encuadramiento e inscripción.,incapacidad temporal,,,"Afiliación, altas y bajas",Media,incapacidad temporal,mutua colaboradora,,No,Práctico,C,C,Válida,01. Información oficial de la oposición\Exámenes oficiales anteriores\2025 Convocatoria 2024 - Acceso libre Modelo A.pdf,https://www.seg-social.es/wps/portal/wss/internet/InformacionUtil/9950/88beb45d-ca83-4bab-8162-f94ef2894562/7e46efac-32c8-4cf6-b3d3-d592c3560dff/rdpi_administrativos_2024,OCR Windows es-ES sobre PDF oficial,100,Alta,Revisión jurídica individual,2025_conv2024_ordinario_A-P02,1.0
2025_conv2024_ordinario_A-P03,2025,2024,2025-09-13,Acceso libre,Segunda parte,A,A/B,Sí,Modelo A usado como variante canónica; el modelo B oficial está archivado y permuta el orden y/o las opciones.,3,No,"Ante ei error del departamento de recursos humanos de la empresa ""Pleberio, S.L."", que no descontó eI importe de la cuota obrera del mes de enero de 2025 a Dña. Celestina, se pretende efectuar el descuento del importe en la nómina del mes de febrero de 2025; indique si esta actuación es correcta:","Sí, porque es posible realizar eI descuento no practicado en los tres meses posteriores.","No, porque 10 tiene que ingresar Dña. Celestina de forma expresa mediante transferencia a la empresa y previo requerimiento de la empresa.","Sí, porque es posible realizar eI descuento no practicado exclusivamente en el mes siguiente.","No, porque se tiene que hacer el descuento en el momento de hacer efectivas las retribuciones y no puede realizarlo con posterioridad. La empresa ""Pleberio, SI."" solicitó, mediante el sistema de liquidación directa, eI día 24 de febrero de 2025 la práctica de la liquidación de las cuotas del mes de enero cuyo plazo reglamentario de ingreso es febrero de 2025, pero faltaba aportar la base de cotización de uno de los trabajadores de la empresa y ante este incumplimiento la Tesorería General de la Seguridad Social le requirió el día 25 de febrero la aportación de estos datos.",S04,4,Temario específico Seguridad Social,La cotización a la Seguridad Social: normas comunes del sistema. La liquidación de cuotas. El régimen general de la Seguridad Social. Supuestos especiales. Bases y tipos de cotización. Liquidación de otras deudas.,S04,,,Cálculos,Alta,S04,,,No,Práctico,D,D,Válida,01. Información oficial de la oposición\Exámenes oficiales anteriores\2025 Convocatoria 2024 - Acceso libre Modelo A.pdf,https://www.seg-social.es/wps/portal/wss/internet/InformacionUtil/9950/88beb45d-ca83-4bab-8162-f94ef2894562/7e46efac-32c8-4cf6-b3d3-d592c3560dff/rdpi_administrativos_2024,OCR Windows es-ES sobre PDF oficial,100,Alta,Regla jurídica determinista,2025_conv2024_ordinario_A-P03,1.0
2025_conv2024_ordinario_A-P04,2025,2024,2025-09-13,Acceso libre,Segunda parte,A,A/B,Sí,Modelo A usado como variante canónica; el modelo B oficial está archivado y permuta el orden y/o las opciones.,4,No,"Indique hasta que día tiene la empresa ""Pleberio, S.L."" para aportar los datos solicitados por la Tesorería General de la Seguridad Social eI día 25 de febrero de 2025 y poder practicar la liquidación en el plazo reglamentario establecido:","EI día 28 de febrero de 2025, último día hábil del plazo reglamentario de ingreso.","Ei día 27 de febrero de 2025, penúltima día natural del plazo reglamentario de ingreso.","EI día 1 de marzo de 2025, día siguiente hábil.","EI 26 de febrero de 2025, antepenúltimo día hábil del plazo reglamentario de ingreso. EI 25 de marzo de 2025 se publicó el convenio colectivo aplicable a la empresa ""Pleberio, S.L."", donde se recoge un incremento salarial desde el mes de enero del 2025 del 3% y recoge, de forma expresa, que los incrementos de los salarios retroactivos se deben de abonar a 10 largo del mes de abril de 2025. Practicada, mediante el sistema de liquidación directa, la liquidación complementaria por estos incrementos salariales retroactivos en e' plazo reglamentario, no se abonaron en dicho plazo y ante la falta de pago se acaba emitiendo la correspondiente providencia de apremio que es recibida el día 14 de julio de 2025.",S04,4,Temario específico Seguridad Social,La cotización a la Seguridad Social: normas comunes del sistema. La liquidación de cuotas. El régimen general de la Seguridad Social. Supuestos especiales. Bases y tipos de cotización. Liquidación de otras deudas.,S04,,,Plazos,Alta,S04,Tesorería General de la Seguridad Social,,No,Práctico,B,B,Válida,01. Información oficial de la oposición\Exámenes oficiales anteriores\2025 Convocatoria 2024 - Acceso libre Modelo A.pdf,https://www.seg-social.es/wps/portal/wss/internet/InformacionUtil/9950/88beb45d-ca83-4bab-8162-f94ef2894562/7e46efac-32c8-4cf6-b3d3-d592c3560dff/rdpi_administrativos_2024,OCR Windows es-ES sobre PDF oficial,100,Alta,Revisión jurídica individual,2025_conv2024_ordinario_A-P04,1.0
2025_conv2024_ordinario_A-P05,2025,2024,2025-09-13,Acceso libre,Segunda parte,A,A/B,Sí,Modelo A usado como variante canónica; el modelo B oficial está archivado y permuta el orden y/o las opciones.,5,No,"La empresa ""Pleberio, S.L."" va a realizar la liquidación complementaria correspondiente al abono de los salarios retroactivos previstos en el convenio colectivo, señale cual es eI plazo reglamentario de ingreso:","EI día 31 de mayo de 2025, último día del mes siguiente a aquel en que deben de abonarse.","EI día 30 de abril de 2025, último día del mes siguiente a la publicación del convenio colectivo en eI boletín oficial correspondiente.","EI día 30 de abril o ei 31 de mayo de 2025, a elección de la empresa.","EI día 30 de junio de 2025, último día del segundo mes siguiente a aquel en que deben de abonarse.",S04,4,Temario específico Seguridad Social,La cotización a la Seguridad Social: normas comunes del sistema. La liquidación de cuotas. El régimen general de la Seguridad Social. Supuestos especiales. Bases y tipos de cotización. Liquidación de otras deudas.,S04,,,Plazos,Media,S04,,,No,Práctico,A,A,Válida,01. Información oficial de la oposición\Exámenes oficiales anteriores\2025 Convocatoria 2024 - Acceso libre Modelo A.pdf,https://www.seg-social.es/wps/portal/wss/internet/InformacionUtil/9950/88beb45d-ca83-4bab-8162-f94ef2894562/7e46efac-32c8-4cf6-b3d3-d592c3560dff/rdpi_administrativos_2024,OCR Windows es-ES sobre PDF oficial,100,Alta,Revisión jurídica individual,2025_conv2024_ordinario_A-P05,1.0
2025_conv2024_ordinario_A-P06,2025,2024,2025-09-13,Acceso libre,Segunda parte,A,A/B,Sí,Modelo A usado como variante canónica; el modelo B oficial está archivado y permuta el orden y/o las opciones.,6,No,"Ante la falta de pago de la liquidación complementaria por eI abono retroactivo de los incrementos salariales, determine si procede o no la emisión de una reclamación de deuda:","Exclusivamente se redaman mediante requerimiento de cuotas, previo reconocimiento de la deuda ante e' funcionario actuante.",Exclusivamente se pueden reclamar mediante acta de liquidación practicada por la Inspección de Trabajo y Seguridad Social.,Siempre procede la reclamación de deuda.,"No procede una reclamación de deuda, porque se han cumplido dentro de plazo las obligaciones en materia de liquidación de cuotas.",S05,5,Temario específico Seguridad Social,"La gestión recaudatoria: concepto, competencia y objeto. Responsables del pago. Requisitos para el pago. Medios de pago. Control de recaudación. Revisión de los actos de gestión recaudatoria. La recaudación en periodo voluntario. Efectos de la falta de cotización en período reglamentario. Recaudación de otros recursos. Aplazamientos. Devolución de ingresos indebidos. Capital coste de pensiones.",S05,,,Recaudación,Media,S05,,,No,Práctico,D,D,Válida,01. Información oficial de la oposición\Exámenes oficiales anteriores\2025 Convocatoria 2024 - Acceso libre Modelo A.pdf,https://www.seg-social.es/wps/portal/wss/internet/InformacionUtil/9950/88beb45d-ca83-4bab-8162-f94ef2894562/7e46efac-32c8-4cf6-b3d3-d592c3560dff/rdpi_administrativos_2024,OCR Windows es-ES sobre PDF oficial,100,Alta,Regla jurídica determinista,2025_conv2024_ordinario_A-P06,1.0
2025_conv2024_ordinario_A-P07,2025,2024,2025-09-13,Acceso libre,Segunda parte,A,A/B,Sí,Modelo A usado como variante canónica; el modelo B oficial está archivado y permuta el orden y/o las opciones.,7,No,Señale desde que fecha se devengan los intereses de demora sobre el principal de la deuda por ta falta de pago de la liquidación complementaria correspondiente al abono de los salarios retroactivos debidos al convenio colectivo:,"29 de julio de 2025, decimoquinto día natural siguiente a la recepción de la providencia de apremio.","1 de mayo de 2025, día siguiente a la finalización del plazo reglamentario de ingreso.","1 de junio de 2025, día siguiente a la finaEización del plazo reglamentario de ingreso.","1 de julio de 2025, día siguiente a la finalización del plazo reglamentario de ingreso. Juan trabaja en la empresa SOLUCIONES MONTE S.L desde enero de 2020 y su mujer, Lorena, trabaja por cuenta ajena en una peluquería desde hace 10 años. EI 5 de diciembre de 2024 tuvieron un hijo, Pablo. Tras el estudio y valoración correspondiente, se acreditó que Pablo tenía una discapacidad del 45%.",S05,5,Temario específico Seguridad Social,"La gestión recaudatoria: concepto, competencia y objeto. Responsables del pago. Requisitos para el pago. Medios de pago. Control de recaudación. Revisión de los actos de gestión recaudatoria. La recaudación en periodo voluntario. Efectos de la falta de cotización en período reglamentario. Recaudación de otros recursos. Aplazamientos. Devolución de ingresos indebidos. Capital coste de pensiones.",S05,,,Recaudación,Media,S05,,,No,Práctico,C,C,Válida,01. Información oficial de la oposición\Exámenes oficiales anteriores\2025 Convocatoria 2024 - Acceso libre Modelo A.pdf,https://www.seg-social.es/wps/portal/wss/internet/InformacionUtil/9950/88beb45d-ca83-4bab-8162-f94ef2894562/7e46efac-32c8-4cf6-b3d3-d592c3560dff/rdpi_administrativos_2024,OCR Windows es-ES sobre PDF oficial,100,Alta,Regla jurídica determinista,2025_conv2024_ordinario_A-P07,1.0
2025_conv2024_ordinario_A-P08,2025,2024,2025-09-13,Acceso libre,Segunda parte,A,A/B,Sí,Modelo A usado como variante canónica; el modelo B oficial está archivado y permuta el orden y/o las opciones.,8,No,¿Qué duración tendrá la prestación de nacimiento y cuidado del menor para cada uno de los progenitores?,Juan tendrá 16 semanas y Lorena 18 semanas.,"Un progenitor tendrá 16 semanas y el otro, 18 semanas, a opción de los interesados.",17 semanas para cada progenitor.,18 semanas para cada progenitor.,S09,9,Temario específico Seguridad Social,Nacimiento y cuidado de menor. Ejercicio corresponsable del cuidado del lactante. Prestación por riesgo durante el embarazo. Prestación por riesgo durante la lactancia natural. Asignación económica por hijo o menor acogido a cargo. Prestación económica por nacimiento o adopción de hijo en supuestos de familias numerosas o monoparentales y en los casos de madres o padres con discapacidad. Prestación por parto o adopción Subsidio por cuidado de menores afectados por cáncer u otra enfermedad grave.,S09,,,Prestaciones familiares,Media,S09,,,No,Práctico,C,C,Válida,01. Información oficial de la oposición\Exámenes oficiales anteriores\2025 Convocatoria 2024 - Acceso libre Modelo A.pdf,https://www.seg-social.es/wps/portal/wss/internet/InformacionUtil/9950/88beb45d-ca83-4bab-8162-f94ef2894562/7e46efac-32c8-4cf6-b3d3-d592c3560dff/rdpi_administrativos_2024,OCR Windows es-ES sobre PDF oficial,100,Alta,Regla jurídica determinista,2025_conv2024_ordinario_A-P08,1.0
2025_conv2024_ordinario_A-P09,2025,2024,2025-09-13,Acceso libre,Segunda parte,A,A/B,Sí,Modelo A usado como variante canónica; el modelo B oficial está archivado y permuta el orden y/o las opciones.,9,No,¿Podrán Juan y Lorena solicitar el reconocimiento de alguna prestación familiar no contributiva?,"Sí, una prestación económica de pago único a tanto alzado por nacimiento de hijo afectado por una discapacidad de grado igual o superior at 45%.","Sí, la asignación económica por hijo menor de edad afectado por una discapacidad de grado igual o superior al 33%.",Únicamente si los ingresos anuales de Juan y Lorena no superan la cuantía que anuaimente establece la Ley de Presupuestos Generales del Estado.,"No, ya que el grado de discapacidad de Pablo no es igual o superior al 65%.",S09,9,Temario específico Seguridad Social,Nacimiento y cuidado de menor. Ejercicio corresponsable del cuidado del lactante. Prestación por riesgo durante el embarazo. Prestación por riesgo durante la lactancia natural. Asignación económica por hijo o menor acogido a cargo. Prestación económica por nacimiento o adopción de hijo en supuestos de familias numerosas o monoparentales y en los casos de madres o padres con discapacidad. Prestación por parto o adopción Subsidio por cuidado de menores afectados por cáncer u otra enfermedad grave.,S09,,,Prestaciones familiares,Media,S09,,,No,Práctico,B,B,Válida,01. Información oficial de la oposición\Exámenes oficiales anteriores\2025 Convocatoria 2024 - Acceso libre Modelo A.pdf,https://www.seg-social.es/wps/portal/wss/internet/InformacionUtil/9950/88beb45d-ca83-4bab-8162-f94ef2894562/7e46efac-32c8-4cf6-b3d3-d592c3560dff/rdpi_administrativos_2024,OCR Windows es-ES sobre PDF oficial,100,Alta,Revisión jurídica individual,2025_conv2024_ordinario_A-P09,1.0
2025_conv2024_ordinario_A-P10,2025,2024,2025-09-13,Acceso libre,Segunda parte,A,A/B,Sí,Modelo A usado como variante canónica; el modelo B oficial está archivado y permuta el orden y/o las opciones.,10,No,"En caso de tener derecho, si solicitaran el reconocimiento de la prestación familiar no contributiva el 20 de enero de 2025. ¿En qué fecha surtirá efecto?",A partir de 21 de enero de 2025.,A partir del 1 de febrero de 2025.,A partir del 1 de marzo de 2025.,"A partir del 1 de abril de 2025. Raquel también trabaja en la empresa SOLUCIONES MONTE S.L, desde el año 2015. Tiene un hijo a su cargo, Daniel, de 21 años de edad. Daniel no tiene otro progenitor reconocido y a ios 17 años se le diagnosticó una enfermedad grave incluida en el listado que regula el Real Decreto 1148/2011 , sin tener reconocido ningún grado de discapacidad. Raquel decide reducir su jornada en un 90% ya que su hijo requiere cuidados permanentes.",S09,9,Temario específico Seguridad Social,Nacimiento y cuidado de menor. Ejercicio corresponsable del cuidado del lactante. Prestación por riesgo durante el embarazo. Prestación por riesgo durante la lactancia natural. Asignación económica por hijo o menor acogido a cargo. Prestación económica por nacimiento o adopción de hijo en supuestos de familias numerosas o monoparentales y en los casos de madres o padres con discapacidad. Prestación por parto o adopción Subsidio por cuidado de menores afectados por cáncer u otra enfermedad grave.,S09,,,Prestaciones familiares,Alta,S09,,,No,Práctico,D,D,Válida,01. Información oficial de la oposición\Exámenes oficiales anteriores\2025 Convocatoria 2024 - Acceso libre Modelo A.pdf,https://www.seg-social.es/wps/portal/wss/internet/InformacionUtil/9950/88beb45d-ca83-4bab-8162-f94ef2894562/7e46efac-32c8-4cf6-b3d3-d592c3560dff/rdpi_administrativos_2024,OCR Windows es-ES sobre PDF oficial,100,Alta,Revisión jurídica individual,2025_conv2024_ordinario_A-P10,1.0
2025_conv2024_ordinario_A-P11,2025,2024,2025-09-13,Acceso libre,Segunda parte,A,A/B,Sí,Modelo A usado como variante canónica; el modelo B oficial está archivado y permuta el orden y/o las opciones.,11,No,"A efectos de la prestación económica por cuidado de hijos menores de 18 años, afectados por cáncer u otra enfermedad grave ¿qué cuantía podría percibir?","Ninguna, ya que Daniel es mayor de edad y no tiene discapacidad reconocida.",E 100% de la base reguladora establecida para la prestación de incapacidad temporal derivada de contingencias comunes.,EI 90% del subsidio equivalente al 100% de la base reguladora establecida para la prestación de incapacidad temporal derivada de contingencias profesionales.,Et 50% del subsidio equivalente al 100% de la base reguladora establecida para la prestación de incapacidad temporal derivada de contingencias profesionales.,S09,9,Temario específico Seguridad Social,Nacimiento y cuidado de menor. Ejercicio corresponsable del cuidado del lactante. Prestación por riesgo durante el embarazo. Prestación por riesgo durante la lactancia natural. Asignación económica por hijo o menor acogido a cargo. Prestación económica por nacimiento o adopción de hijo en supuestos de familias numerosas o monoparentales y en los casos de madres o padres con discapacidad. Prestación por parto o adopción Subsidio por cuidado de menores afectados por cáncer u otra enfermedad grave.,S09,,,Cálculos,Alta,S09,,18 años,No,Práctico,C,C,Válida,01. Información oficial de la oposición\Exámenes oficiales anteriores\2025 Convocatoria 2024 - Acceso libre Modelo A.pdf,https://www.seg-social.es/wps/portal/wss/internet/InformacionUtil/9950/88beb45d-ca83-4bab-8162-f94ef2894562/7e46efac-32c8-4cf6-b3d3-d592c3560dff/rdpi_administrativos_2024,OCR Windows es-ES sobre PDF oficial,100,Alta,Regla jurídica determinista,2025_conv2024_ordinario_A-P11,1.0
2025_conv2024_ordinario_A-P12,2025,2024,2025-09-13,Acceso libre,Segunda parte,A,A/B,Sí,Modelo A usado como variante canónica; el modelo B oficial está archivado y permuta el orden y/o las opciones.,12,No,Si Raquel tuviera derecho a la prestación económica por cuidado de menores afectados por cáncer u otra enfermedad grave ¿cuándo se extinguiría?,"Cuando cesara la necesidad del cuidado directo, continuo y permanente de Daniel sin que se requiera la emisión del informe previo del servicio público de salud correspondiente.",Cuando Daniel cumpla 22 años.,Cuando Daniel cumpla 23 años.,"Cuando DanieE cumpla 26 años. Juan Luis trabaja en la gestoría U&T S.L. y cumple 65 años eI 20 de octubre de 2025. Cuenta con una larga trayectoria profesional en eI sector comercial, contando en la fecha indicada con 40 años de cotización al Régimen General de la Seguridad Social.",S09,9,Temario específico Seguridad Social,Nacimiento y cuidado de menor. Ejercicio corresponsable del cuidado del lactante. Prestación por riesgo durante el embarazo. Prestación por riesgo durante la lactancia natural. Asignación económica por hijo o menor acogido a cargo. Prestación económica por nacimiento o adopción de hijo en supuestos de familias numerosas o monoparentales y en los casos de madres o padres con discapacidad. Prestación por parto o adopción Subsidio por cuidado de menores afectados por cáncer u otra enfermedad grave.,S09,,,Personas beneficiarias,Media,S09,,,No,Práctico,C,C,Válida,01. Información oficial de la oposición\Exámenes oficiales anteriores\2025 Convocatoria 2024 - Acceso libre Modelo A.pdf,https://www.seg-social.es/wps/portal/wss/internet/InformacionUtil/9950/88beb45d-ca83-4bab-8162-f94ef2894562/7e46efac-32c8-4cf6-b3d3-d592c3560dff/rdpi_administrativos_2024,OCR Windows es-ES sobre PDF oficial,100,Alta,Regla jurídica determinista,2025_conv2024_ordinario_A-P12,1.0
2025_conv2024_ordinario_A-P13,2025,2024,2025-09-13,Acceso libre,Segunda parte,A,A/B,Sí,Modelo A usado como variante canónica; el modelo B oficial está archivado y permuta el orden y/o las opciones.,13,No,"Si decide jubilarse en la fecha indicada, ¿cuál será la base reguladora de su pensión de jubilación?","EI cociente que resulte de dividir por 350, las bases de cotización del interesado durante los 300 meses inmediatamente anteriores al mes de septiembre.","EI cociente que resulte de dividir por 378, las bases de cotización del interesado durante los 324 meses inmediatamente anteriores al mes de septiembre.","EI cociente que resulte de dividir por 350, las bases de cotización del interesado durante los 300 meses inmediatamente anteriores al mes de octubre-","EI cociente que resulte de dividir por 378, las bases de cotización del interesado durante los 324 meses inmediatamente anteriores al mes de octubre.",S10,10,Temario específico Seguridad Social,"Jubilación en la modalidad contributiva: concepto. Jubilación ordinaria: requisitos: especial referencia a la edad de jubilación. Determinación de la cuantía de la prestación: base reguladora y porcentaje. Jubilación anticipada, jubilación parcial y jubilación flexible. Compatibilidad de la pensión de jubilación y el trabajo. Suspensión y extinción de la prestación. Especial referencia a la aplicación de la normativa anterior a la Ley 27/2011.",jubilación,,,Cálculos,Media,jubilación,,,No,Práctico,A,A,Válida,01. Información oficial de la oposición\Exámenes oficiales anteriores\2025 Convocatoria 2024 - Acceso libre Modelo A.pdf,https://www.seg-social.es/wps/portal/wss/internet/InformacionUtil/9950/88beb45d-ca83-4bab-8162-f94ef2894562/7e46efac-32c8-4cf6-b3d3-d592c3560dff/rdpi_administrativos_2024,OCR Windows es-ES sobre PDF oficial,100,Alta,Regla jurídica determinista,2025_conv2024_ordinario_A-P13,1.0
2025_conv2024_ordinario_A-P14,2025,2024,2025-09-13,Acceso libre,Segunda parte,A,A/B,Sí,Modelo A usado como variante canónica; el modelo B oficial está archivado y permuta el orden y/o las opciones.,14,No,Si Juan Luis decidiera posponer su jubilación hasta el 20 de septiembre de 2027 ¿qué complemento económico Ie correspondería si eligiera la opción del porcentaje adicional?,Un porcentaje adicional de un 2%.,IJn porcentaje adicional de un 4%.,Un porcentaje adicional de un 6%.,Un porcentaje adicional de un 8%.,S10,10,Temario específico Seguridad Social,"Jubilación en la modalidad contributiva: concepto. Jubilación ordinaria: requisitos: especial referencia a la edad de jubilación. Determinación de la cuantía de la prestación: base reguladora y porcentaje. Jubilación anticipada, jubilación parcial y jubilación flexible. Compatibilidad de la pensión de jubilación y el trabajo. Suspensión y extinción de la prestación. Especial referencia a la aplicación de la normativa anterior a la Ley 27/2011.",jubilación,,,Jubilación,Alta,jubilación,,,No,Práctico,B,B,Válida,01. Información oficial de la oposición\Exámenes oficiales anteriores\2025 Convocatoria 2024 - Acceso libre Modelo A.pdf,https://www.seg-social.es/wps/portal/wss/internet/InformacionUtil/9950/88beb45d-ca83-4bab-8162-f94ef2894562/7e46efac-32c8-4cf6-b3d3-d592c3560dff/rdpi_administrativos_2024,OCR Windows es-ES sobre PDF oficial,100,Alta,Regla jurídica determinista,2025_conv2024_ordinario_A-P14,1.0
2025_conv2024_ordinario_A-P15,2025,2024,2025-09-13,Acceso libre,Segunda parte,A,A/B,Sí,Modelo A usado como variante canónica; el modelo B oficial está archivado y permuta el orden y/o las opciones.,15,No,"Si decidiera jubilarse el 20 de octubre de 2027 pero volviera a trabajar por cuenta ajena al mes de haberse jubilado, ¿qué porcentaje de la pensión cobraría mientras estuviera trabajando?",EI 45% de la pensión reconocida.,EE 55% de la pensión reconocida-,EI 65% de la pensión reconocida.,EI 80% de la pensión reconocida,S10,10,Temario específico Seguridad Social,"Jubilación en la modalidad contributiva: concepto. Jubilación ordinaria: requisitos: especial referencia a la edad de jubilación. Determinación de la cuantía de la prestación: base reguladora y porcentaje. Jubilación anticipada, jubilación parcial y jubilación flexible. Compatibilidad de la pensión de jubilación y el trabajo. Suspensión y extinción de la prestación. Especial referencia a la aplicación de la normativa anterior a la Ley 27/2011.",S10,,,Jubilación,Alta,S10,,,No,Práctico,B,B,Válida,01. Información oficial de la oposición\Exámenes oficiales anteriores\2025 Convocatoria 2024 - Acceso libre Modelo A.pdf,https://www.seg-social.es/wps/portal/wss/internet/InformacionUtil/9950/88beb45d-ca83-4bab-8162-f94ef2894562/7e46efac-32c8-4cf6-b3d3-d592c3560dff/rdpi_administrativos_2024,OCR Windows es-ES sobre PDF oficial,100,Alta,Regla jurídica determinista,2025_conv2024_ordinario_A-P15,1.0
2025_conv2024_ordinario_A-P16,2025,2024,2025-09-13,Acceso libre,Segunda parte,A,A/B,Sí,Modelo A usado como variante canónica; el modelo B oficial está archivado y permuta el orden y/o las opciones.,16,Sí,"Dña. Celestina ha decidido dejar voluntariamente la empresa eI día 28 de abril de 2025, comunicándolo con la antelación que la legislación laboral establece. Determine hasta que día tiene la empresa ""Pleberio, S.L"", para tramitar la baja de Dña. Celestina, dentro del plazo reglamentariamente establecido:",I de mayo de 2025.,2 de mayo de 2025.,30 de abril de 2025.,3 de mayo de 2025.,S03,3,Temario específico Seguridad Social,Normas sobre afiliación. Altas y bajas en el régimen general. Procedimiento y efectos. El convenio especial y otras situaciones asimiladas a la del alta. Encuadramiento e inscripción.,baja,,,Plazos,Alta,baja,,,No,Práctico,A,A,Válida,01. Información oficial de la oposición\Exámenes oficiales anteriores\2025 Convocatoria 2024 - Acceso libre Modelo A.pdf,https://www.seg-social.es/wps/portal/wss/internet/InformacionUtil/9950/88beb45d-ca83-4bab-8162-f94ef2894562/7e46efac-32c8-4cf6-b3d3-d592c3560dff/rdpi_administrativos_2024,OCR Windows es-ES sobre PDF oficial,7,Media,Ponderación de palabras clave,2025_conv2024_ordinario_A-P16,1.0
2025_conv2024_ordinario_A-P17,2025,2024,2025-09-13,Acceso libre,Segunda parte,A,A/B,Sí,Modelo A usado como variante canónica; el modelo B oficial está archivado y permuta el orden y/o las opciones.,17,Sí,"Victoria trabaja como fisioterapeuta por cuenta ajena. Tras una caída esquiando, se ha fracturado eI cúbito y eI radio del brazo derecho. EI facultativo médico ha estimado un periodo de duración de baja médica de 60 días naturales. La baja inicial es del día 10 de enero de 2025 y se ha extendido parte de confirmación de la misma eI día 16 de enero de 2025. Después de este primer parte de confirmación, los sucesivos que deban emitirse, no podrán emitirse con una diferencia de más de:",7 días naturales entre sí.,14 días naturales entre sí.,28 días naturales entre sí.,35 días naturales entre sí.,S08,8,Temario específico Seguridad Social,"Incapacidad temporal: concepto y causas que motivan esta situación. Beneficiarios. Prestación económica: determinación y cuantía. Nacimiento, duración y extinción del derecho al subsidio. Reconocimiento y pago. Control de la incapacidad. Incapacidad permanente contributiva: concepto. Grados de incapacidad. Prestaciones. Determinación y cuantía. Beneficiarios. Nacimiento, duración y extinción del derecho. Lesiones permanentes no incapacitantes. La calificación y revisión de la incapacidad permanente.",baja,,,Plazos,Alta,baja,ISM,60 días,No,Práctico,C,C,Válida,01. Información oficial de la oposición\Exámenes oficiales anteriores\2025 Convocatoria 2024 - Acceso libre Modelo A.pdf,https://www.seg-social.es/wps/portal/wss/internet/InformacionUtil/9950/88beb45d-ca83-4bab-8162-f94ef2894562/7e46efac-32c8-4cf6-b3d3-d592c3560dff/rdpi_administrativos_2024,OCR Windows es-ES sobre PDF oficial,100,Alta,Revisión jurídica individual,2025_conv2024_ordinario_A-P17,1.0
2025_conv2024_ordinario_A-P18,2025,2024,2025-09-13,Acceso libre,Segunda parte,A,A/B,Sí,Modelo A usado como variante canónica; el modelo B oficial está archivado y permuta el orden y/o las opciones.,18,Sí,"Eduardo se encuentra en un proceso de incapacidad temporal como consecuencia de un accidente de tráfico desde el 5 de mayo de 2024. Una vez agotado eI plazo de duración de 365 días, la inspección médica del INSS ha emitido eI alta médica por mejoría que permite la reincorporación médica al trabajo. Eduardo no está conforme con el alta médica, ¿puede manifestar su disconformidad ante la inspección médica del servicio público de salud?",No es posible manifestar disconformidad alguna ante la decisión de la inspección médica del INSS.,"Sí, es posible manifestar su disconformidad en el plazo máximo de 4 días naturales ante la inspección médica del servicio público de salud.","Sí, es posible manifestar su disconformidad en eI plazo máximo de 7 días naturales ante la inspección médica del servicio público de salud.","Sí, es posible manifestar su disconformidad en el plazo máximo de 11 días naturales ante la inspección médica del servicio público de salud.",S08,8,Temario específico Seguridad Social,"Incapacidad temporal: concepto y causas que motivan esta situación. Beneficiarios. Prestación económica: determinación y cuantía. Nacimiento, duración y extinción del derecho al subsidio. Reconocimiento y pago. Control de la incapacidad. Incapacidad permanente contributiva: concepto. Grados de incapacidad. Prestaciones. Determinación y cuantía. Beneficiarios. Nacimiento, duración y extinción del derecho. Lesiones permanentes no incapacitantes. La calificación y revisión de la incapacidad permanente.",alta,,,Plazos,Alta,alta,INSS,365 días,Sí,Práctico,B,B,Válida,01. Información oficial de la oposición\Exámenes oficiales anteriores\2025 Convocatoria 2024 - Acceso libre Modelo A.pdf,https://www.seg-social.es/wps/portal/wss/internet/InformacionUtil/9950/88beb45d-ca83-4bab-8162-f94ef2894562/7e46efac-32c8-4cf6-b3d3-d592c3560dff/rdpi_administrativos_2024,OCR Windows es-ES sobre PDF oficial,100,Alta,Regla jurídica determinista,2025_conv2024_ordinario_A-P18,1.0
2025_conv2024_extraordinario-T01,2025,2024,2025-10-26,Acceso libre,Primera parte,Extraordinario,Único,Sí,Cuestionario extraordinario sin modelo paralelo.,1,No,"En la Constitución Española, el Capítulo Primero del Título I se denomina:",De los derechos y deberes fundamentales.,De los españoles y los extranjeros.,De los derechos y deberes de los ciudadanos.,De los principios rectores de la política social y económica.,G02,2,Temario general,Derechos y deberes fundamentales. Su garantía y suspensión.,G02,Constitución Española,,Artículos literales,Básica,G02,,,No,Teórico,B,B,Válida,01. Información oficial de la oposición\Exámenes oficiales anteriores\2025 Convocatoria 2024 - Examen extraordinario acceso libre.pdf,https://www.seg-social.es/wps/portal/wss/internet/InformacionUtil/9950/88beb45d-ca83-4bab-8162-f94ef2894562/7e46efac-32c8-4cf6-b3d3-d592c3560dff/rdpi_administrativos_2024,Texto PDF,100,Alta,Regla jurídica determinista,2025_conv2024_extraordinario-T01,1.0
2025_conv2024_extraordinario-T02,2025,2024,2025-10-26,Acceso libre,Primera parte,Extraordinario,Único,Sí,Cuestionario extraordinario sin modelo paralelo.,2,No,El derecho a la huelga de los trabajadores para la defensa de sus intereses:,"Es un derecho fundamental, previsto en la Sección 1ª del Capítulo Segundo , del Título I, de la Constitución Española y, en consecuencia, está tutelado mediante recurso de amparo ante el Tribunal Constitucional.","Es un principio rector de la política social y económica y, por tanto, únicamente podrá ser alegado ante la jurisdicción ordinaria de acuerdo con lo que dispongan las leyes que lo desarrollen.","Es un derecho fundamental, previsto en la Sección 1ª del Capítulo Segundo , del Título I , de la Constitución Española, pero no goza de tutela mediante recurso de amparo ante el Tribunal Constitucional.",La Constitución Española no recoge el derecho a la huelga.,G02,2,Temario general,Derechos y deberes fundamentales. Su garantía y suspensión.,G02,,,Artículos literales,Básica,G02,,,No,Teórico,A,A,Válida,01. Información oficial de la oposición\Exámenes oficiales anteriores\2025 Convocatoria 2024 - Examen extraordinario acceso libre.pdf,https://www.seg-social.es/wps/portal/wss/internet/InformacionUtil/9950/88beb45d-ca83-4bab-8162-f94ef2894562/7e46efac-32c8-4cf6-b3d3-d592c3560dff/rdpi_administrativos_2024,Texto PDF,100,Alta,Regla jurídica determinista,2025_conv2024_extraordinario-T02,1.0
2025_conv2024_extraordinario-T03,2025,2024,2025-10-26,Acceso libre,Primera parte,Extraordinario,Único,Sí,Cuestionario extraordinario sin modelo paralelo.,3,No,"Según el artículo 12 de la Ley Orgánica 2/1979, de 3 de octubre, del Tribunal Constitucional, señale la afirmación correcta:","El Tribunal Constitucional está integrado por doce miembros, con el título de Magistrados del Tribunal Constitucional.",La distribución de asuntos entre las Salas del Tribunal se efectuará según un turno establecido por el Pleno a propuesta de su Presidente.,"Cuando una Sala considere necesario apartarse en cualquier punto de la doctrina constitucional precedente sentada por el Tribunal, la cuestión se someterá a la decisión del Pleno.","Las Salas del Tribunal Constitucional conocerán de los asuntos que, atribuidos a la justicia constitucional, no sean de la competencia del Pleno.",G03,3,Temario general,"El Tribunal Constitucional. Organización, composición y atribuciones.",G03,Ley Orgánica 2/1979,12,Artículos literales,Media,G03,Tribunal Constitucional,,No,Teórico,B,B,Válida,01. Información oficial de la oposición\Exámenes oficiales anteriores\2025 Convocatoria 2024 - Examen extraordinario acceso libre.pdf,https://www.seg-social.es/wps/portal/wss/internet/InformacionUtil/9950/88beb45d-ca83-4bab-8162-f94ef2894562/7e46efac-32c8-4cf6-b3d3-d592c3560dff/rdpi_administrativos_2024,Texto PDF,100,Alta,Regla jurídica determinista,2025_conv2024_extraordinario-T03,1.0
2025_conv2024_extraordinario-T04,2025,2024,2025-10-26,Acceso libre,Primera parte,Extraordinario,Único,Sí,Cuestionario extraordinario sin modelo paralelo.,4,No,"De acuerdo con lo establecido en el artículo 58 de la Constitución Española, la Reina consorte o el consorte de la Reina:",Podrán asumir las funciones constitucionales que corresponden al Jefe del Estado.,"Podrán asumir funciones constitucionales, salvo en tiempos de guerra.","No podrán asumir funciones constitucionales, salvo lo dispuesto para la Regencia.","No podrán asumir funciones constitucionales, salvo lo dispuesto en caso de declararse el Estado de Excepción, Alarma o Sitio.",G04,4,Temario general,La Corona. Funciones constitucionales del Rey. Sucesión y regencia. El refrendo.,G04,Constitución Española,58,Artículos literales,Media,G04,,,No,Teórico,C,C,Válida,01. Información oficial de la oposición\Exámenes oficiales anteriores\2025 Convocatoria 2024 - Examen extraordinario acceso libre.pdf,https://www.seg-social.es/wps/portal/wss/internet/InformacionUtil/9950/88beb45d-ca83-4bab-8162-f94ef2894562/7e46efac-32c8-4cf6-b3d3-d592c3560dff/rdpi_administrativos_2024,Texto PDF,100,Alta,Regla jurídica determinista,2025_conv2024_extraordinario-T04,1.0
2025_conv2024_extraordinario-T05,2025,2024,2025-10-26,Acceso libre,Primera parte,Extraordinario,Único,Sí,Cuestionario extraordinario sin modelo paralelo.,5,No,"De acuerdo con lo establecido en el artículo 54 de la Constitución Española, ¿mediante qué tipo de norma se regulará la Institución del Defensor del Pueblo?:","Una ley ordinaria regulará la institución del Defensor del Pueblo, como alto comisionado de las Cortes Generales, designado por éstas para la defensa de los derechos comprendidos en este Título, a cuyo efecto podrá supervisar la actividad de la Administrac ión, dando cuenta a las Cortes Generales.","Un Real Decreto Ley regulará la institución del Defensor del Pueblo, como alto comisionado de las Cortes Generales, designado por éstas para la defensa de los derechos comprendidos en este Título, a cuyo efecto podrá supervisar la actividad de la Administr ación, dando cuenta a las Cortes Generales.","Una ley orgánica regulará la institución del Defensor del Pueblo, como alto comisionado de las Cortes Generales, designado por éstas para la defensa de los derechos comprendidos en este Título, a cuyo efecto podrá supervisar la actividad de la Administraci ón, dando cuenta a las Cortes Generales.","Un Real Decreto Legislativo regulará la institución del Defensor del Pueblo, como alto comisionado de las Cortes Generales, designado por éstas para la defensa de los derechos comprendidos en este Título, a cuyo efecto podrá supervisar la actividad de la Administración, dando cuenta a las Cortes Generales.",G05,5,Temario general,"El poder legislativo. Las Cortes Generales: Composición, atribuciones y funcionamiento. El Defensor del Pueblo.",G05,Constitución Española,54,Artículos literales,Media,G05,,,No,Teórico,C,C,Válida,01. Información oficial de la oposición\Exámenes oficiales anteriores\2025 Convocatoria 2024 - Examen extraordinario acceso libre.pdf,https://www.seg-social.es/wps/portal/wss/internet/InformacionUtil/9950/88beb45d-ca83-4bab-8162-f94ef2894562/7e46efac-32c8-4cf6-b3d3-d592c3560dff/rdpi_administrativos_2024,Texto PDF,100,Alta,Regla jurídica determinista,2025_conv2024_extraordinario-T05,1.0
2025_conv2024_extraordinario-T06,2025,2024,2025-10-26,Acceso libre,Primera parte,Extraordinario,Único,Sí,Cuestionario extraordinario sin modelo paralelo.,6,No,"De acuerdo con lo establecido en el artículo 125 de la Constitución Española, los ciudadanos :","Podrán ejercer la acción popular y participar en la Administración de Justicia mediante la institución del Defensor del Pueblo, en la forma y con respecto a aquellos procesos penales que la ley determine, así como en los Tribunales consuetudinarios y tradicionales.","Podrán ejercer la acción popular y participar en la Administración de Justicia mediante la institución del Jurado, en la forma y con respecto a aquellos procesos penales que la ley determine, así como en los Tribunales consuetudinarios y tradicionales.","Podrán ejercer la acción popular y participar en la Administración de Justicia mediante la institución del Ministerio Fiscal, en la forma y con respecto a aquellos procesos penales que la ley determine, así como en los Tribunales consuetudinarios y tradicionales.","Podrán ejercer la acción individual y participar en la Administración de Justicia mediante la institución del Jurado, en la forma y con respecto a aquellos procesos penales que la ley determine, así como en los Tribunales consuetudinarios y tradicionales.",G06,6,Temario general,El Poder Judicial. El principio de unidad jurisdiccional. El Consejo General del Poder Judicial. La organización judicial española.,G06,Constitución Española,125,Artículos literales,Media,G06,,,No,Teórico,B,B,Válida,01. Información oficial de la oposición\Exámenes oficiales anteriores\2025 Convocatoria 2024 - Examen extraordinario acceso libre.pdf,https://www.seg-social.es/wps/portal/wss/internet/InformacionUtil/9950/88beb45d-ca83-4bab-8162-f94ef2894562/7e46efac-32c8-4cf6-b3d3-d592c3560dff/rdpi_administrativos_2024,Texto PDF,100,Alta,Regla jurídica determinista,2025_conv2024_extraordinario-T06,1.0
2025_conv2024_extraordinario-T07,2025,2024,2025-10-26,Acceso libre,Primera parte,Extraordinario,Único,Sí,Cuestionario extraordinario sin modelo paralelo.,7,No,"Según el Artículo 111 de la Constitución Española, señale la afirmación correcta :",El Presidente del Gobierno está sometido a las interpelaciones y preguntas que se le formulen en las Cámaras. Para esta clase de debate los Reglamentos establecerán un tiempo mínimo semestral.,El Gobierno y cada uno de sus miembros están sometidos a las interpelaciones y preguntas que se le formulen en las Cámaras. Para esta clase de debate los Reglamentos establecerán un tiempo mínimo semanal.,El Presidente del Gobierno está sometido a las interpelaciones y preguntas que se le formulen en las Cámaras. Para esta clase de debate los Reglamentos establecerán un tiempo mínimo anual.,El Gobierno y cada uno de sus miembros están sometidos a las interpelaciones y preguntas que se le formulen en las Cámaras. Para esta clase de debate los Reglamentos establecerán un tiempo mínimo mensual.,G07,7,Temario general,"El poder ejecutivo. El presidente del Gobierno y el Consejo de Ministros. Relaciones entre el Gobierno y las Cortes Generales. Designación, causas de cese y responsabilidad del Gobierno. El Consejo de Estado.",G07,Constitución Española,111,Artículos literales,Media,G07,,,No,Teórico,B,B,Válida,01. Información oficial de la oposición\Exámenes oficiales anteriores\2025 Convocatoria 2024 - Examen extraordinario acceso libre.pdf,https://www.seg-social.es/wps/portal/wss/internet/InformacionUtil/9950/88beb45d-ca83-4bab-8162-f94ef2894562/7e46efac-32c8-4cf6-b3d3-d592c3560dff/rdpi_administrativos_2024,Texto PDF,100,Alta,Regla jurídica determinista,2025_conv2024_extraordinario-T07,1.0
2025_conv2024_extraordinario-T08,2025,2024,2025-10-26,Acceso libre,Primera parte,Extraordinario,Único,Sí,Cuestionario extraordinario sin modelo paralelo.,8,No,"Conforme a lo previsto en la Ley 40/2015, de 1 de octubre, de Régimen Jurídico del Sector Público, respecto a los servicios comunes de los Ministerios, señale la respuesta correcta:","Los Ministerios contarán, potestativamente, con una Subsecretaría, y dependiendo de ella una Secretaría General, para la gestión de los servicios comunes previstos en el Titulo III de la Ley 40/2015 relativo a las relaciones interadministrativas.","Los Secretarios de Estado proponen las medidas de organización del Ministerio en su ámbito de competencia, y dirigen los servicios comunes a través de las correspondientes instrucciones de carácter reglamentario.",Los Secretarios de Estado ostentan la representación ordinaria del Ministerio y dirigen sus servicios comunes.,"Los Ministerios contarán, en todo caso, con una Subsecretaría, y dependiendo de ella una Secretaría General Técnica, para la gestión de los servicios comunes previstos en el Título I de la Ley 40/2015.",G08,8,Temario general,"La Administración General del Estado. Principios de organización y funcionamiento. Órganos centrales. Órganos superiores y órganos directivos: creación, nombramiento, cese y funciones. Los servicios comunes de los ministerios. Órganos territoriales. La Administración del Estado en el Exterior.",G08,Ley 40/2015,,Artículos literales,Media,G08,,,No,Teórico,D,D,Válida,01. Información oficial de la oposición\Exámenes oficiales anteriores\2025 Convocatoria 2024 - Examen extraordinario acceso libre.pdf,https://www.seg-social.es/wps/portal/wss/internet/InformacionUtil/9950/88beb45d-ca83-4bab-8162-f94ef2894562/7e46efac-32c8-4cf6-b3d3-d592c3560dff/rdpi_administrativos_2024,Texto PDF,100,Alta,Regla jurídica determinista,2025_conv2024_extraordinario-T08,1.0
2025_conv2024_extraordinario-T09,2025,2024,2025-10-26,Acceso libre,Primera parte,Extraordinario,Único,Sí,Cuestionario extraordinario sin modelo paralelo.,9,No,"Indique cuál de los siguientes NO es un recurso financiero de las Comunidades Autónomas, de acuerdo con lo establecido en el artículo 157 de la Constitución Española:",Impuestos cedidos total o parcialmente por el Estado; recargos sobre impuestos estatales y otras participaciones en los ingresos del Estado.,Cotizaciones a la Seguridad Social de trabajadores residentes en su territorio.,Transferencias de un Fondo de Compensación interterritorial y otras asignaciones con cargo a los Presupuestos Generales del Estado.,Rendimientos procedentes de su patrimonio e ingresos de derecho privado.,G09,9,Temario general,La organización territorial del Estado. Las Comunidades Autónomas. Los Estatutos de Autonomía. La delimitación de competencias entre el Estado y las Comunidades Autónomas en la Constitución y en los Estatutos de Autonomía. La Administración local: El municipio. La provincia.,G09,Constitución Española,157,Artículos literales,Media,G09,,,Sí,Teórico,B,B,Válida,01. Información oficial de la oposición\Exámenes oficiales anteriores\2025 Convocatoria 2024 - Examen extraordinario acceso libre.pdf,https://www.seg-social.es/wps/portal/wss/internet/InformacionUtil/9950/88beb45d-ca83-4bab-8162-f94ef2894562/7e46efac-32c8-4cf6-b3d3-d592c3560dff/rdpi_administrativos_2024,Texto PDF,100,Alta,Regla jurídica determinista,2025_conv2024_extraordinario-T09,1.0
2025_conv2024_extraordinario-T10,2025,2024,2025-10-26,Acceso libre,Primera parte,Extraordinario,Único,Sí,Cuestionario extraordinario sin modelo paralelo.,10,No,"De acuerdo con el artículo 4 del Tratado de Funcionamiento de la Unión Europea, la Unión y los Estados Miembros dispondrán de competencia compartida en los ámbitos siguientes :","El espacio de libertad, seguridad y justicia.",La política monetaria de los Estados miembros cuya moneda es el euro.,La política comercial común.,La unión aduanera.,G10,10,Temario general,"Las Instituciones de la Unión Europea: El Consejo, el Parlamento Europeo, la Comisión, el Tribunal de Justicia.",G10,Tratado de Funcionamiento de la Unión Europea,4,Competencias,Media,G10,,,No,Teórico,A,A,Válida,01. Información oficial de la oposición\Exámenes oficiales anteriores\2025 Convocatoria 2024 - Examen extraordinario acceso libre.pdf,https://www.seg-social.es/wps/portal/wss/internet/InformacionUtil/9950/88beb45d-ca83-4bab-8162-f94ef2894562/7e46efac-32c8-4cf6-b3d3-d592c3560dff/rdpi_administrativos_2024,Texto PDF,100,Alta,Regla jurídica determinista,2025_conv2024_extraordinario-T10,1.0
2025_conv2024_extraordinario-T11,2025,2024,2025-10-26,Acceso libre,Primera parte,Extraordinario,Único,Sí,Cuestionario extraordinario sin modelo paralelo.,11,No,"De acuerdo con lo fijado en el artículo 288 del Tratado de Funcionamiento de la Unión Europea, en relación con los actos jurídicos de la Unión:",Las recomendaciones y los dictámenes serán vinculantes.,"La decisión no será obligatoria en todos sus elementos. Cuando designe destinatarios, sólo será obligatoria para éstos.","La directiva no obligará al Estado miembro destinatario en cuanto al resultado que deba conseguirse, dejando, sin embargo, a las autoridades nacionales la elección de la forma y de los medios.","Para ejercer las competencias de la Unión, las instituciones adoptarán reglamentos, directivas, decisiones, recomendaciones y dictámenes.",G11,11,Temario general,"Las fuentes del derecho de la Unión Europea. Derecho originario. Derecho derivado: Reglamentos, directivas y decisiones. Otras fuentes. Las relaciones entre el Derecho de la Unión Europea y el ordenamiento jurídico de los Estados miembros.",G11,Tratado de Funcionamiento de la Unión Europea,288,Artículos literales,Media,G11,,,No,Teórico,D,D,Válida,01. Información oficial de la oposición\Exámenes oficiales anteriores\2025 Convocatoria 2024 - Examen extraordinario acceso libre.pdf,https://www.seg-social.es/wps/portal/wss/internet/InformacionUtil/9950/88beb45d-ca83-4bab-8162-f94ef2894562/7e46efac-32c8-4cf6-b3d3-d592c3560dff/rdpi_administrativos_2024,Texto PDF,100,Alta,Regla jurídica determinista,2025_conv2024_extraordinario-T11,1.0
2025_conv2024_extraordinario-T12,2025,2024,2025-10-26,Acceso libre,Primera parte,Extraordinario,Único,Sí,Cuestionario extraordinario sin modelo paralelo.,12,No,"Conforme a lo previsto en el artículo 2 d el Real Decreto 501/2024, de 21 de mayo, por el que se desarrolla la estructura orgánica básica del Ministerio de Inclusión, Seguridad Social y Migraciones, está adscrita a la Secretaría de Estado de la Seguridad Social y Pensiones, la Intervención General de la Seguridad Social, con rango de:",Subdirección General.,Subsecretaría.,Dirección General.,Secretaría General Técnica.,G12,12,Temario general,"El Ministerio de Inclusión, Seguridad Social y Migraciones. Organización. Estructura y funciones.",G12,Real Decreto 501/2024,2,Artículos literales,Alta,G12,,,No,Teórico,C,C,Válida,01. Información oficial de la oposición\Exámenes oficiales anteriores\2025 Convocatoria 2024 - Examen extraordinario acceso libre.pdf,https://www.seg-social.es/wps/portal/wss/internet/InformacionUtil/9950/88beb45d-ca83-4bab-8162-f94ef2894562/7e46efac-32c8-4cf6-b3d3-d592c3560dff/rdpi_administrativos_2024,Texto PDF,100,Alta,Regla jurídica determinista,2025_conv2024_extraordinario-T12,1.0
2025_conv2024_extraordinario-T13,2025,2024,2025-10-26,Acceso libre,Primera parte,Extraordinario,Único,Sí,Cuestionario extraordinario sin modelo paralelo.,13,No,¿Cuál de las siguientes materias se regula mediante Ley Orgánica según la Constitución Española? Señale la respuesta INCORRECTA:,La delegación legislativa cuando se trate de refundir varios textos legales en uno solo.,Estatutos de Autonomía.,Bases de la organización militar.,Defensor del Pueblo.,G14,14,Temario general,"La Ley. Tipos de leyes. Disposiciones del Gobierno con fuerza de ley: decreto-ley y decreto legislativo. El Reglamento: concepto, clases y límites. Los principios generales del Derecho.",G14,Constitución Española,,Artículos literales,Alta,G14,,,Sí,Teórico,A,A,Válida,01. Información oficial de la oposición\Exámenes oficiales anteriores\2025 Convocatoria 2024 - Examen extraordinario acceso libre.pdf,https://www.seg-social.es/wps/portal/wss/internet/InformacionUtil/9950/88beb45d-ca83-4bab-8162-f94ef2894562/7e46efac-32c8-4cf6-b3d3-d592c3560dff/rdpi_administrativos_2024,Texto PDF,100,Alta,Regla jurídica determinista,2025_conv2024_extraordinario-T13,1.0
2025_conv2024_extraordinario-T14,2025,2024,2025-10-26,Acceso libre,Primera parte,Extraordinario,Único,Sí,Cuestionario extraordinario sin modelo paralelo.,14,No,"Según el artículo 88 de la Constitución Española, s eñale la respuesta correcta respecto a cómo debe ser el trámite de los proyectos de ley:",Serán aprobados por el Congreso sin que intervenga el Consejo de Ministros .,Serán elaborados por los Grupos parlamentarios con mayor número de votos.,"Serán elaborados por el Consejo de Ministros, que los enviará al Senado.","Serán aprobados en Consejo de Ministros, que los someterá al Congreso.",G05,5,Temario general,"El poder legislativo. Las Cortes Generales: Composición, atribuciones y funcionamiento. El Defensor del Pueblo.",G05,Constitución Española,88,Procedimientos,Media,G05,,,No,Teórico,D,D,Válida,01. Información oficial de la oposición\Exámenes oficiales anteriores\2025 Convocatoria 2024 - Examen extraordinario acceso libre.pdf,https://www.seg-social.es/wps/portal/wss/internet/InformacionUtil/9950/88beb45d-ca83-4bab-8162-f94ef2894562/7e46efac-32c8-4cf6-b3d3-d592c3560dff/rdpi_administrativos_2024,Texto PDF,100,Alta,Regla jurídica determinista,2025_conv2024_extraordinario-T14,1.0
2025_conv2024_extraordinario-T15,2025,2024,2025-10-26,Acceso libre,Primera parte,Extraordinario,Único,Sí,Cuestionario extraordinario sin modelo paralelo.,15,No,"Según el artículo 35 de la Ley 39/2015, de 1 de octubre, del Procedimiento Administrativo Común de las Administraciones Públicas, s eñale la respuesta correcta respecto a qu é actos administrativos deben ser motivados, con sucinta referencia de hechos y fundamentos de derecho:","Los actos que se dicten en el ejercicio de potestades discrecionales, así como los que deban serlo en virtud de disposición legal o reglamentaria expresa.",Los actos que admitan pruebas propuestas por los interesados.,Los acuerdos de suspensión de actos solo en el caso de algunos motivos concretos.,Los actos que acuerden la terminación del procedimiento por la imposibilidad material de continuarlo no es necesario motivarlos cuando se trate de causas sobrevenidas.,G15,15,Temario general,"Los actos administrativos. Concepto y clases. Motivación, forma y eficacia de los actos administrativos. Notificación y publicación. Nulidad y anulabilidad. La revisión de oficio.",G15,Ley 39/2015,35,Procedimientos,Media,G15,,,No,Teórico,A,A,Válida,01. Información oficial de la oposición\Exámenes oficiales anteriores\2025 Convocatoria 2024 - Examen extraordinario acceso libre.pdf,https://www.seg-social.es/wps/portal/wss/internet/InformacionUtil/9950/88beb45d-ca83-4bab-8162-f94ef2894562/7e46efac-32c8-4cf6-b3d3-d592c3560dff/rdpi_administrativos_2024,Texto PDF,100,Alta,Regla jurídica determinista,2025_conv2024_extraordinario-T15,1.0
2025_conv2024_extraordinario-T16,2025,2024,2025-10-26,Acceso libre,Primera parte,Extraordinario,Único,Sí,Cuestionario extraordinario sin modelo paralelo.,16,No,"De conformidad con el artículo 11 de la Ley 39/2015, de 1 de octubre, del Procedimiento Administrativo Común de las Administraciones Públicas, señale la respuesta correcta:","Para realizar cualquier actuación prevista en el procedimiento administrativo, no será necesario en ningún caso que los interesados acrediten previamente su identidad.",Las Administraciones Públicas no requerirán a los interesados el uso obligatorio de firma para formular solicitudes y presentar declaraciones responsables o comunicaciones.,Las Administraciones Públicas únicamente requerirán a los interesados el uso obligatorio de firma para acreditar la autenticidad de la expresión de la voluntad y consentimiento en un procedimiento administrativo.,"Las Administraciones Públicas sólo requerirán a los interesados el uso obligatorio de firma para formular solicitudes, presentar declaraciones responsables o comunicaciones, interponer recursos, desistir de acciones y renunciar a derechos.",G16,16,Temario general,El procedimiento administrativo común. La capacidad de obrar y el concepto de interesado. Representación. Identificación y firma de los interesados. Derechos del interesado en el procedimiento administrativo. Obligación de resolver y silencio administrativo. Términos y plazos.,G16,Ley 39/2015,11,Procedimientos,Media,G16,,,No,Teórico,D,D,Válida,01. Información oficial de la oposición\Exámenes oficiales anteriores\2025 Convocatoria 2024 - Examen extraordinario acceso libre.pdf,https://www.seg-social.es/wps/portal/wss/internet/InformacionUtil/9950/88beb45d-ca83-4bab-8162-f94ef2894562/7e46efac-32c8-4cf6-b3d3-d592c3560dff/rdpi_administrativos_2024,Texto PDF,100,Alta,Regla jurídica determinista,2025_conv2024_extraordinario-T16,1.0
2025_conv2024_extraordinario-T17,2025,2024,2025-10-26,Acceso libre,Primera parte,Extraordinario,Único,Sí,Cuestionario extraordinario sin modelo paralelo.,17,No,"De acuerdo con el artículo 63 de la Ley 39/2015, de 1 de octubre, del Procedimiento Administrativo Común de las Administraciones Públicas, en cuanto a los procedimientos de naturaleza sancionadora, señale la respuesta INCORRECTA:",Los procedimientos de naturaleza sancionadora se iniciarán siempre de oficio por acuerdo del órgano competente.,"Los procedimientos de naturaleza sancionadora establecerán la debida separación entre la fase instructora y la sancionadora, que se encomendará a órganos distintos.","Se podrán iniciar nuevos procedimientos de carácter sancionador por hechos o conductas tipificadas como infracciones en cuya comisión el infractor persista de forma continuada, aun no habiendo una primera resolución sancionadora.","Iniciado un procedimiento sancionador, si el infractor reconoce su responsabilidad, se podrá resolver el procedimiento con la imposición de la sanción que proceda.",G17,17,Temario general,"Las fases del procedimiento administrativo: Iniciación, ordenación, instrucción y finalización. La ejecución de los actos y resoluciones administrativas.",G17,Ley 39/2015,63,Procedimientos,Alta,G17,,,Sí,Teórico,C,C,Válida,01. Información oficial de la oposición\Exámenes oficiales anteriores\2025 Convocatoria 2024 - Examen extraordinario acceso libre.pdf,https://www.seg-social.es/wps/portal/wss/internet/InformacionUtil/9950/88beb45d-ca83-4bab-8162-f94ef2894562/7e46efac-32c8-4cf6-b3d3-d592c3560dff/rdpi_administrativos_2024,Texto PDF,100,Alta,Regla jurídica determinista,2025_conv2024_extraordinario-T17,1.0
2025_conv2024_extraordinario-T18,2025,2024,2025-10-26,Acceso libre,Primera parte,Extraordinario,Único,Sí,Cuestionario extraordinario sin modelo paralelo.,18,No,"Según el artículo 126 de la Ley 39/2015, de 1 de octubre, del Procedimiento Administrativo Común de las Administraciones Públicas, ¿qué efecto produce la falta de resolución en plazo del recurso extraordinario de revisión?",Se entenderá desestimado.,Estimación presunta.,Archivo del expediente.,Invalidez automática del acto recurrido.,G18,18,Temario general,Los recursos administrativos: concepto y clases. Recurso de alzada. Recurso potestativo de reposición. Recurso extraordinario de revisión. La jurisdicción contencioso-administrativa: objeto y plazos de interposición del recurso contencioso administrativo.,G18,Ley 39/2015,126,Plazos,Media,G18,,,No,Teórico,A,A,Válida,01. Información oficial de la oposición\Exámenes oficiales anteriores\2025 Convocatoria 2024 - Examen extraordinario acceso libre.pdf,https://www.seg-social.es/wps/portal/wss/internet/InformacionUtil/9950/88beb45d-ca83-4bab-8162-f94ef2894562/7e46efac-32c8-4cf6-b3d3-d592c3560dff/rdpi_administrativos_2024,Texto PDF,100,Alta,Regla jurídica determinista,2025_conv2024_extraordinario-T18,1.0
2025_conv2024_extraordinario-T19,2025,2024,2025-10-26,Acceso libre,Primera parte,Extraordinario,Único,Sí,Cuestionario extraordinario sin modelo paralelo.,19,No,"De conformidad con lo previsto en el Régimen disciplinario de los empleados públicos del Título VII del Real Decreto Legislativo 5/2015, de 30 de octubre, por el que se aprueba el texto refundido de la Ley del Estatuto Básico del Empleado Público (TREBEP), el incumplimiento de las normas sobre incompatibilidades cuando ello dé lugar a una situación de incompatibilidad , es una falta:",Muy grave.,Grave.,Leve.,No tiene la condición de falta disciplinaria salvo que haya reiteración en el incumplimiento.,G19,19,Temario general,"El personal al servicio de las Administraciones Públicas: concepto y clases. Derechos y deberes de los funcionarios. La carrera administrativa. Las incompatibilidades. Régimen disciplinario: faltas, sanciones y procedimiento.",G19,Real Decreto Legislativo 5/2015,,Artículos literales,Alta,G19,,,No,Teórico,A,A,Válida,01. Información oficial de la oposición\Exámenes oficiales anteriores\2025 Convocatoria 2024 - Examen extraordinario acceso libre.pdf,https://www.seg-social.es/wps/portal/wss/internet/InformacionUtil/9950/88beb45d-ca83-4bab-8162-f94ef2894562/7e46efac-32c8-4cf6-b3d3-d592c3560dff/rdpi_administrativos_2024,Texto PDF,100,Alta,Regla jurídica determinista,2025_conv2024_extraordinario-T19,1.0
2025_conv2024_extraordinario-T20,2025,2024,2025-10-26,Acceso libre,Primera parte,Extraordinario,Único,Sí,Cuestionario extraordinario sin modelo paralelo.,20,No,"El artículo 6 del Real Decreto 208/1996, de 9 de febrero, por el que se regulan los servicios de información administrativa y atención al ciudadano, establece que, serán funciones del Centro de Información Administrativa:","Cooperar en el desarrollo de las unidades y oficinas de información de los demás Departamentos y organismos de la Administración General del Estado, procurando mantener la necesaria coordinación y cohesión entre ellos para lograr un nivel y un sistema hom ogéneos de atención al ciudadano.",Representar al Departamento ante los órganos colegiados de información administrativa.,"Dirigir las oficinas de información y atención al ciudadano del Departamento, incluidas las sectoriales de ámbito territorial que dependan funcionalmente del mismo, así como coordinar las correspondientes a las entidades de derecho público vinculadas o dependientes del Departamento, sin perjuicio de las funciones de esta índole que tenga atribuidas la Comisión Ministerial de Información Administrativa.","Participar en la elaboración y distribución de las publicaciones y demás medios de difusión informativa del Departamento, y mantener actualizado un catálogo de los mismos, sin perjuicio de las competencias atribuidas a las unidades editoras departamentales.",G20,20,Temario general,Atención al público. Atención de personas con discapacidad. Los servicios de información administrativa. Información general y particular al ciudadano. Iniciativas. Reclamaciones. Quejas. Peticiones.,G20,Real Decreto 208/1996,6,Artículos literales,Media,G20,,,No,Teórico,A,A,Válida,01. Información oficial de la oposición\Exámenes oficiales anteriores\2025 Convocatoria 2024 - Examen extraordinario acceso libre.pdf,https://www.seg-social.es/wps/portal/wss/internet/InformacionUtil/9950/88beb45d-ca83-4bab-8162-f94ef2894562/7e46efac-32c8-4cf6-b3d3-d592c3560dff/rdpi_administrativos_2024,Texto PDF,100,Alta,Regla jurídica determinista,2025_conv2024_extraordinario-T20,1.0
2025_conv2024_extraordinario-T21,2025,2024,2025-10-26,Acceso libre,Primera parte,Extraordinario,Único,Sí,Cuestionario extraordinario sin modelo paralelo.,21,No,"Según lo establecido en el artículo 10 de la ley 4/2023, de 28 de febrero, para la igualdad real y efectiva de las personas trans y para la garantía de los derechos de las personas LGTBI, la estrategia estatal para la igualdad de trato y no discriminación de las personas LGTBI tendrá carácter:",Cuatrienal.,Anual.,Trianual.,Semestral.,G21,21,Temario general,"Políticas de igualdad y contra la violencia de género. Discapacidad y dependencia: régimen jurídico. La Ley 4/2023, de 28 de febrero, para la igualdad real y efectiva de las personas trans y para la garantía de los derechos de las personas LGTBI.",G21,ley 4/2023,10,Artículos literales,Media,G21,,,No,Teórico,A,A,Válida,01. Información oficial de la oposición\Exámenes oficiales anteriores\2025 Convocatoria 2024 - Examen extraordinario acceso libre.pdf,https://www.seg-social.es/wps/portal/wss/internet/InformacionUtil/9950/88beb45d-ca83-4bab-8162-f94ef2894562/7e46efac-32c8-4cf6-b3d3-d592c3560dff/rdpi_administrativos_2024,Texto PDF,100,Alta,Regla jurídica determinista,2025_conv2024_extraordinario-T21,1.0
2025_conv2024_extraordinario-T22,2025,2024,2025-10-26,Acceso libre,Primera parte,Extraordinario,Único,Sí,Cuestionario extraordinario sin modelo paralelo.,22,No,"La Ley Orgánica 3/2018, de 5 de diciembre, de Protección de Datos Personales y garantía de los derechos digitales, establece en su artículo 13 que, a los efectos establecidos en el artículo 12.5 del Reglamento (UE) 2016/679, se podrá considerar repetitivo el ejercicio del derecho de acceso:","En más de una ocasión durante el plazo de tres meses, a menos que exista una causa legítima para ello.","En más de tres ocasiones durante el plazo de un año, pudiendo denegarse el derecho de acceso por considerar la solicitud repetitiva.","En más de una ocasión durante el plazo de seis meses, a menos que exista una causa legítima para ello.","En más de dos ocasiones durante el plazo de seis meses, pudiendo denegarse el derecho de acceso, en todo caso, al considerar la solicitud repetitiva.",G22,22,Temario general,"Normativa reguladora de la protección de datos personales: principios, derechos de las personas y ejercicios de los derechos.",G22,Ley Orgánica 3/2018,13; 12.5,Artículos literales,Media,G22,,,No,Teórico,C,C,Válida,01. Información oficial de la oposición\Exámenes oficiales anteriores\2025 Convocatoria 2024 - Examen extraordinario acceso libre.pdf,https://www.seg-social.es/wps/portal/wss/internet/InformacionUtil/9950/88beb45d-ca83-4bab-8162-f94ef2894562/7e46efac-32c8-4cf6-b3d3-d592c3560dff/rdpi_administrativos_2024,Texto PDF,100,Alta,Regla jurídica determinista,2025_conv2024_extraordinario-T22,1.0
2025_conv2024_extraordinario-T23,2025,2024,2025-10-26,Acceso libre,Primera parte,Extraordinario,Único,Sí,Cuestionario extraordinario sin modelo paralelo.,23,No,"Según el artículo 43 de la Ley 39/2015, de 1 de octubre, del Procedimiento Administrativo Común de las Administraciones Públicas, cuando la notificación por medios electrónicos haya sido expresamente elegida por el interesado, se entenderá rechazada cuando hayan transcurrido, desde la puesta a disposición de la notificación sin que se acceda a su contenido:",Diez días naturales.,Cinco días naturales.,Quince días naturales.,Veinte días naturales.,G23,23,Temario general,"El funcionamiento electrónico del sector público. Derecho y obligación de relacionarse electrónicamente con las Administraciones Públicas, registros y archivo electrónico.",notificación,Ley 39/2015,43,Procedimientos,Alta,notificación,,,No,Teórico,A,A,Válida,01. Información oficial de la oposición\Exámenes oficiales anteriores\2025 Convocatoria 2024 - Examen extraordinario acceso libre.pdf,https://www.seg-social.es/wps/portal/wss/internet/InformacionUtil/9950/88beb45d-ca83-4bab-8162-f94ef2894562/7e46efac-32c8-4cf6-b3d3-d592c3560dff/rdpi_administrativos_2024,Texto PDF,100,Alta,Regla jurídica determinista,2025_conv2024_extraordinario-T23,1.0
2025_conv2024_extraordinario-T24,2025,2024,2025-10-26,Acceso libre,Primera parte,Extraordinario,Único,Sí,Cuestionario extraordinario sin modelo paralelo.,24,No,"De acuerdo con el artículo 2 del texto refundido de la Ley General de la Seguridad Social, el sistema de la Seguridad Social, configurado por la acción protectora en sus modalidades contributiva y no contributiva, se fundamenta en los principios de:","Universalidad, unidad, solidaridad e igualdad.","Universalidad, transparencia, solidaridad e igualdad.","Unidad, igualdad, solidaridad y justicia social.","Universalidad, unidad, sostenibilidad e igualdad.",S01,1,Temario específico Seguridad Social,La Seguridad Social en la Constitución española de 1978. El texto refundido de la Ley General de la Seguridad Social.,S01,texto refundido de la Ley General de la Seguridad Social,2,Artículos literales,Media,S01,,,No,Teórico,A,A,Válida,01. Información oficial de la oposición\Exámenes oficiales anteriores\2025 Convocatoria 2024 - Examen extraordinario acceso libre.pdf,https://www.seg-social.es/wps/portal/wss/internet/InformacionUtil/9950/88beb45d-ca83-4bab-8162-f94ef2894562/7e46efac-32c8-4cf6-b3d3-d592c3560dff/rdpi_administrativos_2024,Texto PDF,100,Alta,Revisión jurídica individual,2025_conv2024_extraordinario-T24,1.0
2025_conv2024_extraordinario-T25,2025,2024,2025-10-26,Acceso libre,Primera parte,Extraordinario,Único,Sí,Cuestionario extraordinario sin modelo paralelo.,25,No,"En el artículo 43 de la Constitución Española, se reconoce el derecho a:",Disfrutar de una vivienda digna.,La protección de la familia.,La protección de la salud.,A disfrutar de un medio ambiente adecuado.,S01,1,Temario específico Seguridad Social,La Seguridad Social en la Constitución española de 1978. El texto refundido de la Ley General de la Seguridad Social.,S01,Constitución Española,43,Artículos literales,Media,S01,,,No,Teórico,C,C,Válida,01. Información oficial de la oposición\Exámenes oficiales anteriores\2025 Convocatoria 2024 - Examen extraordinario acceso libre.pdf,https://www.seg-social.es/wps/portal/wss/internet/InformacionUtil/9950/88beb45d-ca83-4bab-8162-f94ef2894562/7e46efac-32c8-4cf6-b3d3-d592c3560dff/rdpi_administrativos_2024,Texto PDF,100,Alta,Revisión jurídica individual,2025_conv2024_extraordinario-T25,1.0
2025_conv2024_extraordinario-T26,2025,2024,2025-10-26,Acceso libre,Primera parte,Extraordinario,Único,Sí,Cuestionario extraordinario sin modelo paralelo.,26,No,"En su conjunto, ¿cuántos artículos contiene el texto refundido de la Ley General de la Seguridad Social?",270 artículos.,373 artículos.,412 artículos.,257 artículos.,S01,1,Temario específico Seguridad Social,La Seguridad Social en la Constitución española de 1978. El texto refundido de la Ley General de la Seguridad Social.,S01,texto refundido de la Ley General de la Seguridad Social,,Artículos literales,Básica,S01,,,No,Teórico,B,B,Válida,01. Información oficial de la oposición\Exámenes oficiales anteriores\2025 Convocatoria 2024 - Examen extraordinario acceso libre.pdf,https://www.seg-social.es/wps/portal/wss/internet/InformacionUtil/9950/88beb45d-ca83-4bab-8162-f94ef2894562/7e46efac-32c8-4cf6-b3d3-d592c3560dff/rdpi_administrativos_2024,Texto PDF,100,Alta,Revisión jurídica individual,2025_conv2024_extraordinario-T26,1.0
2025_conv2024_extraordinario-T27,2025,2024,2025-10-26,Acceso libre,Primera parte,Extraordinario,Único,Sí,Cuestionario extraordinario sin modelo paralelo.,27,No,"Según el artículo 10 del texto refundido de la Ley General de la Seguridad Social, ¿ cuáles son los regímenes especiales que se regirán por leyes específicas?","Trabajadores por cuenta propia o autónomos, Trabajadores del mar y Trabajadores agrarios","Trabajadores del mar, Funcionarios públicos, civiles y militares y Estudiantes.","Trabajadores del mar y Funcionarios públicos, civiles y militares.","Funcionarios públicos, civiles y militares, Trabajadores del mar y Trabajadores agrarios.",S02,2,Temario específico Seguridad Social,"Campo de aplicación y composición del sistema de la Seguridad Social. Régimen general: ámbito subjetivo de aplicación, inclusiones y exclusiones. Regímenes especiales: enumeración, características generales, altas, bajas y cotización. Particularidades de la acción protectora. Sistemas especiales: enumeración y características generales. Altas, bajas y cotización. Particularidades de la acción protectora.",S02,texto refundido de la Ley General de la Seguridad Social,10,Artículos literales,Media,S02,,,No,Teórico,C,C,Válida,01. Información oficial de la oposición\Exámenes oficiales anteriores\2025 Convocatoria 2024 - Examen extraordinario acceso libre.pdf,https://www.seg-social.es/wps/portal/wss/internet/InformacionUtil/9950/88beb45d-ca83-4bab-8162-f94ef2894562/7e46efac-32c8-4cf6-b3d3-d592c3560dff/rdpi_administrativos_2024,Texto PDF,100,Alta,Regla jurídica determinista,2025_conv2024_extraordinario-T27,1.0
2025_conv2024_extraordinario-T28,2025,2024,2025-10-26,Acceso libre,Primera parte,Extraordinario,Único,Sí,Cuestionario extraordinario sin modelo paralelo.,28,No,"Según el artículo 305 del texto refundido de la Ley General de la Seguridad Social, ¿en qué régimen se declaran expresamente incluidos los miembros del Cuerpo Único de Notarios?",En la Mutualidad de Funcionarios de la Administración Civil del Estado (MUFACE).,En la Mutualidad General del Poder Judicial (MUGEJU).,"En el Régimen General como asimilados a trabajadores por cuenta ajena, con exclusión de desempleo y FOGASA.",En el Régimen Especial de Trabajadores por Cuenta Propia o Autónomos.,S02,2,Temario específico Seguridad Social,"Campo de aplicación y composición del sistema de la Seguridad Social. Régimen general: ámbito subjetivo de aplicación, inclusiones y exclusiones. Regímenes especiales: enumeración, características generales, altas, bajas y cotización. Particularidades de la acción protectora. Sistemas especiales: enumeración y características generales. Altas, bajas y cotización. Particularidades de la acción protectora.",S02,texto refundido de la Ley General de la Seguridad Social,305,Artículos literales,Media,S02,,,No,Teórico,D,D,Válida,01. Información oficial de la oposición\Exámenes oficiales anteriores\2025 Convocatoria 2024 - Examen extraordinario acceso libre.pdf,https://www.seg-social.es/wps/portal/wss/internet/InformacionUtil/9950/88beb45d-ca83-4bab-8162-f94ef2894562/7e46efac-32c8-4cf6-b3d3-d592c3560dff/rdpi_administrativos_2024,Texto PDF,100,Alta,Regla jurídica determinista,2025_conv2024_extraordinario-T28,1.0
2025_conv2024_extraordinario-T29,2025,2024,2025-10-26,Acceso libre,Primera parte,Extraordinario,Único,Sí,Cuestionario extraordinario sin modelo paralelo.,29,No,"Conforme al artículo 43 del Real Decreto 84/1996, de 26 de enero, ¿cuándo surtirán efectos las altas y bajas de los funcionarios públicos incluidos en el campo de aplicación del Régimen General de la Seguridad Social en los cambios de destino?","Las altas, desde el día primero del mes siguiente a aquel en que se produzca el cese, y las bajas desde el último día del mes en que se produzca dicho cese.","Las altas, a partir del día que se inicie la actividad en el nuevo destino, y las bajas desde el día anterior.",Las altas y bajas surtirán efecto en la fecha que determine la Subsecretaría del Ministerio correspondiente mediante publicación en el B.O.E.,No hay peculiaridades respecto a otros trabajadores por cuenta ajena incluidos en el Régimen General de la Seguridad Social.,S03,3,Temario específico Seguridad Social,Normas sobre afiliación. Altas y bajas en el régimen general. Procedimiento y efectos. El convenio especial y otras situaciones asimiladas a la del alta. Encuadramiento e inscripción.,S03,Real Decreto 84/1996,43,"Afiliación, altas y bajas",Media,S03,,,No,Teórico,A,A,Válida,01. Información oficial de la oposición\Exámenes oficiales anteriores\2025 Convocatoria 2024 - Examen extraordinario acceso libre.pdf,https://www.seg-social.es/wps/portal/wss/internet/InformacionUtil/9950/88beb45d-ca83-4bab-8162-f94ef2894562/7e46efac-32c8-4cf6-b3d3-d592c3560dff/rdpi_administrativos_2024,Texto PDF,100,Alta,Regla jurídica determinista,2025_conv2024_extraordinario-T29,1.0
2025_conv2024_extraordinario-T30,2025,2024,2025-10-26,Acceso libre,Primera parte,Extraordinario,Único,Sí,Cuestionario extraordinario sin modelo paralelo.,30,No,"De acuerdo con el artículo 63 del R eal Decreto 84/1996, de 26 de enero, ¿ cuál es el plazo máximo para dictar resolución y notificación en las solicitudes de inscripción de los empresarios?",Cuarenta y cinco días.,Tres meses.,Tres días.,Diez días.,S03,3,Temario específico Seguridad Social,Normas sobre afiliación. Altas y bajas en el régimen general. Procedimiento y efectos. El convenio especial y otras situaciones asimiladas a la del alta. Encuadramiento e inscripción.,notificación,,63,Plazos,Media,notificación,,,No,Teórico,A,A,Válida,01. Información oficial de la oposición\Exámenes oficiales anteriores\2025 Convocatoria 2024 - Examen extraordinario acceso libre.pdf,https://www.seg-social.es/wps/portal/wss/internet/InformacionUtil/9950/88beb45d-ca83-4bab-8162-f94ef2894562/7e46efac-32c8-4cf6-b3d3-d592c3560dff/rdpi_administrativos_2024,Texto PDF,100,Alta,Revisión jurídica individual,2025_conv2024_extraordinario-T30,1.0
2025_conv2024_extraordinario-T31,2025,2024,2025-10-26,Acceso libre,Primera parte,Extraordinario,Único,Sí,Cuestionario extraordinario sin modelo paralelo.,31,No,"Según lo dispuesto en el artículo 49 del Real Decreto 84/1996, de 26 de enero, los trabajadores por cuenta propia incluidos en el Régimen Especial del Mar están obligados a proteger la incapacidad temporal derivada de contingencias comunes, las contingencias de accidentes de trabajo y enfermedades profesionales y el cese de actividad . ¿Con quién deberán proteger dichas contingencias?","Con el Instituto Social de la Marina o con una mutua colaboradora con la Seguridad Social, cualquiera que sea su grupo de cotización.","Con el Instituto Social de la Marina o con una mutua colaboradora con la Seguridad Social, excepto en el caso de los trabajadores incluidos en el grupo tercero de cotización, que deberán formalizar la protección de la incapacidad temporal derivada de contingencias comunes con el Instituto Social de la Marina.","Con el Instituto Nacional de la Seguridad Social o con una mutua colaboradora con la Seguridad Social, cualquiera que sea su grupo de cotización.","Con una mutua colaboradora con la Seguridad Social, en todo caso.",S02,2,Temario específico Seguridad Social,"Campo de aplicación y composición del sistema de la Seguridad Social. Régimen general: ámbito subjetivo de aplicación, inclusiones y exclusiones. Regímenes especiales: enumeración, características generales, altas, bajas y cotización. Particularidades de la acción protectora. Sistemas especiales: enumeración y características generales. Altas, bajas y cotización. Particularidades de la acción protectora.",incapacidad temporal,Real Decreto 84/1996,49,Artículos literales,Alta,incapacidad temporal,,,No,Teórico,B,B,Válida,01. Información oficial de la oposición\Exámenes oficiales anteriores\2025 Convocatoria 2024 - Examen extraordinario acceso libre.pdf,https://www.seg-social.es/wps/portal/wss/internet/InformacionUtil/9950/88beb45d-ca83-4bab-8162-f94ef2894562/7e46efac-32c8-4cf6-b3d3-d592c3560dff/rdpi_administrativos_2024,Texto PDF,100,Alta,Revisión jurídica individual,2025_conv2024_extraordinario-T31,1.0
2025_conv2024_extraordinario-T32,2025,2024,2025-10-26,Acceso libre,Primera parte,Extraordinario,Único,Sí,Cuestionario extraordinario sin modelo paralelo.,32,No,"Conforme al artículo 26 de l texto refundido de la Ley General de la Seguridad Social , el derecho a la devolución de ingresos indebidos prescribirá:","A los cuatro años, a contar desde el mismo día de su ingreso.","A los cinco años, a contar desde el día siguiente al de su ingreso.","A los cuatro años, a contar desde el siguiente al día de su ingreso.","A los cinco años, desde el mismo día de su ingreso.",S05,5,Temario específico Seguridad Social,"La gestión recaudatoria: concepto, competencia y objeto. Responsables del pago. Requisitos para el pago. Medios de pago. Control de recaudación. Revisión de los actos de gestión recaudatoria. La recaudación en periodo voluntario. Efectos de la falta de cotización en período reglamentario. Recaudación de otros recursos. Aplazamientos. Devolución de ingresos indebidos. Capital coste de pensiones.",S05,texto refundido de la Ley General de la Seguridad Social,26,Recaudación,Media,S05,,,No,Teórico,C,C,Válida,01. Información oficial de la oposición\Exámenes oficiales anteriores\2025 Convocatoria 2024 - Examen extraordinario acceso libre.pdf,https://www.seg-social.es/wps/portal/wss/internet/InformacionUtil/9950/88beb45d-ca83-4bab-8162-f94ef2894562/7e46efac-32c8-4cf6-b3d3-d592c3560dff/rdpi_administrativos_2024,Texto PDF,100,Alta,Regla jurídica determinista,2025_conv2024_extraordinario-T32,1.0
2025_conv2024_extraordinario-T33,2025,2024,2025-10-26,Acceso libre,Primera parte,Extraordinario,Único,Sí,Cuestionario extraordinario sin modelo paralelo.,33,No,"Según establece el artículo 8 del Reglamento General de Recaudación de la Seguridad Social, aprobado por el Real Decreto 1415/2004, de 11 de junio, cuando los plazos reglamentarios para el pago de las deudas con la Seguridad Social se señalen por días y no se indique otra cosa, se entenderán:","Que son días naturales y si el último día del plazo es inhábil, se entenderá que finaliza el anterior día hábil del plazo.","Que son días hábiles, excluyéndose del cómputo los sábados, domingos y festivos.","Que son días naturales y si el último día del plazo es inhábil, se entenderá que finaliza el siguiente día hábil del plazo.","Que son días hábiles, incluyéndose en el cómputo los sábados.",S05,5,Temario específico Seguridad Social,"La gestión recaudatoria: concepto, competencia y objeto. Responsables del pago. Requisitos para el pago. Medios de pago. Control de recaudación. Revisión de los actos de gestión recaudatoria. La recaudación en periodo voluntario. Efectos de la falta de cotización en período reglamentario. Recaudación de otros recursos. Aplazamientos. Devolución de ingresos indebidos. Capital coste de pensiones.",S05,Real Decreto 1415/2004,8,Plazos,Media,S05,,,No,Teórico,B,B,Válida,01. Información oficial de la oposición\Exámenes oficiales anteriores\2025 Convocatoria 2024 - Examen extraordinario acceso libre.pdf,https://www.seg-social.es/wps/portal/wss/internet/InformacionUtil/9950/88beb45d-ca83-4bab-8162-f94ef2894562/7e46efac-32c8-4cf6-b3d3-d592c3560dff/rdpi_administrativos_2024,Texto PDF,100,Alta,Regla jurídica determinista,2025_conv2024_extraordinario-T33,1.0
2025_conv2024_extraordinario-T34,2025,2024,2025-10-26,Acceso libre,Primera parte,Extraordinario,Único,Sí,Cuestionario extraordinario sin modelo paralelo.,34,No,"El pago de las deudas a la Seguridad Social conforme establece el artículo 21 del Reglamento General de Recaudación de la Seguridad Social, aprobado por el Real Decreto 1415/20 04, de 11 de junio, además de por cualquier otro medio de pago autorizado por la Tesorería General de la Seguridad Social, deberá de realizarse:","En efectivo, mediante dinero de curso legal, cheque, giro postal, transferencia o domiciliación bancaria.","En efectivo, mediante dinero de curso legal, cheque, letra de cambio, transferencia o domiciliación bancaria.","En efectivo, mediante dinero de curso legal, cheque, pagaré, transferencia o domiciliación bancaria.","En efectivo, mediante dinero de curso legal, cheque, transferencia o domiciliación bancaria.",S05,5,Temario específico Seguridad Social,"La gestión recaudatoria: concepto, competencia y objeto. Responsables del pago. Requisitos para el pago. Medios de pago. Control de recaudación. Revisión de los actos de gestión recaudatoria. La recaudación en periodo voluntario. Efectos de la falta de cotización en período reglamentario. Recaudación de otros recursos. Aplazamientos. Devolución de ingresos indebidos. Capital coste de pensiones.",S05,,21,Recaudación,Alta,S05,Tesorería General de la Seguridad Social,,No,Teórico,D,D,Válida,01. Información oficial de la oposición\Exámenes oficiales anteriores\2025 Convocatoria 2024 - Examen extraordinario acceso libre.pdf,https://www.seg-social.es/wps/portal/wss/internet/InformacionUtil/9950/88beb45d-ca83-4bab-8162-f94ef2894562/7e46efac-32c8-4cf6-b3d3-d592c3560dff/rdpi_administrativos_2024,Texto PDF,100,Alta,Regla jurídica determinista,2025_conv2024_extraordinario-T34,1.0
2025_conv2024_extraordinario-T35,2025,2024,2025-10-26,Acceso libre,Primera parte,Extraordinario,Único,Sí,Cuestionario extraordinario sin modelo paralelo.,35,No,"El artículo 35 del Reglamento General de Recaudación de la Seguridad Social, aprobado por el Real Decreto 1415/20 04, de 11 de junio, establece que en general dará lugar a la denegación de la solicitud de aplazamiento que el importe de la deuda aplazable no supere:",El doble del salario mínimo interprofesional mensual vigente al momento de la solicitud.,El doble del Indicador Público de Rentas de Efectos Múltiples mensual vigente al momento de la solicitud.,El salario mínimo interprofesional anual vigente al momento de la solicitud.,El Indicador Público de Rentas de Efectos Múltiples anual vigente al momento de la solicitud.,S05,5,Temario específico Seguridad Social,"La gestión recaudatoria: concepto, competencia y objeto. Responsables del pago. Requisitos para el pago. Medios de pago. Control de recaudación. Revisión de los actos de gestión recaudatoria. La recaudación en periodo voluntario. Efectos de la falta de cotización en período reglamentario. Recaudación de otros recursos. Aplazamientos. Devolución de ingresos indebidos. Capital coste de pensiones.",aplazamiento,,35,Cálculos,Media,aplazamiento,,,No,Teórico,A,A,Válida,01. Información oficial de la oposición\Exámenes oficiales anteriores\2025 Convocatoria 2024 - Examen extraordinario acceso libre.pdf,https://www.seg-social.es/wps/portal/wss/internet/InformacionUtil/9950/88beb45d-ca83-4bab-8162-f94ef2894562/7e46efac-32c8-4cf6-b3d3-d592c3560dff/rdpi_administrativos_2024,Texto PDF,100,Alta,Regla jurídica determinista,2025_conv2024_extraordinario-T35,1.0
2025_conv2024_extraordinario-T36,2025,2024,2025-10-26,Acceso libre,Primera parte,Extraordinario,Único,Sí,Cuestionario extraordinario sin modelo paralelo.,36,No,"Tal y como establece el artículo 13 del Reglamento General de Recaudación de la Seguridad Social, aprobado por el Real Decreto 1415/20 04, de 11 de junio, el plazo máximo para notificar la reclamación de deuda por derivación de responsabilidad solidaria, a contar desde el día siguiente a la fecha del acuerdo de iniciación, será de:",Dieciocho meses.,Doce meses.,Nueve meses.,Seis meses.,S05,5,Temario específico Seguridad Social,"La gestión recaudatoria: concepto, competencia y objeto. Responsables del pago. Requisitos para el pago. Medios de pago. Control de recaudación. Revisión de los actos de gestión recaudatoria. La recaudación en periodo voluntario. Efectos de la falta de cotización en período reglamentario. Recaudación de otros recursos. Aplazamientos. Devolución de ingresos indebidos. Capital coste de pensiones.",S05,,13,Plazos,Alta,S05,,,No,Teórico,D,D,Válida,01. Información oficial de la oposición\Exámenes oficiales anteriores\2025 Convocatoria 2024 - Examen extraordinario acceso libre.pdf,https://www.seg-social.es/wps/portal/wss/internet/InformacionUtil/9950/88beb45d-ca83-4bab-8162-f94ef2894562/7e46efac-32c8-4cf6-b3d3-d592c3560dff/rdpi_administrativos_2024,Texto PDF,100,Alta,Regla jurídica determinista,2025_conv2024_extraordinario-T36,1.0
2025_conv2024_extraordinario-T37,2025,2024,2025-10-26,Acceso libre,Primera parte,Extraordinario,Único,Sí,Cuestionario extraordinario sin modelo paralelo.,37,No,"El artículo 46 del Reglamento General de Recaudación de la Seguridad Social, aprobado por el Real Decreto 1415/2004, de 11 de junio, establece que l as Administraciones públicas y las entidades y organismos de ellas dependientes frente a los actos de gestión recaudatoria de la Tesorería General de la Seguridad Social:",Podrán formular exclusivamente recurso administrativo de alzada.,No podrán formular recurso administrativo.,Podrán formular exclusivamente recurso administrativo de reposición.,Podrán formular recurso administrativo de alzada y de reposición.,S05,5,Temario específico Seguridad Social,"La gestión recaudatoria: concepto, competencia y objeto. Responsables del pago. Requisitos para el pago. Medios de pago. Control de recaudación. Revisión de los actos de gestión recaudatoria. La recaudación en periodo voluntario. Efectos de la falta de cotización en período reglamentario. Recaudación de otros recursos. Aplazamientos. Devolución de ingresos indebidos. Capital coste de pensiones.",S05,Real Decreto 1415/2004,46,Recaudación,Media,S05,Tesorería General de la Seguridad Social; ISM,,No,Teórico,B,B,Válida,01. Información oficial de la oposición\Exámenes oficiales anteriores\2025 Convocatoria 2024 - Examen extraordinario acceso libre.pdf,https://www.seg-social.es/wps/portal/wss/internet/InformacionUtil/9950/88beb45d-ca83-4bab-8162-f94ef2894562/7e46efac-32c8-4cf6-b3d3-d592c3560dff/rdpi_administrativos_2024,Texto PDF,100,Alta,Regla jurídica determinista,2025_conv2024_extraordinario-T37,1.0
2025_conv2024_extraordinario-T38,2025,2024,2025-10-26,Acceso libre,Primera parte,Extraordinario,Único,Sí,Cuestionario extraordinario sin modelo paralelo.,38,No,"Conforme al artículo 121 del Reglamento General de Recaudación de la Seguridad Social, aprobado por el Real Decreto 1415/20 04, de 11 de junio, l a dirección provincial de la Tesorería General de la Seguridad Social podrá ejercitar derecho de tanteo con anterioridad a la emisión del certificado de adjudicación o de la escritura pública de venta y en el plazo máximo de:",5 días.,15 días.,20 días.,30 días.,S06,6,Temario específico Seguridad Social,La recaudación en vía ejecutiva. Normas generales. Iniciación y título ejecutivo. La providencia de apremio. Oposición y efectos. El embargo de bienes. Enajenación de bienes: modalidades. Créditos incobrables. Tercerías.,S06,,121,Plazos,Alta,S06,Tesorería General de la Seguridad Social,,No,Teórico,D,D,Válida,01. Información oficial de la oposición\Exámenes oficiales anteriores\2025 Convocatoria 2024 - Examen extraordinario acceso libre.pdf,https://www.seg-social.es/wps/portal/wss/internet/InformacionUtil/9950/88beb45d-ca83-4bab-8162-f94ef2894562/7e46efac-32c8-4cf6-b3d3-d592c3560dff/rdpi_administrativos_2024,Texto PDF,100,Alta,Regla jurídica determinista,2025_conv2024_extraordinario-T38,1.0
2025_conv2024_extraordinario-T39,2025,2024,2025-10-26,Acceso libre,Primera parte,Extraordinario,Único,Sí,Cuestionario extraordinario sin modelo paralelo.,39,No,"Según dispone el artículo 87 del Reglamento General de Recaudación de la Seguridad Social, aprobado por el Real Decreto 1415/2004, de 11 de junio, la previsión de costas nunca podrá superar el:",Tres por ciento del importe de la deuda.,Cinco por ciento del importe de la deuda.,Diez por ciento del importe de la deuda.,Quince por ciento del importe de la deuda.,S06,6,Temario específico Seguridad Social,La recaudación en vía ejecutiva. Normas generales. Iniciación y título ejecutivo. La providencia de apremio. Oposición y efectos. El embargo de bienes. Enajenación de bienes: modalidades. Créditos incobrables. Tercerías.,S06,Real Decreto 1415/2004,87,Recaudación ejecutiva,Media,S06,,,No,Teórico,A,A,Válida,01. Información oficial de la oposición\Exámenes oficiales anteriores\2025 Convocatoria 2024 - Examen extraordinario acceso libre.pdf,https://www.seg-social.es/wps/portal/wss/internet/InformacionUtil/9950/88beb45d-ca83-4bab-8162-f94ef2894562/7e46efac-32c8-4cf6-b3d3-d592c3560dff/rdpi_administrativos_2024,Texto PDF,100,Alta,Regla jurídica determinista,2025_conv2024_extraordinario-T39,1.0
2025_conv2024_extraordinario-T40,2025,2024,2025-10-26,Acceso libre,Primera parte,Extraordinario,Único,Sí,Cuestionario extraordinario sin modelo paralelo.,40,No,"En virtud del artículo 135 del Reglamento General de Recaudación de la Seguridad Social, aprobado por el Real Decreto 1415/20 04, de 11 de junio, l a reclamación en tercería se resolverá, previa la práctica de la prueba que pueda estimarse oportuna, por:",El titular de la Unidad de Recaudación Ejecutiva.,El titular de la Subdirección Provincial de Recaudación Ejecutiva.,El titular de la Dirección Provincial de la Tesorería General de la Seguridad Social.,El titular de la Dirección General de la Tesorería General de la Seguridad Social.,S06,6,Temario específico Seguridad Social,La recaudación en vía ejecutiva. Normas generales. Iniciación y título ejecutivo. La providencia de apremio. Oposición y efectos. El embargo de bienes. Enajenación de bienes: modalidades. Créditos incobrables. Tercerías.,S06,,135,Recaudación ejecutiva,Media,S06,,,No,Teórico,C,C,Válida,01. Información oficial de la oposición\Exámenes oficiales anteriores\2025 Convocatoria 2024 - Examen extraordinario acceso libre.pdf,https://www.seg-social.es/wps/portal/wss/internet/InformacionUtil/9950/88beb45d-ca83-4bab-8162-f94ef2894562/7e46efac-32c8-4cf6-b3d3-d592c3560dff/rdpi_administrativos_2024,Texto PDF,100,Alta,Regla jurídica determinista,2025_conv2024_extraordinario-T40,1.0
2025_conv2024_extraordinario-T41,2025,2024,2025-10-26,Acceso libre,Primera parte,Extraordinario,Único,Sí,Cuestionario extraordinario sin modelo paralelo.,41,No,"Según el artículo 58 del texto refundido de la Ley General de la Seguridad Social, respecto a la revalorización de las pensiones:","En su modalidad no contributiva, incluido el complemento de brecha de género, se revalorizarán al comienzo de cada año en el porcentaje equivalente al valor medio de las tasas de variación interanual expresadas en tanto por ciento del Índice de Precios al Consumo de los doce meses previos a diciembre del año anterior.","En su modalidad contributiva, incluido el complemento de brecha de género, se revalorizarán al comienzo de cada año en el porcentaje equivalente al valor medio de las tasas de variación interanual expresadas en tanto por ciento del Índice de Precios al Co nsumo de los doce meses previos a diciembre del año anterior.","En su modalidad contributiva , incluido el complemento de brecha de género, se revalorizarán al comienzo de cada año en el porcentaje equivalente al valor medio de las tasas de variación interanual expresadas en tanto por ciento del Índice de Precios al Consumo de los seis meses previos a diciembre del año anterior.","En su modalidad no contributiva, incluido el complemento de brecha de género, se revalorizarán al comienzo de cada año en el porcentaje equivalente al valor medio de las tasas de variación interanual expresadas en tanto por ciento del Índice de Precios al Consumo de los seis meses previos a diciembre del año anterior.",S07,7,Temario específico Seguridad Social,"Acción protectora. Contenido y clasificación de las prestaciones. Caracteres de las prestaciones. Incompatibilidades. Reintegro de las prestaciones indebidas. Requisitos generales del derecho a las prestaciones. Responsabilidades en orden a las prestaciones por incumplimiento de las obligaciones de afiliación, altas, bajas y cotización. Automaticidad y anticipo de prestaciones. Riesgo protegido: contingencias comunes y profesionales.",S07,texto refundido de la Ley General de la Seguridad Social,58,Artículos literales,Media,S07,,,No,Teórico,B,B,Válida,01. Información oficial de la oposición\Exámenes oficiales anteriores\2025 Convocatoria 2024 - Examen extraordinario acceso libre.pdf,https://www.seg-social.es/wps/portal/wss/internet/InformacionUtil/9950/88beb45d-ca83-4bab-8162-f94ef2894562/7e46efac-32c8-4cf6-b3d3-d592c3560dff/rdpi_administrativos_2024,Texto PDF,100,Alta,Regla jurídica determinista,2025_conv2024_extraordinario-T41,1.0
2025_conv2024_extraordinario-T42,2025,2024,2025-10-26,Acceso libre,Primera parte,Extraordinario,Único,Sí,Cuestionario extraordinario sin modelo paralelo.,42,No,"Conforme al artículo 59 del texto refundido de la Ley General de la Seguridad Social , los beneficiarios de pensiones contributivas del sistema de la Seguridad Social que no perciban rendimientos del trabajo, del capital, de actividades económicas, de régimen de atribución de rentas y ganancias patrimoniales, de acuerdo con el concepto establecido para dichas rentas en el Impuesto sobre la Renta de las Personas Físicas, o que, percibiéndolos, no excedan de la cuantía que anualmente establezca la correspondiente Ley de Presupuestos Generales del Estado, tendrán derecho a percibir los complementos necesarios para alcanzar la cuantía mínima de las pensiones",Siempre que resid an en territorio español en los términos que legal o reglamentariamente se determinen.,Siempre que residan en la Unión Europea en los términos que legal o reglamentariamente se determinen.,Siempre que no residan en territorio español en los términos que legal o reglamentariamente se determinen.,Siempre que no residan en la Unión Europa en los términos que legal o reglamentariamente se determinen.,S07,7,Temario específico Seguridad Social,"Acción protectora. Contenido y clasificación de las prestaciones. Caracteres de las prestaciones. Incompatibilidades. Reintegro de las prestaciones indebidas. Requisitos generales del derecho a las prestaciones. Responsabilidades en orden a las prestaciones por incumplimiento de las obligaciones de afiliación, altas, bajas y cotización. Automaticidad y anticipo de prestaciones. Riesgo protegido: contingencias comunes y profesionales.",S07,texto refundido de la Ley General de la Seguridad Social,59,Cálculos,Alta,S07,,,No,Teórico,A,A,Válida,01. Información oficial de la oposición\Exámenes oficiales anteriores\2025 Convocatoria 2024 - Examen extraordinario acceso libre.pdf,https://www.seg-social.es/wps/portal/wss/internet/InformacionUtil/9950/88beb45d-ca83-4bab-8162-f94ef2894562/7e46efac-32c8-4cf6-b3d3-d592c3560dff/rdpi_administrativos_2024,Texto PDF,100,Alta,Regla jurídica determinista,2025_conv2024_extraordinario-T42,1.0
2025_conv2024_extraordinario-T43,2025,2024,2025-10-26,Acceso libre,Primera parte,Extraordinario,Único,Sí,Cuestionario extraordinario sin modelo paralelo.,43,No,"De acuerdo con el artículo 46 del texto refundido de la Ley General de la Seguridad Social, el pago de las pensiones contributivas derivadas de contingencias comunes de cualquiera de los regímenes que integran el sistema de la Seguridad Social:","Serán satisfechas en 12 pagas , correspondientes a cada uno de los meses del año y 2 pagas extraordinarias que se devengarán en los meses de julio y noviembre.","Serán satisfechas en 14 pagas, correspondientes a cada uno de los meses del año y 2 pagas extraordinarias que se devengarán en los meses de julio y diciembre.","Serán satisfechas en 14 pagas, correspondientes a cada uno de los meses del año y 2 pagas extraordinarias que se devengarán en los meses de junio y diciembre.","Serán satisfechas en 14 pagas, correspondientes a cada uno de los meses del año y 2 pagas extraordinarias que se devengarán en los meses de junio y noviembre.",S07,7,Temario específico Seguridad Social,"Acción protectora. Contenido y clasificación de las prestaciones. Caracteres de las prestaciones. Incompatibilidades. Reintegro de las prestaciones indebidas. Requisitos generales del derecho a las prestaciones. Responsabilidades en orden a las prestaciones por incumplimiento de las obligaciones de afiliación, altas, bajas y cotización. Automaticidad y anticipo de prestaciones. Riesgo protegido: contingencias comunes y profesionales.",S07,texto refundido de la Ley General de la Seguridad Social,46,Artículos literales,Media,S07,,,No,Teórico,D,D,Válida,01. Información oficial de la oposición\Exámenes oficiales anteriores\2025 Convocatoria 2024 - Examen extraordinario acceso libre.pdf,https://www.seg-social.es/wps/portal/wss/internet/InformacionUtil/9950/88beb45d-ca83-4bab-8162-f94ef2894562/7e46efac-32c8-4cf6-b3d3-d592c3560dff/rdpi_administrativos_2024,Texto PDF,100,Alta,Regla jurídica determinista,2025_conv2024_extraordinario-T43,1.0
2025_conv2024_extraordinario-T44,2025,2024,2025-10-26,Acceso libre,Primera parte,Extraordinario,Único,Sí,Cuestionario extraordinario sin modelo paralelo.,44,No,"Conforme al artículo 54 del del texto refundido de la Ley General de la Seguridad Social, el derecho al percibo de las prestaciones a tanto alzado y por una sola vez caducará:",Al año a contar desde el día siguiente al de haber sido notificado en forma al interesado su reconocimiento.,Al año de su respectivo vencimiento.,A los cinco años de su respectivo vencimiento.,"Al año, a contar desde el mismo día de haber sido notificado en forma al interesado su reconocimiento.",S07,7,Temario específico Seguridad Social,"Acción protectora. Contenido y clasificación de las prestaciones. Caracteres de las prestaciones. Incompatibilidades. Reintegro de las prestaciones indebidas. Requisitos generales del derecho a las prestaciones. Responsabilidades en orden a las prestaciones por incumplimiento de las obligaciones de afiliación, altas, bajas y cotización. Automaticidad y anticipo de prestaciones. Riesgo protegido: contingencias comunes y profesionales.",S07,texto refundido de la Ley General de la Seguridad Social,54,Artículos literales,Media,S07,,,No,Teórico,A,A,Válida,01. Información oficial de la oposición\Exámenes oficiales anteriores\2025 Convocatoria 2024 - Examen extraordinario acceso libre.pdf,https://www.seg-social.es/wps/portal/wss/internet/InformacionUtil/9950/88beb45d-ca83-4bab-8162-f94ef2894562/7e46efac-32c8-4cf6-b3d3-d592c3560dff/rdpi_administrativos_2024,Texto PDF,100,Alta,Regla jurídica determinista,2025_conv2024_extraordinario-T44,1.0
2025_conv2024_extraordinario-T45,2025,2024,2025-10-26,Acceso libre,Primera parte,Extraordinario,Único,Sí,Cuestionario extraordinario sin modelo paralelo.,45,No,"En virtud del artículo 23 de la Orden de 15 de abril de 1969, por la que se establecen normas para la aplicación y desarrollo de las prestaciones por invalidez en el Régimen General de la Seguridad Social, el derecho a las prestaciones económicas por incapacidad permanente podrá ser suspendido:",Por fallecimiento del beneficiario.,"Por reconocimiento del derecho a la pensión de jubilación, cuando se opte por esta pensión.",Por revisión de la incapacidad declarada.,Cuando el beneficiario haya actuado fraudulentamente para obtener o conservar el derecho a las mismas.,S08,8,Temario específico Seguridad Social,"Incapacidad temporal: concepto y causas que motivan esta situación. Beneficiarios. Prestación económica: determinación y cuantía. Nacimiento, duración y extinción del derecho al subsidio. Reconocimiento y pago. Control de la incapacidad. Incapacidad permanente contributiva: concepto. Grados de incapacidad. Prestaciones. Determinación y cuantía. Beneficiarios. Nacimiento, duración y extinción del derecho. Lesiones permanentes no incapacitantes. La calificación y revisión de la incapacidad permanente.",incapacidad permanente,,23,Incapacidad,Media,incapacidad permanente,,,No,Teórico,D,D,Válida,01. Información oficial de la oposición\Exámenes oficiales anteriores\2025 Convocatoria 2024 - Examen extraordinario acceso libre.pdf,https://www.seg-social.es/wps/portal/wss/internet/InformacionUtil/9950/88beb45d-ca83-4bab-8162-f94ef2894562/7e46efac-32c8-4cf6-b3d3-d592c3560dff/rdpi_administrativos_2024,Texto PDF,100,Alta,Regla jurídica determinista,2025_conv2024_extraordinario-T45,1.0
2025_conv2024_extraordinario-T46,2025,2024,2025-10-26,Acceso libre,Primera parte,Extraordinario,Único,Sí,Cuestionario extraordinario sin modelo paralelo.,46,No,"De acuerdo con el artículo 171 del texto refundido de la Ley General de la Seguridad Social, en la situación especial de incapacidad temporal por donación de órganos o tejidos para su trasplante, la prestación económica consistirá en:",Un subsidio equivalente al setenta y cinco por ciento de la base reguladora establecida para la prestación de incapacidad temporal derivada de contingencias comunes.,Un subsidio equivalente al setenta y cinco por ciento de la base reguladora establecida para la prestación de incapacidad temporal derivada de contingencias profesionales.,Un subsidio equivalente al cien por ciento de la base reguladora establecida para la prestación de incapacidad temporal derivada de contingencias comunes.,Un subsidio equivalente al cien por ciento de la base reguladora establecida para la prestación de incapacidad temporal derivada de contingencias profesionales.,S08,8,Temario específico Seguridad Social,"Incapacidad temporal: concepto y causas que motivan esta situación. Beneficiarios. Prestación económica: determinación y cuantía. Nacimiento, duración y extinción del derecho al subsidio. Reconocimiento y pago. Control de la incapacidad. Incapacidad permanente contributiva: concepto. Grados de incapacidad. Prestaciones. Determinación y cuantía. Beneficiarios. Nacimiento, duración y extinción del derecho. Lesiones permanentes no incapacitantes. La calificación y revisión de la incapacidad permanente.",incapacidad temporal,texto refundido de la Ley General de la Seguridad Social,171,Órganos,Media,incapacidad temporal,,,No,Teórico,C,C,Válida,01. Información oficial de la oposición\Exámenes oficiales anteriores\2025 Convocatoria 2024 - Examen extraordinario acceso libre.pdf,https://www.seg-social.es/wps/portal/wss/internet/InformacionUtil/9950/88beb45d-ca83-4bab-8162-f94ef2894562/7e46efac-32c8-4cf6-b3d3-d592c3560dff/rdpi_administrativos_2024,Texto PDF,100,Alta,Regla jurídica determinista,2025_conv2024_extraordinario-T46,1.0
2025_conv2024_extraordinario-T47,2025,2024,2025-10-26,Acceso libre,Primera parte,Extraordinario,Único,Sí,Cuestionario extraordinario sin modelo paralelo.,47,No,"En virtud del artículo 173 del texto refundido de la Ley General de la Seguridad Social, en las situaciones especiales de incapacidad temporal por menstruación incapacitante secundaria, el subsidio se abonará:",A cargo de la entidad gestora o colaboradora que cubra la incapacidad temporal por contingencias comunes desde el mismo día de baja.,A cargo de la entidad gestora o colaboradora que cubra la incapacidad temporal por contingencias comunes a partir del cuarto día de baja.,A cargo del empresario desde el mismo día al decimoquinto de baja.,"A cargo del empresario desde el día cuarto al decimoquinto de baja, ambos inclusive.",S08,8,Temario específico Seguridad Social,"Incapacidad temporal: concepto y causas que motivan esta situación. Beneficiarios. Prestación económica: determinación y cuantía. Nacimiento, duración y extinción del derecho al subsidio. Reconocimiento y pago. Control de la incapacidad. Incapacidad permanente contributiva: concepto. Grados de incapacidad. Prestaciones. Determinación y cuantía. Beneficiarios. Nacimiento, duración y extinción del derecho. Lesiones permanentes no incapacitantes. La calificación y revisión de la incapacidad permanente.",incapacidad temporal,texto refundido de la Ley General de la Seguridad Social,173,Incapacidad,Media,incapacidad temporal,,,No,Teórico,A,A,Válida,01. Información oficial de la oposición\Exámenes oficiales anteriores\2025 Convocatoria 2024 - Examen extraordinario acceso libre.pdf,https://www.seg-social.es/wps/portal/wss/internet/InformacionUtil/9950/88beb45d-ca83-4bab-8162-f94ef2894562/7e46efac-32c8-4cf6-b3d3-d592c3560dff/rdpi_administrativos_2024,Texto PDF,100,Alta,Regla jurídica determinista,2025_conv2024_extraordinario-T47,1.0
2025_conv2024_extraordinario-T48,2025,2024,2025-10-26,Acceso libre,Primera parte,Extraordinario,Único,Sí,Cuestionario extraordinario sin modelo paralelo.,48,No,La base reguladora para la prestación de IT derivada de accidente de trabajo de un trabajador con una antigüedad de cinco años en la empresa se obtiene por la suma de:,"La base de cotización por contingencias profesionales del mes inmediatamente anterior al mes previo, excluido el importe de horas extraordinarias, dividida por el número de días a que corresponda dicha cotización, y el promedio de la suma de las horas ext raordinarias de los 12 meses inmediatamente anteriores al inicio de la situación de IT.","La base de cotización por contingencias profesionales del mes anterior, incluido el importe de horas extraordinarias, dividida por el número de días a que corresponda dicha cotización, y el promedio de la suma de las horas extraordinarias de los 12 meses inmediatamente anteriores al inicio de la situación de IT.","La base de cotización por contingencias profesionales del mes anterior, excluido el importe de horas extraordinarias, dividida por el número de días a que corresponda dicha cotización, y el promedio de la suma de las horas extraordinarias de los 12 meses inmediatamente anteriores al inicio de la situación de IT.","La base de cotización por contingencias comunes del mes inmediatamente anterior al mes previo, excluido el importe de horas extraordinarias, dividida por el número de días a que corresponda dicha cotización, y el promedio de la suma de las horas extraordi narias de los 12 meses inmediatamente anteriores al inicio de la situación de IT.",S08,8,Temario específico Seguridad Social,"Incapacidad temporal: concepto y causas que motivan esta situación. Beneficiarios. Prestación económica: determinación y cuantía. Nacimiento, duración y extinción del derecho al subsidio. Reconocimiento y pago. Control de la incapacidad. Incapacidad permanente contributiva: concepto. Grados de incapacidad. Prestaciones. Determinación y cuantía. Beneficiarios. Nacimiento, duración y extinción del derecho. Lesiones permanentes no incapacitantes. La calificación y revisión de la incapacidad permanente.",S08,,,Cálculos,Media,S08,,,No,Teórico,C,C,Válida,01. Información oficial de la oposición\Exámenes oficiales anteriores\2025 Convocatoria 2024 - Examen extraordinario acceso libre.pdf,https://www.seg-social.es/wps/portal/wss/internet/InformacionUtil/9950/88beb45d-ca83-4bab-8162-f94ef2894562/7e46efac-32c8-4cf6-b3d3-d592c3560dff/rdpi_administrativos_2024,Texto PDF,100,Alta,Revisión jurídica individual,2025_conv2024_extraordinario-T48,1.0
2025_conv2024_extraordinario-T49,2025,2024,2025-10-26,Acceso libre,Primera parte,Extraordinario,Único,Sí,Cuestionario extraordinario sin modelo paralelo.,49,No,"En virtud del artículo 174 del texto refundido de la Ley General de la Seguridad Social, cuando el derecho al subsidio por incapacidad temporal se extinga por el transcurso del período de quinientos cuarenta y cinco días naturales, se examinará necesariame nte, el estado del incapacitado a efectos de su calificación, en el grado de incapacidad permanente que corresponda, en el plazo máximo de:",60 días naturales.,90 días naturales.,180 días naturales.,365 días naturales.,S08,8,Temario específico Seguridad Social,"Incapacidad temporal: concepto y causas que motivan esta situación. Beneficiarios. Prestación económica: determinación y cuantía. Nacimiento, duración y extinción del derecho al subsidio. Reconocimiento y pago. Control de la incapacidad. Incapacidad permanente contributiva: concepto. Grados de incapacidad. Prestaciones. Determinación y cuantía. Beneficiarios. Nacimiento, duración y extinción del derecho. Lesiones permanentes no incapacitantes. La calificación y revisión de la incapacidad permanente.",incapacidad temporal,texto refundido de la Ley General de la Seguridad Social,174,Plazos,Alta,incapacidad temporal,,,No,Teórico,B,B,Válida,01. Información oficial de la oposición\Exámenes oficiales anteriores\2025 Convocatoria 2024 - Examen extraordinario acceso libre.pdf,https://www.seg-social.es/wps/portal/wss/internet/InformacionUtil/9950/88beb45d-ca83-4bab-8162-f94ef2894562/7e46efac-32c8-4cf6-b3d3-d592c3560dff/rdpi_administrativos_2024,Texto PDF,100,Alta,Regla jurídica determinista,2025_conv2024_extraordinario-T49,1.0
2025_conv2024_extraordinario-T50,2025,2024,2025-10-26,Acceso libre,Primera parte,Extraordinario,Único,Sí,Cuestionario extraordinario sin modelo paralelo.,50,No,"Según lo dispuesto en el artículo 182 del texto refundido de la Ley General de la Seguridad Social respecto a la prestación económica por maternidad en el supuesto especial, ¿cuál es la regla sobre su cuantía?",La cuantía será el 100 % de la base reguladora calculada conforme al artículo 179.,"La cuantía será el 100 % del Indicador Público de Renta de Efectos Múltiples (IPREM) vigente, sin excepción.","La cuantía será el 100 % del IPREM vigente, salvo que la base reguladora calculada conforme a los artículos 179 o 248 sea de cuantía inferior, en cuyo caso se aplicará ésta última.","La cuantía será el 75 % de la base reguladora calculada conforme al artículo 179, con posibles incrementos por parto múltiple.",S09,9,Temario específico Seguridad Social,Nacimiento y cuidado de menor. Ejercicio corresponsable del cuidado del lactante. Prestación por riesgo durante el embarazo. Prestación por riesgo durante la lactancia natural. Asignación económica por hijo o menor acogido a cargo. Prestación económica por nacimiento o adopción de hijo en supuestos de familias numerosas o monoparentales y en los casos de madres o padres con discapacidad. Prestación por parto o adopción Subsidio por cuidado de menores afectados por cáncer u otra enfermedad grave.,S09,texto refundido de la Ley General de la Seguridad Social,182,Cálculos,Media,S09,,,No,Teórico,C,C,Válida,01. Información oficial de la oposición\Exámenes oficiales anteriores\2025 Convocatoria 2024 - Examen extraordinario acceso libre.pdf,https://www.seg-social.es/wps/portal/wss/internet/InformacionUtil/9950/88beb45d-ca83-4bab-8162-f94ef2894562/7e46efac-32c8-4cf6-b3d3-d592c3560dff/rdpi_administrativos_2024,Texto PDF,100,Alta,Regla jurídica determinista,2025_conv2024_extraordinario-T50,1.0
2025_conv2024_extraordinario-T51,2025,2024,2025-10-26,Acceso libre,Primera parte,Extraordinario,Único,Sí,Cuestionario extraordinario sin modelo paralelo.,51,No,¿Cuál de las siguientes prestaciones está regulada en el capítulo I del Título VI del texto refundido de la Ley General de la Seguridad Social?,Prestación por desempleo.,Asignación económica por hijo o menor a cargo.,Prestación por riesgo durante el embarazo.,Incapacidad no contributiva.,S09,9,Temario específico Seguridad Social,Nacimiento y cuidado de menor. Ejercicio corresponsable del cuidado del lactante. Prestación por riesgo durante el embarazo. Prestación por riesgo durante la lactancia natural. Asignación económica por hijo o menor acogido a cargo. Prestación económica por nacimiento o adopción de hijo en supuestos de familias numerosas o monoparentales y en los casos de madres o padres con discapacidad. Prestación por parto o adopción Subsidio por cuidado de menores afectados por cáncer u otra enfermedad grave.,S09,texto refundido de la Ley General de la Seguridad Social,,Prestaciones familiares,Básica,S09,,,No,Teórico,B,B,Válida,01. Información oficial de la oposición\Exámenes oficiales anteriores\2025 Convocatoria 2024 - Examen extraordinario acceso libre.pdf,https://www.seg-social.es/wps/portal/wss/internet/InformacionUtil/9950/88beb45d-ca83-4bab-8162-f94ef2894562/7e46efac-32c8-4cf6-b3d3-d592c3560dff/rdpi_administrativos_2024,Texto PDF,100,Alta,Revisión jurídica individual,2025_conv2024_extraordinario-T51,1.0
2025_conv2024_extraordinario-T52,2025,2024,2025-10-26,Acceso libre,Primera parte,Extraordinario,Único,Sí,Cuestionario extraordinario sin modelo paralelo.,52,No,"Conforme al artículo 183 del texto refundido de la Ley General de la Seguridad Social, ¿cuál de las siguientes afirmaciones es correcta respecto a la situación protegida a efectos de la prestación económica por ejercicio corresponsable del cuidado del lactante?","La reducción de jornada debe ser de una hora diaria, de forma acumulable entre ambos progenitores, sin necesidad de que ambos trabajen.","La reducción de jornada debe ser de media hora diaria, con la misma duración y régimen para ambos progenitores, adoptantes, guardadores con fines de adopción o acogedores de carácter permanente, siempre que ambos trabajen.","La reducción de jornada puede ser de una hora diaria, con la misma duración y régimen para ambos progenitores, sin necesidad de que ambos trabajen.","La reducción de jornada debe ser de media hora diaria, con la misma duración y régimen para ambos progenitores, adoptantes, guardadores con fines de adopción o acogedores de carácter permanente, siempre que al menos uno de ellos trabaje.",S09,9,Temario específico Seguridad Social,Nacimiento y cuidado de menor. Ejercicio corresponsable del cuidado del lactante. Prestación por riesgo durante el embarazo. Prestación por riesgo durante la lactancia natural. Asignación económica por hijo o menor acogido a cargo. Prestación económica por nacimiento o adopción de hijo en supuestos de familias numerosas o monoparentales y en los casos de madres o padres con discapacidad. Prestación por parto o adopción Subsidio por cuidado de menores afectados por cáncer u otra enfermedad grave.,S09,texto refundido de la Ley General de la Seguridad Social,183,Prestaciones familiares,Media,S09,,,No,Teórico,B,B,Válida,01. Información oficial de la oposición\Exámenes oficiales anteriores\2025 Convocatoria 2024 - Examen extraordinario acceso libre.pdf,https://www.seg-social.es/wps/portal/wss/internet/InformacionUtil/9950/88beb45d-ca83-4bab-8162-f94ef2894562/7e46efac-32c8-4cf6-b3d3-d592c3560dff/rdpi_administrativos_2024,Texto PDF,100,Alta,Regla jurídica determinista,2025_conv2024_extraordinario-T52,1.0
2025_conv2024_extraordinario-T53,2025,2024,2025-10-26,Acceso libre,Primera parte,Extraordinario,Único,Sí,Cuestionario extraordinario sin modelo paralelo.,53,No,"Según el artículo 205 del texto refundido de la Ley General de la Seguridad Social, para el cómputo de los periodos de cotización a efectos de reconocimiento del derecho a la pensión de jubilación en su modalidad contributiva:","Se tomarán años y meses completos, sin que se equiparen a ellos las fracciones de los mismos.","Se tomarán años y meses completos, equiparándose a ellos las fracciones de los mismos.","Se tomarán años, meses y días, sin que se equiparen a ellos las fracciones de los mismos.","Se tomarán años y días completos, equiparándose a ellos las fracciones de los mismos.",S10,10,Temario específico Seguridad Social,"Jubilación en la modalidad contributiva: concepto. Jubilación ordinaria: requisitos: especial referencia a la edad de jubilación. Determinación de la cuantía de la prestación: base reguladora y porcentaje. Jubilación anticipada, jubilación parcial y jubilación flexible. Compatibilidad de la pensión de jubilación y el trabajo. Suspensión y extinción de la prestación. Especial referencia a la aplicación de la normativa anterior a la Ley 27/2011.",jubilación,texto refundido de la Ley General de la Seguridad Social,205,Jubilación,Media,jubilación,,,No,Teórico,A,A,Válida,01. Información oficial de la oposición\Exámenes oficiales anteriores\2025 Convocatoria 2024 - Examen extraordinario acceso libre.pdf,https://www.seg-social.es/wps/portal/wss/internet/InformacionUtil/9950/88beb45d-ca83-4bab-8162-f94ef2894562/7e46efac-32c8-4cf6-b3d3-d592c3560dff/rdpi_administrativos_2024,Texto PDF,100,Alta,Regla jurídica determinista,2025_conv2024_extraordinario-T53,1.0
2025_conv2024_extraordinario-T54,2025,2024,2025-10-26,Acceso libre,Primera parte,Extraordinario,Único,Sí,Cuestionario extraordinario sin modelo paralelo.,54,No,"En la jubilación anticipada por causa no imputable al trabajador del artículo 207 del texto refundido de la Ley General de la Seguridad Social, se exigirá, entre otros, el siguiente requisito:","Encontrarse inscrito en las oficinas de empleo como demandante de empleo durante un plazo de, al menos, seis meses inmediatamente anteriores a la fecha de la solicitud de la jubilación.","Encontrarse inscrito en las oficinas de empleo como demandante de empleo durante un plazo de, al menos, tres meses inmediatamente anteriores a la fecha de la solicitud de la jubilación.","Encontrarse inscrito en las oficinas de empleo como demandante de empleo durante un plazo de, al menos, 15 días inmediatamente anteriores a la fecha de la solicitud de la jubilación.","Encontrarse inscrito en las oficinas de empleo como demandante de empleo durante un plazo de, al menos, un mes inmediatamente anterior a la fecha de la solicitud de la jubilación.",S10,10,Temario específico Seguridad Social,"Jubilación en la modalidad contributiva: concepto. Jubilación ordinaria: requisitos: especial referencia a la edad de jubilación. Determinación de la cuantía de la prestación: base reguladora y porcentaje. Jubilación anticipada, jubilación parcial y jubilación flexible. Compatibilidad de la pensión de jubilación y el trabajo. Suspensión y extinción de la prestación. Especial referencia a la aplicación de la normativa anterior a la Ley 27/2011.",jubilación anticipada,texto refundido de la Ley General de la Seguridad Social,207,Requisitos,Media,jubilación anticipada,,,No,Teórico,A,A,Válida,01. Información oficial de la oposición\Exámenes oficiales anteriores\2025 Convocatoria 2024 - Examen extraordinario acceso libre.pdf,https://www.seg-social.es/wps/portal/wss/internet/InformacionUtil/9950/88beb45d-ca83-4bab-8162-f94ef2894562/7e46efac-32c8-4cf6-b3d3-d592c3560dff/rdpi_administrativos_2024,Texto PDF,100,Alta,Regla jurídica determinista,2025_conv2024_extraordinario-T54,1.0
2025_conv2024_extraordinario-T55,2025,2024,2025-10-26,Acceso libre,Primera parte,Extraordinario,Único,Sí,Cuestionario extraordinario sin modelo paralelo.,55,No,"En el acceso a la jubilación anticipada por voluntad del interesado del art ículo 208 del texto refundido de la Ley General de la Seguridad Social, ¿cuál es el periodo mínimo de cotización efectiva exigida?","Treinta y cinco años, sin que, a tales efectos, se tenga en cuenta la parte proporcional por pagas extraordinarias.","Treinta y ocho años, sin que, a tales efectos, se tenga en cuenta la parte proporcional por pagas extraordinarias.","Quince años, de los cuales al menos dos deberán estar comprendidos dentro de los quince años inmediatamente anteriores al momento de causar el derecho.","Quince años, sin que, a tales efectos, se tenga en cuenta la parte proporcional por pagas extraordinarias.",S10,10,Temario específico Seguridad Social,"Jubilación en la modalidad contributiva: concepto. Jubilación ordinaria: requisitos: especial referencia a la edad de jubilación. Determinación de la cuantía de la prestación: base reguladora y porcentaje. Jubilación anticipada, jubilación parcial y jubilación flexible. Compatibilidad de la pensión de jubilación y el trabajo. Suspensión y extinción de la prestación. Especial referencia a la aplicación de la normativa anterior a la Ley 27/2011.",jubilación anticipada,texto refundido de la Ley General de la Seguridad Social,,Requisitos,Media,jubilación anticipada,,,No,Teórico,A,A,Válida,01. Información oficial de la oposición\Exámenes oficiales anteriores\2025 Convocatoria 2024 - Examen extraordinario acceso libre.pdf,https://www.seg-social.es/wps/portal/wss/internet/InformacionUtil/9950/88beb45d-ca83-4bab-8162-f94ef2894562/7e46efac-32c8-4cf6-b3d3-d592c3560dff/rdpi_administrativos_2024,Texto PDF,100,Alta,Regla jurídica determinista,2025_conv2024_extraordinario-T55,1.0
2025_conv2024_extraordinario-T56,2025,2024,2025-10-26,Acceso libre,Primera parte,Extraordinario,Único,Sí,Cuestionario extraordinario sin modelo paralelo.,56,No,"Según el art ículo 205 del texto refundido de la Ley General de la Seguridad Social, a efectos del cómputo de los años cotizados para tener derecho a la pensión de jubilación en su modalidad contributiva:",No se tendrá en cuenta la parte proporcional correspondiente a las pagas extraordinarias.,Se tendrá en cuenta la parte proporcional correspondiente a las pagas extraordinarias.,Sólo se tendrá en cuenta la parte proporcional correspondiente a las pagas extraordinarias de los quince años inmediatamente anteriores al momento de causar el derecho.,Sólo se tendrá en cuenta la parte proporcional correspondiente a las pagas extraordinarias de los dos años inmediatamente anteriores al momento de causar el derecho.,S10,10,Temario específico Seguridad Social,"Jubilación en la modalidad contributiva: concepto. Jubilación ordinaria: requisitos: especial referencia a la edad de jubilación. Determinación de la cuantía de la prestación: base reguladora y porcentaje. Jubilación anticipada, jubilación parcial y jubilación flexible. Compatibilidad de la pensión de jubilación y el trabajo. Suspensión y extinción de la prestación. Especial referencia a la aplicación de la normativa anterior a la Ley 27/2011.",jubilación,texto refundido de la Ley General de la Seguridad Social,,Jubilación,Media,jubilación,,,No,Teórico,A,A,Válida,01. Información oficial de la oposición\Exámenes oficiales anteriores\2025 Convocatoria 2024 - Examen extraordinario acceso libre.pdf,https://www.seg-social.es/wps/portal/wss/internet/InformacionUtil/9950/88beb45d-ca83-4bab-8162-f94ef2894562/7e46efac-32c8-4cf6-b3d3-d592c3560dff/rdpi_administrativos_2024,Texto PDF,100,Alta,Regla jurídica determinista,2025_conv2024_extraordinario-T56,1.0
2025_conv2024_extraordinario-T57,2025,2024,2025-10-26,Acceso libre,Primera parte,Extraordinario,Único,Sí,Cuestionario extraordinario sin modelo paralelo.,57,No,"De acuerdo con el artículo 217 del texto refundido de la Ley General de la Seguridad Social deberá probarse que la muerte ha ocurrido por accidente de trabajo o enfermedad profesional, salvo que tuvieran ya reconocido los causantes una incapacidad permanente absoluta o gran invalidez. Dicha prueba solo se admitirá:","En caso de accidente de trabajo y enfermedad profesional , si el fallecimiento hubiera ocurrido dentro de los cinco años siguientes a la fecha del hecho causante.","En caso de accidente de trabajo , si el fallecimiento hubiera ocurrido dentro de los cinco años siguientes a la fecha del accidente. En caso de enfermedad profesional se admitirá tal prueba cualquiera que sea el tiempo transcurrido.","En caso de accidente de trabajo , si el fallecimiento hubiera ocurrido dentro de los diez años siguientes a la fecha del accidente. En caso de enfermedad profesional se admitirá tal prueba cualquiera que sea el tiempo transcurrido","En caso de accidente de trabajo y enfermedad profesional , si el fallecimiento hubiera ocurrido dentro de los diez años siguientes a la fecha del hecho causante.",S11,11,Temario específico Seguridad Social,"La protección por muerte y supervivencia. Hecho causante. Requisitos para las prestaciones de viudedad, orfandad y en favor de familiares. Cuantía de las prestaciones. Compatibilidad. Suspensión y Extinción. Normas específicas en caso de muerte derivada de accidente de trabajo o enfermedad profesional. Efectividad económica de las prestaciones. El auxilio por defunción.",incapacidad permanente,texto refundido de la Ley General de la Seguridad Social,217,Muerte y supervivencia,Alta,incapacidad permanente,,,Sí,Teórico,B,B,Válida,01. Información oficial de la oposición\Exámenes oficiales anteriores\2025 Convocatoria 2024 - Examen extraordinario acceso libre.pdf,https://www.seg-social.es/wps/portal/wss/internet/InformacionUtil/9950/88beb45d-ca83-4bab-8162-f94ef2894562/7e46efac-32c8-4cf6-b3d3-d592c3560dff/rdpi_administrativos_2024,Texto PDF,100,Alta,Revisión jurídica individual,2025_conv2024_extraordinario-T57,1.0
2025_conv2024_extraordinario-T58,2025,2024,2025-10-26,Acceso libre,Primera parte,Extraordinario,Único,Sí,Cuestionario extraordinario sin modelo paralelo.,58,No,"En relación con la efectividad económica de las prestaciones por muerte y supervivencia, en el fallecimiento de pensionistas de jubilación e incapacidad permanente, en la modalidad contributiva los efectos económicos se producen a partir:",El día siguiente a aquel en que haya ocurrido el fallecimiento siempre que se haya solicitado en el plazo de tres meses desde el fallecimiento.,El día primero del mes siguiente en que haya ocurrido el fallecimiento siempre que se haya solicitado en el plazo de seis meses desde el fallecimiento.,El día siguiente a aquel en que haya ocurrido el fallecimiento siempre que se haya solicitado en el plazo de seis meses desde el fallecimiento.,El día primero del mes siguiente en que haya ocurrido el fallecimiento siempre que se haya solicitado en el plazo de tres meses desde el fallecimiento.,S11,11,Temario específico Seguridad Social,"La protección por muerte y supervivencia. Hecho causante. Requisitos para las prestaciones de viudedad, orfandad y en favor de familiares. Cuantía de las prestaciones. Compatibilidad. Suspensión y Extinción. Normas específicas en caso de muerte derivada de accidente de trabajo o enfermedad profesional. Efectividad económica de las prestaciones. El auxilio por defunción.",incapacidad permanente,,,Muerte y supervivencia,Media,incapacidad permanente,,,No,Teórico,D,D,Válida,01. Información oficial de la oposición\Exámenes oficiales anteriores\2025 Convocatoria 2024 - Examen extraordinario acceso libre.pdf,https://www.seg-social.es/wps/portal/wss/internet/InformacionUtil/9950/88beb45d-ca83-4bab-8162-f94ef2894562/7e46efac-32c8-4cf6-b3d3-d592c3560dff/rdpi_administrativos_2024,Texto PDF,100,Alta,Revisión jurídica individual,2025_conv2024_extraordinario-T58,1.0
2025_conv2024_extraordinario-T59,2025,2024,2025-10-26,Acceso libre,Primera parte,Extraordinario,Único,Sí,Cuestionario extraordinario sin modelo paralelo.,59,No,El artículo 229 del texto refundido de la Ley General de la Seguridad Social establece un orden de preferencia para las pensiones en favor de otros familiares. ¿A quién le corresponde en primer lugar de los siguientes grupos de personas?,Hijos y hermanos del titular de una pensión contributiva de jubilación o incapacidad permanente mayores de cuarenta y cinco años y que reúnan los demás requisitos establecidos.,Padre y madre del causante.,"Nietos y hermanos del causante, menores de dieciocho años o mayores incapacitados.",Abuelos y abuelas del causante.,S11,11,Temario específico Seguridad Social,"La protección por muerte y supervivencia. Hecho causante. Requisitos para las prestaciones de viudedad, orfandad y en favor de familiares. Cuantía de las prestaciones. Compatibilidad. Suspensión y Extinción. Normas específicas en caso de muerte derivada de accidente de trabajo o enfermedad profesional. Efectividad económica de las prestaciones. El auxilio por defunción.",S11,texto refundido de la Ley General de la Seguridad Social,229,Muerte y supervivencia,Media,S11,,,No,Teórico,C,C,Válida,01. Información oficial de la oposición\Exámenes oficiales anteriores\2025 Convocatoria 2024 - Examen extraordinario acceso libre.pdf,https://www.seg-social.es/wps/portal/wss/internet/InformacionUtil/9950/88beb45d-ca83-4bab-8162-f94ef2894562/7e46efac-32c8-4cf6-b3d3-d592c3560dff/rdpi_administrativos_2024,Texto PDF,100,Alta,Regla jurídica determinista,2025_conv2024_extraordinario-T59,1.0
2025_conv2024_extraordinario-T60,2025,2024,2025-10-26,Acceso libre,Primera parte,Extraordinario,Único,Sí,Cuestionario extraordinario sin modelo paralelo.,60,No,"Conforme a lo establecido en el artículo 18 de la Ley 19/2021, de 20 de diciembre, por la que se establece el ingreso mínimo vital, el derecho al ingreso mínimo vital se extinguirá por:","Incumplimiento reiterado de las condiciones asociadas a la compatibilidad del ingreso mínimo vital con las rentas del trabajo o la actividad económica por cuenta propia a que se refiere el artículo 11.4, de acuerdo con lo que se establezca reglamentariamente.","Salida del territorio nacional sin comunicación ni justificación a la entidad gestora durante un periodo, continuado o no, superior a noventa días hábiles al año.","Incumplimiento eventual por parte de la persona beneficiaria, del titular o de algún miembro de su unidad de convivencia de las obligaciones asumidas al acceder a la prestación.",Por suspensión de la prestación por un periodo superior a seis meses en los términos del artículo 17.2.,S12,12,Temario específico Seguridad Social,"Prestaciones no contributivas y asistenciales. El ingreso mínimo vital: beneficiarios, requisitos y duración. Obligaciones de las personas beneficiarias. Cuantía, pago, reintegro de prestaciones indebidas. Prestaciones familiares múltiples. Prestaciones familiares en la modalidad contributiva. Las pensiones no contributivas: Invalidez no contributiva: Jubilación no contributiva.",ingreso mínimo vital,Ley 19/2021,18,Prestaciones no contributivas,Media,ingreso mínimo vital,,,No,Teórico,A,A,Válida,01. Información oficial de la oposición\Exámenes oficiales anteriores\2025 Convocatoria 2024 - Examen extraordinario acceso libre.pdf,https://www.seg-social.es/wps/portal/wss/internet/InformacionUtil/9950/88beb45d-ca83-4bab-8162-f94ef2894562/7e46efac-32c8-4cf6-b3d3-d592c3560dff/rdpi_administrativos_2024,Texto PDF,100,Alta,Regla jurídica determinista,2025_conv2024_extraordinario-T60,1.0
2025_conv2024_extraordinario-T61,2025,2024,2025-10-26,Acceso libre,Primera parte,Extraordinario,Único,Sí,Cuestionario extraordinario sin modelo paralelo.,61,No,"Indique cuál de los siguientes conceptos NO se exceptúa del cómputo de rentas, de acuerdo con el artículo 20 de Ley 19/2021, de 20 de diciembre, por la que se establece el ingreso mínimo vital:","Las ayudas para el estudio y las ayudas de vivienda, tanto por alquiler como para adquisición.","El importe de las pensiones y prestaciones, contributivas o no contributivas, públicas o privadas.","Para la persona obligada al abono, la pensión de alimentos en favor de los hijos que deba ser satisfecha de conformidad con lo previsto en artículo 93 del Código Civil, siempre que se haya producido el pago de la misma.","El subsidio no contributivo por desempleo, cuando a la fecha de solicitud de la prestación se hubiera extinguido.",S12,12,Temario específico Seguridad Social,"Prestaciones no contributivas y asistenciales. El ingreso mínimo vital: beneficiarios, requisitos y duración. Obligaciones de las personas beneficiarias. Cuantía, pago, reintegro de prestaciones indebidas. Prestaciones familiares múltiples. Prestaciones familiares en la modalidad contributiva. Las pensiones no contributivas: Invalidez no contributiva: Jubilación no contributiva.",ingreso mínimo vital,Ley 19/2021,20,Definiciones,Media,ingreso mínimo vital,,,No,Teórico,B,B,Válida,01. Información oficial de la oposición\Exámenes oficiales anteriores\2025 Convocatoria 2024 - Examen extraordinario acceso libre.pdf,https://www.seg-social.es/wps/portal/wss/internet/InformacionUtil/9950/88beb45d-ca83-4bab-8162-f94ef2894562/7e46efac-32c8-4cf6-b3d3-d592c3560dff/rdpi_administrativos_2024,Texto PDF,100,Alta,Regla jurídica determinista,2025_conv2024_extraordinario-T61,1.0
2025_conv2024_extraordinario-T62,2025,2024,2025-10-26,Acceso libre,Primera parte,Extraordinario,Único,Sí,Cuestionario extraordinario sin modelo paralelo.,62,No,"Indique la afirmación correcta respecto a las revisiones del grado de minusvalía o enfermedad crónica en caso de invalidez, regulado en artículo 5 del Real Decreto Real Decreto 357/1991, de 15 de marzo, por el que se desarrolla, en materia de pensiones no contributivas, la Ley 26/1990, de 20 de diciembre, por la que se establecen en la Seguridad Social prestaciones no contributivas:","El grado de minusvalía o enfermedad crónica será revisable, en tanto que el beneficiario no haya cumplido los sesenta años.","Si como consecuencia de la revisión se reduce el grado inicialmente reconocido, los efectos económicos de la revisión tendrán lugar desde el día 1 del mes siguiente al que se haya dictado la resolución.","La primera revisión del grado de minusvalía o enfermedad crónica podrá instarse, por parte del interesado, una vez que hayan transcurrido un año desde la fecha en que se haya reconocido dicho grado.","Si como consecuencia de la revisión se incrementa el grado de minusvalía inicialmente reconocido, los efectos económicos de la revisión tendrán lugar desde el día 1 del mes siguiente a la resolución administrativa. Si la revisión se hubiera producido de oficio, los efectos económicos serán desde el día siguiente al que se emitió el dictamen por el equipo de valoración y orientación.",S12,12,Temario específico Seguridad Social,"Prestaciones no contributivas y asistenciales. El ingreso mínimo vital: beneficiarios, requisitos y duración. Obligaciones de las personas beneficiarias. Cuantía, pago, reintegro de prestaciones indebidas. Prestaciones familiares múltiples. Prestaciones familiares en la modalidad contributiva. Las pensiones no contributivas: Invalidez no contributiva: Jubilación no contributiva.",S12,Ley 26/1990,5,Prestaciones no contributivas,Alta,S12,,,No,Teórico,B,B,Válida,01. Información oficial de la oposición\Exámenes oficiales anteriores\2025 Convocatoria 2024 - Examen extraordinario acceso libre.pdf,https://www.seg-social.es/wps/portal/wss/internet/InformacionUtil/9950/88beb45d-ca83-4bab-8162-f94ef2894562/7e46efac-32c8-4cf6-b3d3-d592c3560dff/rdpi_administrativos_2024,Texto PDF,100,Alta,Regla jurídica determinista,2025_conv2024_extraordinario-T62,1.0
2025_conv2024_extraordinario-T63,2025,2024,2025-10-26,Acceso libre,Primera parte,Extraordinario,Único,Sí,Cuestionario extraordinario sin modelo paralelo.,63,No,"De acuerdo con el artículo 3 del Real Decreto 8/2008, de 11 de enero, por el que se regula la prestación por razón de necesidad a favor de los españoles residentes en el exterior y retornados, será un requisito para acceder a la prestación por razón de nec esidad a favor de los españoles residentes en el exterior:","Haber cumplido sesenta años en la fecha de la solicitud de la prestación económica por ancianidad o para la prestación económica de incapacidad, ser mayor de dieciocho y menor de sesenta años y estar en situación de incapacidad permanente en grado de total o absoluta.","No haber donado bienes en los tres años anteriores a la solicitud de la prestación económica, por un valor patrimonial superior a la cuantía establecida en la base cálculo de la prestación económica correspondiente al país de residencia, valorándose dicho s bienes según las normas establecidas para el impuesto que lo grave.","No pertenecer a institutos, comunidades, órdenes y organizaciones que, por sus reglas o estatutos estén obligados a prestarles asistencia.","Haber residido al menos 10 años en un país donde la precariedad del sistema de protección social justifique la necesidad de esta prestación, debidamente acreditada mediante informe de la Consejería de Trabajo y Asuntos Sociales, de acuerdo con los parámet ros de evaluación establecidos por la Dirección General de Emigración.",S12,12,Temario específico Seguridad Social,"Prestaciones no contributivas y asistenciales. El ingreso mínimo vital: beneficiarios, requisitos y duración. Obligaciones de las personas beneficiarias. Cuantía, pago, reintegro de prestaciones indebidas. Prestaciones familiares múltiples. Prestaciones familiares en la modalidad contributiva. Las pensiones no contributivas: Invalidez no contributiva: Jubilación no contributiva.",S12,Real Decreto 8/2008,3,Requisitos,Media,S12,,,No,Teórico,C,C,Válida,01. Información oficial de la oposición\Exámenes oficiales anteriores\2025 Convocatoria 2024 - Examen extraordinario acceso libre.pdf,https://www.seg-social.es/wps/portal/wss/internet/InformacionUtil/9950/88beb45d-ca83-4bab-8162-f94ef2894562/7e46efac-32c8-4cf6-b3d3-d592c3560dff/rdpi_administrativos_2024,Texto PDF,100,Alta,Regla jurídica determinista,2025_conv2024_extraordinario-T63,1.0
2025_conv2024_extraordinario-T64,2025,2024,2025-10-26,Acceso libre,Primera parte,Extraordinario,Único,Sí,Cuestionario extraordinario sin modelo paralelo.,64,No,"De acuerdo con lo establecido en el artículo 14 de la Ley 19/2021, de 20 de diciembre, por la que se establece el ingreso mínimo vital, el derecho a la prestación nacerá:",A partir del primer día del mes siguiente al de la fecha de presentación de la solicitud.,A partir del día siguiente a la fecha de la resolución estimatoria.,A partir del primer día del mes siguiente a la fecha de la resolución estimatoria.,A partir del día siguiente a la fecha de presentación de la solicitud.,S12,12,Temario específico Seguridad Social,"Prestaciones no contributivas y asistenciales. El ingreso mínimo vital: beneficiarios, requisitos y duración. Obligaciones de las personas beneficiarias. Cuantía, pago, reintegro de prestaciones indebidas. Prestaciones familiares múltiples. Prestaciones familiares en la modalidad contributiva. Las pensiones no contributivas: Invalidez no contributiva: Jubilación no contributiva.",ingreso mínimo vital,Ley 19/2021,14,Personas beneficiarias,Media,ingreso mínimo vital,,,No,Teórico,A,A,Válida,01. Información oficial de la oposición\Exámenes oficiales anteriores\2025 Convocatoria 2024 - Examen extraordinario acceso libre.pdf,https://www.seg-social.es/wps/portal/wss/internet/InformacionUtil/9950/88beb45d-ca83-4bab-8162-f94ef2894562/7e46efac-32c8-4cf6-b3d3-d592c3560dff/rdpi_administrativos_2024,Texto PDF,100,Alta,Regla jurídica determinista,2025_conv2024_extraordinario-T64,1.0
2025_conv2024_extraordinario-T65,2025,2024,2025-10-26,Acceso libre,Primera parte,Extraordinario,Único,Sí,Cuestionario extraordinario sin modelo paralelo.,65,No,"En relación con la apertura de cuentas corrientes recogida en el artículo 10 del Real Decreto 696/2018, de 29 de junio, por el que se aprueba el Reglamento general de la gestión financiera de la Seguridad Social:","La autorización de apertura de la cuenta caducará si, transcurrido un mes desde su emisión, no se hubiera adjudicado el contrato.","La autorización de apertura de la cuenta caducará si, transcurridos tres meses desde su emisión, no se hubiera adjudicado el contrato.","La autorización de apertura de la cuenta caducará si, transcurridos seis meses desde su emisión, no se hubiera adjudicado el contrato.","La autorización de apertura de la cuenta caducará si, transcurrido veinte días desde su emisión, no se hubiera adjudicado el contrato.",S13,13,Temario específico Seguridad Social,"Recursos generales del sistema de la Seguridad Social. El patrimonio único de la seguridad social: titularidad, adscripción, administración y custodia. Los negocios jurídicos patrimoniales: adquisición, enajenación, arrendamiento y cesión. El Fondo de Reserva de la Seguridad Social: constitución, dotación y disposición. Gestión de los recursos financieros: atribución de funciones. Pago de prestaciones de la Seguridad Social.",S13,Real Decreto 696/2018,10,Artículos literales,Media,S13,,,No,Teórico,C,C,Válida,01. Información oficial de la oposición\Exámenes oficiales anteriores\2025 Convocatoria 2024 - Examen extraordinario acceso libre.pdf,https://www.seg-social.es/wps/portal/wss/internet/InformacionUtil/9950/88beb45d-ca83-4bab-8162-f94ef2894562/7e46efac-32c8-4cf6-b3d3-d592c3560dff/rdpi_administrativos_2024,Texto PDF,100,Alta,Regla jurídica determinista,2025_conv2024_extraordinario-T65,1.0
2025_conv2024_extraordinario-T66,2025,2024,2025-10-26,Acceso libre,Primera parte,Extraordinario,Único,Sí,Cuestionario extraordinario sin modelo paralelo.,66,No,"En relación con el procedimiento general para la adquisición de bienes inmuebles recogido en el artículo 9 del Real Decreto 1221/1992, de 9 de octubre, sobre el patrimonio de la Seguridad Social:","Las adquisiciones de inmuebles a título oneroso se efectuarán por la Tesorería General de la Seguridad Social, cualquiera que sea el valor de los bienes, y tendrán lugar mediante concurso público.","Las adquisiciones de inmuebles a título oneroso se efectuarán por la Entidad Gestora correspondiente en cada caso, cualquiera que sea el valor de los bienes, y tendrán lugar mediante concurso público.","Las adquisiciones de inmuebles a título oneroso se efectuarán por la Dirección General de Ordenación de la Seguridad Social, cualquiera que sea el valor de los bienes, y tendrán lugar mediante concurso público.","Las adquisiciones de inmuebles a título oneroso se efectuarán por la Tesorería General de la Seguridad Social, previo informe favorable de la Dirección General de Ordenación de la Seguridad Social, cualquiera que sea el valor de los bienes, y tendrán lugar mediante concurso público.",S13,13,Temario específico Seguridad Social,"Recursos generales del sistema de la Seguridad Social. El patrimonio único de la seguridad social: titularidad, adscripción, administración y custodia. Los negocios jurídicos patrimoniales: adquisición, enajenación, arrendamiento y cesión. El Fondo de Reserva de la Seguridad Social: constitución, dotación y disposición. Gestión de los recursos financieros: atribución de funciones. Pago de prestaciones de la Seguridad Social.",S13,Real Decreto 1221/1992,9,Procedimientos,Media,S13,,,No,Teórico,A,A,Válida,01. Información oficial de la oposición\Exámenes oficiales anteriores\2025 Convocatoria 2024 - Examen extraordinario acceso libre.pdf,https://www.seg-social.es/wps/portal/wss/internet/InformacionUtil/9950/88beb45d-ca83-4bab-8162-f94ef2894562/7e46efac-32c8-4cf6-b3d3-d592c3560dff/rdpi_administrativos_2024,Texto PDF,17,Alta,Ponderación de palabras clave,2025_conv2024_extraordinario-T66,1.0
2025_conv2024_extraordinario-T67,2025,2024,2025-10-26,Acceso libre,Primera parte,Extraordinario,Único,Sí,Cuestionario extraordinario sin modelo paralelo.,67,No,"De conformidad con el artículo 14 del Real Decreto 696/2018, de 29 de junio, por el que se aprueba el Reglamento general de la gestión financiera de la Seguridad Social, corresponde ejercer la función de Tesorero General y Ordenador General de Pagos de la Seguridad Social, bajo la autoridad del Ministerio de Inclusión, Seguridad Social y Migraciones:",A la persona que ostente la titularidad de la Dirección General del Instituto Nacional de la Seguridad Social.,A la persona que ostente la titularidad de la Dirección General de Ordenación de la Administración de la Seguridad Social.,A la persona que ostente la titularidad de la Dirección General de la Tesorería General de la Seguridad Social.,A la persona que ostente la titularidad de la Dirección General de la Intervención General de la Seguridad Social.,S13,13,Temario específico Seguridad Social,"Recursos generales del sistema de la Seguridad Social. El patrimonio único de la seguridad social: titularidad, adscripción, administración y custodia. Los negocios jurídicos patrimoniales: adquisición, enajenación, arrendamiento y cesión. El Fondo de Reserva de la Seguridad Social: constitución, dotación y disposición. Gestión de los recursos financieros: atribución de funciones. Pago de prestaciones de la Seguridad Social.",S13,Real Decreto 696/2018,14,Artículos literales,Alta,S13,,,No,Teórico,C,C,Válida,01. Información oficial de la oposición\Exámenes oficiales anteriores\2025 Convocatoria 2024 - Examen extraordinario acceso libre.pdf,https://www.seg-social.es/wps/portal/wss/internet/InformacionUtil/9950/88beb45d-ca83-4bab-8162-f94ef2894562/7e46efac-32c8-4cf6-b3d3-d592c3560dff/rdpi_administrativos_2024,Texto PDF,100,Alta,Regla jurídica determinista,2025_conv2024_extraordinario-T67,1.0
2025_conv2024_extraordinario-T68,2025,2024,2025-10-26,Acceso libre,Primera parte,Extraordinario,Único,Sí,Cuestionario extraordinario sin modelo paralelo.,68,No,"En relación con los bienes y derechos del patrimonio de la Seguridad Social , el artículo 6 del Real Decreto 1221/1992, de 9 de octubre, sobre el patrimonio de la Seguridad Social, establece que :","Son inembargables y ningún Tribunal ni Autoridad Administrativa podrá dictar providencia de embargo, ni despachar mandamientos de ejecución contra los mismos.","Tienen naturaleza inembargable, pero sí se pueden embargar las rentas, frutos o productos que deriven de los mismos.","Se pueden embargar, si así lo establece una sentencia judicial firme.","Los bienes del patrimonio de la Seguridad Social se pueden embargar, si así lo establece una sentencia judicial firme, pero los derechos del patrimonio de la Seguridad Social tienen naturaleza inembargable.",S13,13,Temario específico Seguridad Social,"Recursos generales del sistema de la Seguridad Social. El patrimonio único de la seguridad social: titularidad, adscripción, administración y custodia. Los negocios jurídicos patrimoniales: adquisición, enajenación, arrendamiento y cesión. El Fondo de Reserva de la Seguridad Social: constitución, dotación y disposición. Gestión de los recursos financieros: atribución de funciones. Pago de prestaciones de la Seguridad Social.",S13,Real Decreto 1221/1992,6,Artículos literales,Media,S13,,,No,Teórico,A,A,Válida,01. Información oficial de la oposición\Exámenes oficiales anteriores\2025 Convocatoria 2024 - Examen extraordinario acceso libre.pdf,https://www.seg-social.es/wps/portal/wss/internet/InformacionUtil/9950/88beb45d-ca83-4bab-8162-f94ef2894562/7e46efac-32c8-4cf6-b3d3-d592c3560dff/rdpi_administrativos_2024,Texto PDF,12,Alta,Ponderación de palabras clave,2025_conv2024_extraordinario-T68,1.0
2025_conv2024_extraordinario-T69,2025,2024,2025-10-26,Acceso libre,Primera parte,Extraordinario,Único,Sí,Cuestionario extraordinario sin modelo paralelo.,69,No,"El artículo 107 del texto refundido de la Ley General de la Seguridad Social, e n relación con el arrendamiento y cesión de los bienes inmuebles del patrimonio de la Seguridad Social , establece que:",Se concertarán siempre mediante concurso público.,"Se concertarán mediante concurso público, salvo en aquellos casos en que, a juicio del Ministerio Inclusión, Seguridad Social y Migraciones, sea necesario o conveniente concertarlos de modo directo.","Se concertarán bien mediante concurso público o bien de modo directo, en función de la naturaleza de los mismos.",No se puede proceder a la cesión o arrendamiento de los mismos.,S13,13,Temario específico Seguridad Social,"Recursos generales del sistema de la Seguridad Social. El patrimonio único de la seguridad social: titularidad, adscripción, administración y custodia. Los negocios jurídicos patrimoniales: adquisición, enajenación, arrendamiento y cesión. El Fondo de Reserva de la Seguridad Social: constitución, dotación y disposición. Gestión de los recursos financieros: atribución de funciones. Pago de prestaciones de la Seguridad Social.",S13,texto refundido de la Ley General de la Seguridad Social,107,Artículos literales,Media,S13,,,No,Teórico,B,B,Válida,01. Información oficial de la oposición\Exámenes oficiales anteriores\2025 Convocatoria 2024 - Examen extraordinario acceso libre.pdf,https://www.seg-social.es/wps/portal/wss/internet/InformacionUtil/9950/88beb45d-ca83-4bab-8162-f94ef2894562/7e46efac-32c8-4cf6-b3d3-d592c3560dff/rdpi_administrativos_2024,Texto PDF,100,Alta,Regla jurídica determinista,2025_conv2024_extraordinario-T69,1.0
2025_conv2024_extraordinario-T70,2025,2024,2025-10-26,Acceso libre,Primera parte,Extraordinario,Único,Sí,Cuestionario extraordinario sin modelo paralelo.,70,No,"El artículo 111 del Reglamento General de Recaudación de la Seguridad Social, aprobado por el Real Decreto 1415/2004, de 11 de junio, establece que si sobre los bienes embargados existiesen cargas o gravámenes de carácter real, servirá como tipo para la subasta:",La diferencia entre el valor de los bienes y el de las cargas o gravámenes anteriores que sean preferentes al derecho anotado de la Seguridad Social,El valor el de las cargas o gravámenes anteriores que sean preferentes al derecho anotado de la Seguridad Social,El valor de los bienes embargados.,El importe de la deuda.,S06,6,Temario específico Seguridad Social,La recaudación en vía ejecutiva. Normas generales. Iniciación y título ejecutivo. La providencia de apremio. Oposición y efectos. El embargo de bienes. Enajenación de bienes: modalidades. Créditos incobrables. Tercerías.,S06,Real Decreto 1415/2004,111,Recaudación ejecutiva,Media,S06,,,No,Teórico,A,A,Válida,01. Información oficial de la oposición\Exámenes oficiales anteriores\2025 Convocatoria 2024 - Examen extraordinario acceso libre.pdf,https://www.seg-social.es/wps/portal/wss/internet/InformacionUtil/9950/88beb45d-ca83-4bab-8162-f94ef2894562/7e46efac-32c8-4cf6-b3d3-d592c3560dff/rdpi_administrativos_2024,Texto PDF,100,Alta,Regla jurídica determinista,2025_conv2024_extraordinario-T70,1.0
2025_conv2024_extraordinario-T71,2025,2024,2025-10-26,Acceso libre,Primera parte,Extraordinario,Único,Sí,Cuestionario extraordinario sin modelo paralelo.,71,Sí,"De acuerdo con lo fijado en el Capítulo 3, sobre Órganos Consultivos de la Unión, del Tratado de Funcionamiento de la Unión Europea, en relación con el Comité de las Regiones:",Los miembros del Comité no excederá de 325.,"Los miembros del Comité, así como un número igual de suplentes, serán nombrados para un periodo de 5 años, renovables.","El Comité de las Regiones designará de entre sus miembros al Presidente y a la Mesa, por un periodo de 2 años y establecerá su reglamento interno.","Si lo estimaren necesario, el Parlamento Europeo, el Consejo o la Comisión fijaran al Comité un plazo para la presentación de su dictamen, que no podrá ser inferior a 3 meses a partir de la fecha de la notificación que, a tal fin, se curse al Presidente.",G10,10,Temario general,"Las Instituciones de la Unión Europea: El Consejo, el Parlamento Europeo, la Comisión, el Tribunal de Justicia.",G10,Tratado de Funcionamiento de la Unión Europea,,Órganos,Media,G10,,,No,Teórico,B,B,Válida,01. Información oficial de la oposición\Exámenes oficiales anteriores\2025 Convocatoria 2024 - Examen extraordinario acceso libre.pdf,https://www.seg-social.es/wps/portal/wss/internet/InformacionUtil/9950/88beb45d-ca83-4bab-8162-f94ef2894562/7e46efac-32c8-4cf6-b3d3-d592c3560dff/rdpi_administrativos_2024,Texto PDF,100,Alta,Regla jurídica determinista,2025_conv2024_extraordinario-T71,1.0
2025_conv2024_extraordinario-T72,2025,2024,2025-10-26,Acceso libre,Primera parte,Extraordinario,Único,Sí,Cuestionario extraordinario sin modelo paralelo.,72,Sí,"El artículo 129 del Reglamento General de Recaudación de la Seguridad Social aprobado por el Real Decreto 1415/2004, de 11 de junio , establece que la competencia para calificar un crédito como incobrable corresponde a:",El titular de la Dirección General.,El titular de la Subdirección General de Procedimientos Ejecutivos y Especiales de Recaudación,El titular de la Dirección Provincial.,El titular de la Unidad de Recaudación Ejecutiva.,S06,6,Temario específico Seguridad Social,La recaudación en vía ejecutiva. Normas generales. Iniciación y título ejecutivo. La providencia de apremio. Oposición y efectos. El embargo de bienes. Enajenación de bienes: modalidades. Créditos incobrables. Tercerías.,S06,Real Decreto 1415/2004,129,Competencias,Media,S06,,,No,Teórico,C,C,Válida,01. Información oficial de la oposición\Exámenes oficiales anteriores\2025 Convocatoria 2024 - Examen extraordinario acceso libre.pdf,https://www.seg-social.es/wps/portal/wss/internet/InformacionUtil/9950/88beb45d-ca83-4bab-8162-f94ef2894562/7e46efac-32c8-4cf6-b3d3-d592c3560dff/rdpi_administrativos_2024,Texto PDF,100,Alta,Regla jurídica determinista,2025_conv2024_extraordinario-T72,1.0
2025_conv2024_extraordinario-T73,2025,2024,2025-10-26,Acceso libre,Primera parte,Extraordinario,Único,Sí,Cuestionario extraordinario sin modelo paralelo.,73,Sí,"De conformidad con el artículo 21 de la Ley 39/2015, de 1 de octubre, del Procedimiento Administrativo Común de las Administraciones Públicas, que regula la obligación de resolver, señale la respuesta correcta:",La Administración está obligada a dictar resolución expresa y a notificarla únicamente en los procedimientos iniciados de oficio.,"En los supuestos de terminación del procedimiento por pacto o convenio, se exceptúa a la Administración de la obligación de dictar resolución expresa y a notificarla.","El plazo máximo en el que debe notificarse la resolución expresa será el fijado por la norma reguladora del procedimiento, pero no podrá exceder de 3 meses en ningún caso, salvo que una norma con rango de Ley establezca uno mayor.","Cuando las normas reguladoras de los procedimientos no fijen el plazo máximo, éste será de 6 meses.",G16,16,Temario general,El procedimiento administrativo común. La capacidad de obrar y el concepto de interesado. Representación. Identificación y firma de los interesados. Derechos del interesado en el procedimiento administrativo. Obligación de resolver y silencio administrativo. Términos y plazos.,G16,Ley 39/2015,21,Procedimientos,Media,G16,,,No,Teórico,B,B,Válida,01. Información oficial de la oposición\Exámenes oficiales anteriores\2025 Convocatoria 2024 - Examen extraordinario acceso libre.pdf,https://www.seg-social.es/wps/portal/wss/internet/InformacionUtil/9950/88beb45d-ca83-4bab-8162-f94ef2894562/7e46efac-32c8-4cf6-b3d3-d592c3560dff/rdpi_administrativos_2024,Texto PDF,100,Alta,Regla jurídica determinista,2025_conv2024_extraordinario-T73,1.0
2025_conv2024_extraordinario-P01,2025,2024,2025-10-26,Acceso libre,Segunda parte,Extraordinario,Único,Sí,Cuestionario extraordinario sin modelo paralelo.,1,No,"D. Max Estrella, pretende que su hija Claudia le ayude en el negocio, para adquirir experiencia, puesto que es la primera vez que trabaja. Ante esta situación, determine si Claudia puede tener la consideración de trabajadora por cuenta ajena de D. Max Estrella.","No, porque para mayores de 30 años es necesario acreditar una discapacidad física igual o superior al 65 por ciento.","No, porque es mayor de 30 años.","Sí, pero queda excluida de la prestación por desempleo.","No, porque conviven. La empresa “Pica Lagartos, S.L.”, encuadrada en el Régimen General de la Seguridad Social va a incorporar a su plantilla a Dña. Lucía Vero, teniendo intención de comenzar su actividad laboral el día 13 de marzo de 2025. En la empresa, también presta servicios, desde hace dos años, D. Basilio Soulinake que percibió durante el mes de marzo de 2025 un salario base de 1.500 euros, un plus de antigüedad de 300 euros y 600 en concepto de horas extraordinarias debidas a fuerza m ayor; tiene derecho a dos pagas extraordinarias de una mensualidad del salario base y el plus de antigüedad cada una.",S02,2,Temario específico Seguridad Social,"Campo de aplicación y composición del sistema de la Seguridad Social. Régimen general: ámbito subjetivo de aplicación, inclusiones y exclusiones. Regímenes especiales: enumeración, características generales, altas, bajas y cotización. Particularidades de la acción protectora. Sistemas especiales: enumeración y características generales. Altas, bajas y cotización. Particularidades de la acción protectora.",S02,,,Artículos literales,Alta,S02,,,No,Práctico,C,C,Válida,01. Información oficial de la oposición\Exámenes oficiales anteriores\2025 Convocatoria 2024 - Examen extraordinario acceso libre.pdf,https://www.seg-social.es/wps/portal/wss/internet/InformacionUtil/9950/88beb45d-ca83-4bab-8162-f94ef2894562/7e46efac-32c8-4cf6-b3d3-d592c3560dff/rdpi_administrativos_2024,Texto PDF,100,Alta,Revisión jurídica individual,2025_conv2024_extraordinario-P01,1.0
2025_conv2024_extraordinario-P02,2025,2024,2025-10-26,Acceso libre,Segunda parte,Extraordinario,Único,Sí,Cuestionario extraordinario sin modelo paralelo.,2,No,"En relación con la incorporación de Dña. Luc ía Vero a la empresa “Pica Lagartos, S.L.”, indique si la empresa puede solicitar su alta el día 14 de febrero de 2025, para que sea efectiva el día 13 de marzo de 2025.","Sí, porque obligatoriamente se tienen que presentar las altas en los 30 días laborales anteriores a la fecha prevista.","Sí, se encuentra dentro de los 60 días naturales anteriores a la fecha prevista.","No, porque únicamente se pueden presentar las altas en los seis días naturales inmediatamente anteriores a la fecha prevista.","No, el plazo de presentación de las altas es de los seis días naturales posteriores a la fecha de inicio de la actividad laboral.",S03,3,Temario específico Seguridad Social,Normas sobre afiliación. Altas y bajas en el régimen general. Procedimiento y efectos. El convenio especial y otras situaciones asimiladas a la del alta. Encuadramiento e inscripción.,alta,,,"Afiliación, altas y bajas",Alta,alta,,,No,Práctico,B,B,Válida,01. Información oficial de la oposición\Exámenes oficiales anteriores\2025 Convocatoria 2024 - Examen extraordinario acceso libre.pdf,https://www.seg-social.es/wps/portal/wss/internet/InformacionUtil/9950/88beb45d-ca83-4bab-8162-f94ef2894562/7e46efac-32c8-4cf6-b3d3-d592c3560dff/rdpi_administrativos_2024,Texto PDF,7,Media,Ponderación de palabras clave,2025_conv2024_extraordinario-P02,1.0
2025_conv2024_extraordinario-P03,2025,2024,2025-10-26,Acceso libre,Segunda parte,Extraordinario,Único,Sí,Cuestionario extraordinario sin modelo paralelo.,3,No,Señale cuál es el importe de la base de cotización a efectos de accidente de trabajo y enfermedades profesionales del mes de marzo de 2025 de D. Basilio Soulinake.,2.400 euros.,2.100 euros.,2.700 euros.,"2.800 euros. D. Max Estrella solicita el 30 de abril de 2025 la modificación de su base de cotización al Régimen Especial de Trabajadores por Cuenta Propia o Autónomos, para ajustarla a sus rendimientos económicos netos anuales.",S04,4,Temario específico Seguridad Social,La cotización a la Seguridad Social: normas comunes del sistema. La liquidación de cuotas. El régimen general de la Seguridad Social. Supuestos especiales. Bases y tipos de cotización. Liquidación de otras deudas.,base de cotización,,,Cálculos,Alta,base de cotización,,,No,Práctico,C,C,Válida,01. Información oficial de la oposición\Exámenes oficiales anteriores\2025 Convocatoria 2024 - Examen extraordinario acceso libre.pdf,https://www.seg-social.es/wps/portal/wss/internet/InformacionUtil/9950/88beb45d-ca83-4bab-8162-f94ef2894562/7e46efac-32c8-4cf6-b3d3-d592c3560dff/rdpi_administrativos_2024,Texto PDF,100,Alta,Regla jurídica determinista,2025_conv2024_extraordinario-P03,1.0
2025_conv2024_extraordinario-P04,2025,2024,2025-10-26,Acceso libre,Segunda parte,Extraordinario,Único,Sí,Cuestionario extraordinario sin modelo paralelo.,4,No,"Determine cu ándo surtirá efectos el cambio en la base de cotización del Régimen Especial de Trabajadores por Cuenta Propia o Autónomos, solicitado por D. Max Estrella el día 30 de abril de 2025.",1 de mayo de 2025.,1 de julio de 2025.,1 de junio de 2025.,"1 de septiembre de 2025. En el año 2024, en concreto el día 21 de noviembre, D. Max Estrella recibió una reclamación de deuda, por importe de 3.500 euros de principal, por la que se le instaba al pago del importe de la prestación extraordinaria por cese de actividad que había perc ibido durante la pandemia por el COVID al amparo de los diversos reales decretos leyes que se publicaron. En el plazo reglamentario de ingreso, solicita el fraccionamiento en diversos pagos de la deuda.",S04,4,Temario específico Seguridad Social,La cotización a la Seguridad Social: normas comunes del sistema. La liquidación de cuotas. El régimen general de la Seguridad Social. Supuestos especiales. Bases y tipos de cotización. Liquidación de otras deudas.,base de cotización,,,Cotización,Alta,base de cotización,,,No,Práctico,A,A,Válida,01. Información oficial de la oposición\Exámenes oficiales anteriores\2025 Convocatoria 2024 - Examen extraordinario acceso libre.pdf,https://www.seg-social.es/wps/portal/wss/internet/InformacionUtil/9950/88beb45d-ca83-4bab-8162-f94ef2894562/7e46efac-32c8-4cf6-b3d3-d592c3560dff/rdpi_administrativos_2024,Texto PDF,100,Alta,Regla jurídica determinista,2025_conv2024_extraordinario-P04,1.0
2025_conv2024_extraordinario-P05,2025,2024,2025-10-26,Acceso libre,Segunda parte,Extraordinario,Único,Sí,Cuestionario extraordinario sin modelo paralelo.,5,No,Establezca cuál es el plazo reglamentario de ingreso de la reclamación de deuda recibida por D. Max Estrella el día 21 de noviembre de 2024.,20 de diciembre de 2024.,31 de diciembre de 2024.,5 de diciembre de 2024.,30 de diciembre de 2024.,S05,5,Temario específico Seguridad Social,"La gestión recaudatoria: concepto, competencia y objeto. Responsables del pago. Requisitos para el pago. Medios de pago. Control de recaudación. Revisión de los actos de gestión recaudatoria. La recaudación en periodo voluntario. Efectos de la falta de cotización en período reglamentario. Recaudación de otros recursos. Aplazamientos. Devolución de ingresos indebidos. Capital coste de pensiones.",S05,,,Plazos,Alta,S05,,,No,Práctico,B,B,Válida,01. Información oficial de la oposición\Exámenes oficiales anteriores\2025 Convocatoria 2024 - Examen extraordinario acceso libre.pdf,https://www.seg-social.es/wps/portal/wss/internet/InformacionUtil/9950/88beb45d-ca83-4bab-8162-f94ef2894562/7e46efac-32c8-4cf6-b3d3-d592c3560dff/rdpi_administrativos_2024,Texto PDF,100,Alta,Regla jurídica determinista,2025_conv2024_extraordinario-P05,1.0
2025_conv2024_extraordinario-P06,2025,2024,2025-10-26,Acceso libre,Segunda parte,Extraordinario,Único,Sí,Cuestionario extraordinario sin modelo paralelo.,6,No,Señale el número máximo de plazos en que podrá fraccionar el pago de la reclamación de deuda recibida por D. Max Estrella el 21 de noviembre de 2024.,60 plazos.,Según sus ingresos hasta un máximo de 4 años.,30 plazos.,"35 plazos. D. Max Estrella deja de abonar tres mensualidades consecutivas (febrero, marzo y abril) y por tanto se expide la correspondiente providencia de apremio, que es recibida el día 29 de mayo de 2025 y el día 5 de junio presenta un recurso de alzada contra la providencia de apremio alegando la prescripción de la deuda reclamada.",S05,5,Temario específico Seguridad Social,"La gestión recaudatoria: concepto, competencia y objeto. Responsables del pago. Requisitos para el pago. Medios de pago. Control de recaudación. Revisión de los actos de gestión recaudatoria. La recaudación en periodo voluntario. Efectos de la falta de cotización en período reglamentario. Recaudación de otros recursos. Aplazamientos. Devolución de ingresos indebidos. Capital coste de pensiones.",S05,,,Plazos,Alta,S05,,,No,Práctico,D,D,Válida,01. Información oficial de la oposición\Exámenes oficiales anteriores\2025 Convocatoria 2024 - Examen extraordinario acceso libre.pdf,https://www.seg-social.es/wps/portal/wss/internet/InformacionUtil/9950/88beb45d-ca83-4bab-8162-f94ef2894562/7e46efac-32c8-4cf6-b3d3-d592c3560dff/rdpi_administrativos_2024,Texto PDF,100,Alta,Regla jurídica determinista,2025_conv2024_extraordinario-P06,1.0
2025_conv2024_extraordinario-P07,2025,2024,2025-10-26,Acceso libre,Segunda parte,Extraordinario,Único,Sí,Cuestionario extraordinario sin modelo paralelo.,7,No,Determine si la presentación por D. Max Estrella del recurso de alzada contra la providencia de apremio suspende el procedimiento de apremio.,"Se suspende el procedimiento de apremio, siempre que se presenten garantías suficientes.","No se suspende el procedimiento de apremio, aunque se presenten garantías suficientes.","Se suspende el procedimiento de apremio, siempre que se presente aval bancario suficiente.","Sí, suspende el procedimiento de apremio, sin necesidad de presentar garantías. Resuelto el recurso de alzada contra la providencia de apremio, en sentido desestimatorio, la Unidad de Recaudación Ejecutiva dentro del procedimiento de apremio procede al embargo de una finca rustica que posee D. Max Estrella en su pueblo natal. Esta finca rústica es valorada por un perito tasador en 7.000 euros, cobrando por este servicio 450 euros.",S06,6,Temario específico Seguridad Social,La recaudación en vía ejecutiva. Normas generales. Iniciación y título ejecutivo. La providencia de apremio. Oposición y efectos. El embargo de bienes. Enajenación de bienes: modalidades. Créditos incobrables. Tercerías.,recurso de alzada,,,Procedimientos,Media,recurso de alzada,,,No,Práctico,D,D,Válida,01. Información oficial de la oposición\Exámenes oficiales anteriores\2025 Convocatoria 2024 - Examen extraordinario acceso libre.pdf,https://www.seg-social.es/wps/portal/wss/internet/InformacionUtil/9950/88beb45d-ca83-4bab-8162-f94ef2894562/7e46efac-32c8-4cf6-b3d3-d592c3560dff/rdpi_administrativos_2024,Texto PDF,100,Alta,Regla jurídica determinista,2025_conv2024_extraordinario-P07,1.0
2025_conv2024_extraordinario-P08,2025,2024,2025-10-26,Acceso libre,Segunda parte,Extraordinario,Único,Sí,Cuestionario extraordinario sin modelo paralelo.,8,No,Indique quién debe de abonar los 450 euros facturados por el perito para valorar la finca r ústica.,Tienen la consideración de costas del procedimiento de apremio y se anticipan por la Tesorería General de la Seguridad Social y serán a cargo del apremiado que le serán exigidas.,No tienen la consideración de costas del procedimiento de apremio y por tanto son a cargo exclusivamente de la Tesorería General de la Seguridad Social.,"Tienen la consideración de costas del procedimiento de apremio y serán a cargo del apremiado que debe de abonarlas, sin que proceda anticiparlas por la Tesorería General de la Seguridad Social.","El 50% tiene la consideración de costas de procedimiento de apremio y se anticipan por la Tesorería General de la Seguridad Social y será a cargo del apremiado que le será exigido y el 50% restante, son a cargo exclusivo de la Tesorería General de la Seguridad Social porque no tiene la consideración de costa del procedimiento de apremio. Dña. Enriqueta Pisa Bien al tener conocimiento del embargo de la finca rustica presenta un escrito ante la Unidad de Recaudación Ejecutiva, señalando que dicha fi nca la ha adquirido hace tres años, aportando una escritura privada de compraventa firmada por Dña. Enriqueta Pisa Bien y por D. Max Estrella, figurando como testigos D. Latino de Hispalis que falleció hace dos años y D. Filiberto Lunares que también falleció hace un año.",S06,6,Temario específico Seguridad Social,La recaudación en vía ejecutiva. Normas generales. Iniciación y título ejecutivo. La providencia de apremio. Oposición y efectos. El embargo de bienes. Enajenación de bienes: modalidades. Créditos incobrables. Tercerías.,S06,,,Recaudación ejecutiva,Alta,S06,,,No,Práctico,A,A,Válida,01. Información oficial de la oposición\Exámenes oficiales anteriores\2025 Convocatoria 2024 - Examen extraordinario acceso libre.pdf,https://www.seg-social.es/wps/portal/wss/internet/InformacionUtil/9950/88beb45d-ca83-4bab-8162-f94ef2894562/7e46efac-32c8-4cf6-b3d3-d592c3560dff/rdpi_administrativos_2024,Texto PDF,100,Alta,Regla jurídica determinista,2025_conv2024_extraordinario-P08,1.0
2025_conv2024_extraordinario-P09,2025,2024,2025-10-26,Acceso libre,Segunda parte,Extraordinario,Único,Sí,Cuestionario extraordinario sin modelo paralelo.,9,No,"El escrito presentado por Dña. Enriqueta Pisa Bien se ha tratado como una tercería de dominio, señale cuál es el efecto en el procedimiento recaudatorio si se produjera su estimación.",Se enajenará la finca y el precio obtenido se le entregará a Dña. Enriqueta.,Se alzará el embargo trabado sobre la finca rústica.,Se enajenará la finca y el 50% del precio obtenido se le entregará a Dña. Enriqueta y el otro 50% se aplicará a saldar la deuda del deudor.,"Se alzará el embargo, únicamente, cuando se haya inscrito en el Registro de la Propiedad correspondiente el bien a nombre de Dña. Enriqueta. El día 20 de abril de 2025, Carlos sufre una lumbalgia. Como consecuencia de ello, no puede realizar su actividad profesional como jardinero del Ayuntamiento de Almendros. Ante esta situación, el facultativo médico del Servicio Público de Salud expide la baja médica en el trabajo con fecha de 21 abril.",S06,6,Temario específico Seguridad Social,La recaudación en vía ejecutiva. Normas generales. Iniciación y título ejecutivo. La providencia de apremio. Oposición y efectos. El embargo de bienes. Enajenación de bienes: modalidades. Créditos incobrables. Tercerías.,S06,,,Procedimientos,Media,S06,,,No,Práctico,B,B,Válida,01. Información oficial de la oposición\Exámenes oficiales anteriores\2025 Convocatoria 2024 - Examen extraordinario acceso libre.pdf,https://www.seg-social.es/wps/portal/wss/internet/InformacionUtil/9950/88beb45d-ca83-4bab-8162-f94ef2894562/7e46efac-32c8-4cf6-b3d3-d592c3560dff/rdpi_administrativos_2024,Texto PDF,100,Alta,Regla jurídica determinista,2025_conv2024_extraordinario-P09,1.0
2025_conv2024_extraordinario-P10,2025,2024,2025-10-26,Acceso libre,Segunda parte,Extraordinario,Único,Sí,Cuestionario extraordinario sin modelo paralelo.,10,No,"Siempre que tuviera derecho, ¿qué día comenzará el derecho al abono del subsidio de incapacidad temporal?",20 de abril de 2025.,21 de abril de 2025.,23 de abril de 2025.,"24 de abril de 2025. Carlos se recupera de la lumbalgia el 3 de mayo de 2025, día en el que se emite el alta médica. Sin embargo, el día 31 de octubre de 2025 Carlos no puede acudir al trabajo debido, de nuevo, a una lumbalgia, fecha en la que se emite parte de baja médica en el trabajo.",S08,8,Temario específico Seguridad Social,"Incapacidad temporal: concepto y causas que motivan esta situación. Beneficiarios. Prestación económica: determinación y cuantía. Nacimiento, duración y extinción del derecho al subsidio. Reconocimiento y pago. Control de la incapacidad. Incapacidad permanente contributiva: concepto. Grados de incapacidad. Prestaciones. Determinación y cuantía. Beneficiarios. Nacimiento, duración y extinción del derecho. Lesiones permanentes no incapacitantes. La calificación y revisión de la incapacidad permanente.",incapacidad temporal,,,Incapacidad,Media,incapacidad temporal,,,No,Práctico,D,D,Válida,01. Información oficial de la oposición\Exámenes oficiales anteriores\2025 Convocatoria 2024 - Examen extraordinario acceso libre.pdf,https://www.seg-social.es/wps/portal/wss/internet/InformacionUtil/9950/88beb45d-ca83-4bab-8162-f94ef2894562/7e46efac-32c8-4cf6-b3d3-d592c3560dff/rdpi_administrativos_2024,Texto PDF,100,Alta,Regla jurídica determinista,2025_conv2024_extraordinario-P10,1.0
2025_conv2024_extraordinario-P11,2025,2024,2025-10-26,Acceso libre,Segunda parte,Extraordinario,Único,Sí,Cuestionario extraordinario sin modelo paralelo.,11,No,¿Se considera esta situación una recaída del anterior proceso de incapacidad temporal que se inició en el mes de abril de 2025?,"Sí, ya que han transcurrido más de 180 días desde la baja anterior.","No, ya que han transcurrido más de 90 días desde el alta médica anterior.","Sí, ya que no han transcurrido más de 180 días desde el alta médica anterior.","No, ya que han transcurrido más de 90 días desde la baja anterior. Carlos continúa impedido para realizar su actividad profesional y, por ello, se encuentra de baja médica como consecuencia de la lumbalgia padecida. El Instituto Nacional de la Seguridad Social, una vez agotado el plazo de 365 días, emite alta médica con p ropuesta de incapacidad permanente. Carlos tiene 56 años, y estuvo trabajando como jardinero más de 30 años.",S08,8,Temario específico Seguridad Social,"Incapacidad temporal: concepto y causas que motivan esta situación. Beneficiarios. Prestación económica: determinación y cuantía. Nacimiento, duración y extinción del derecho al subsidio. Reconocimiento y pago. Control de la incapacidad. Incapacidad permanente contributiva: concepto. Grados de incapacidad. Prestaciones. Determinación y cuantía. Beneficiarios. Nacimiento, duración y extinción del derecho. Lesiones permanentes no incapacitantes. La calificación y revisión de la incapacidad permanente.",incapacidad temporal,,,Incapacidad,Alta,incapacidad temporal,,,No,Práctico,C,C,Válida,01. Información oficial de la oposición\Exámenes oficiales anteriores\2025 Convocatoria 2024 - Examen extraordinario acceso libre.pdf,https://www.seg-social.es/wps/portal/wss/internet/InformacionUtil/9950/88beb45d-ca83-4bab-8162-f94ef2894562/7e46efac-32c8-4cf6-b3d3-d592c3560dff/rdpi_administrativos_2024,Texto PDF,100,Alta,Regla jurídica determinista,2025_conv2024_extraordinario-P11,1.0
2025_conv2024_extraordinario-P12,2025,2024,2025-10-26,Acceso libre,Segunda parte,Extraordinario,Único,Sí,Cuestionario extraordinario sin modelo paralelo.,12,No,"En caso de que se le reconociera una incapacidad permanente en grado total, ¿qué período mínimo de cotización debe acreditar Carlos?",No se exige período mínimo de cotización.,1800 días que han de estar comprendidos en los 10 años inmediatamente anteriores.,1/3 del tiempo transcurrido entre la fecha en que cumplió los 16 años y la del hecho causante de la pensión.,"1/4 del tiempo transcurrido entre la fecha en que cumplió los 20 años y la del hecho causante de la pensión, con un mínimo, en todo caso, de 5 años.",S08,8,Temario específico Seguridad Social,"Incapacidad temporal: concepto y causas que motivan esta situación. Beneficiarios. Prestación económica: determinación y cuantía. Nacimiento, duración y extinción del derecho al subsidio. Reconocimiento y pago. Control de la incapacidad. Incapacidad permanente contributiva: concepto. Grados de incapacidad. Prestaciones. Determinación y cuantía. Beneficiarios. Nacimiento, duración y extinción del derecho. Lesiones permanentes no incapacitantes. La calificación y revisión de la incapacidad permanente.",incapacidad permanente,,,Requisitos,Media,incapacidad permanente,,,No,Práctico,D,D,Válida,01. Información oficial de la oposición\Exámenes oficiales anteriores\2025 Convocatoria 2024 - Examen extraordinario acceso libre.pdf,https://www.seg-social.es/wps/portal/wss/internet/InformacionUtil/9950/88beb45d-ca83-4bab-8162-f94ef2894562/7e46efac-32c8-4cf6-b3d3-d592c3560dff/rdpi_administrativos_2024,Texto PDF,100,Alta,Regla jurídica determinista,2025_conv2024_extraordinario-P12,1.0
2025_conv2024_extraordinario-P13,2025,2024,2025-10-26,Acceso libre,Segunda parte,Extraordinario,Único,Sí,Cuestionario extraordinario sin modelo paralelo.,13,No,"El 20 de octubre de 2026, Carlos, a sus 57 años de edad, comienza a prestar servicios como personal administrativo en la empresa DIVINOS S.L. La lumbalgia que presenta es definitiva y quiere saber si tiene derecho a la indemnización a tanto alzado por incapacidad permanente total.",Sí. La cuantía de la indemnización equivaldría a 60 mensualidades.,Sí. La cuantía de la indemnización equivaldría 48 mensualidades.,Sí. La cuantía de la indemnización equivaldría a 36 mensualidades.,"No, no tendrá derecho. Pedro, de 59 años, trabaja desde hace 12 años en la empresa “Pica Lagartos, S.L.” . El 2 de marzo de 2024 fallece a causa de un paro card íaco. Su pareja de hecho, Lola, de 57 años, no trabaja, pero es propietaria de dos pisos de los que obtiene mensualmente en concepto de arrendamiento una renta de 2.200 euros. La pareja de hecho se formalizó en documento público 3 años antes del fallecimiento de Pedro. Tienen un hijo, Lucas, de 19 años, que trabaja en una tienda de ropa y percibe por ello una retribución de 1.300 euros mensuales.",S08,8,Temario específico Seguridad Social,"Incapacidad temporal: concepto y causas que motivan esta situación. Beneficiarios. Prestación económica: determinación y cuantía. Nacimiento, duración y extinción del derecho al subsidio. Reconocimiento y pago. Control de la incapacidad. Incapacidad permanente contributiva: concepto. Grados de incapacidad. Prestaciones. Determinación y cuantía. Beneficiarios. Nacimiento, duración y extinción del derecho. Lesiones permanentes no incapacitantes. La calificación y revisión de la incapacidad permanente.",incapacidad permanente,,,Incapacidad,Alta,incapacidad permanente,,57 años; 57 años de edad,No,Práctico,C,C,Válida,01. Información oficial de la oposición\Exámenes oficiales anteriores\2025 Convocatoria 2024 - Examen extraordinario acceso libre.pdf,https://www.seg-social.es/wps/portal/wss/internet/InformacionUtil/9950/88beb45d-ca83-4bab-8162-f94ef2894562/7e46efac-32c8-4cf6-b3d3-d592c3560dff/rdpi_administrativos_2024,Texto PDF,100,Alta,Regla jurídica determinista,2025_conv2024_extraordinario-P13,1.0
2025_conv2024_extraordinario-P14,2025,2024,2025-10-26,Acceso libre,Segunda parte,Extraordinario,Único,Sí,Cuestionario extraordinario sin modelo paralelo.,14,No,¿Lola podrá ser beneficiaria de la pensión de viudedad?,"No, ya que la pareja de hecho no figura inscrita en el registro específico de la comunidad autónoma o ayuntamiento de su lugar de residencia.","Únicamente si acredita una convivencia estable con Pedro de , al menos , 5 años ininterrumpidos inmediatamente anteriores al fallecimiento.","No, ya que la pareja de hecho debería haberse inscrito en documento público con una antelación mínima de 5 años respecto a la fecha del fallecimiento.","Sí, cumple todos los requisitos. Desde hacía dos años también vivía con ellos y a sus expensas , la madre de Lola, Teresa. Tiene 78 años, es viuda y no recibe ninguna pensión pública.",S11,11,Temario específico Seguridad Social,"La protección por muerte y supervivencia. Hecho causante. Requisitos para las prestaciones de viudedad, orfandad y en favor de familiares. Cuantía de las prestaciones. Compatibilidad. Suspensión y Extinción. Normas específicas en caso de muerte derivada de accidente de trabajo o enfermedad profesional. Efectividad económica de las prestaciones. El auxilio por defunción.",viudedad,,,Personas beneficiarias,Media,viudedad,,,No,Práctico,D,D,Válida,01. Información oficial de la oposición\Exámenes oficiales anteriores\2025 Convocatoria 2024 - Examen extraordinario acceso libre.pdf,https://www.seg-social.es/wps/portal/wss/internet/InformacionUtil/9950/88beb45d-ca83-4bab-8162-f94ef2894562/7e46efac-32c8-4cf6-b3d3-d592c3560dff/rdpi_administrativos_2024,Texto PDF,100,Alta,Regla jurídica determinista,2025_conv2024_extraordinario-P14,1.0
2025_conv2024_extraordinario-P15,2025,2024,2025-10-26,Acceso libre,Segunda parte,Extraordinario,Único,Sí,Cuestionario extraordinario sin modelo paralelo.,15,No,¿Tendrá Teresa derecho a recibir una pensión en favor de familiares?,"Sí, al ser familiar de primer grado por afinidad del causante, convivir con él y vivir a sus expensas.","Sí, al no tener familiares con la obligación de prestarle alimentos según la legislación civil.","No, al no haber convivido con Pedro y Lola desde al menos tres años antes del fallecimiento de aquél.","No, al no ser familiar consanguíneo del causante y tener familiares con la obligación de dar alimentos según la legislación civil.",S11,11,Temario específico Seguridad Social,"La protección por muerte y supervivencia. Hecho causante. Requisitos para las prestaciones de viudedad, orfandad y en favor de familiares. Cuantía de las prestaciones. Compatibilidad. Suspensión y Extinción. Normas específicas en caso de muerte derivada de accidente de trabajo o enfermedad profesional. Efectividad económica de las prestaciones. El auxilio por defunción.",S11,,,Muerte y supervivencia,Media,S11,,,No,Práctico,D,D,Válida,01. Información oficial de la oposición\Exámenes oficiales anteriores\2025 Convocatoria 2024 - Examen extraordinario acceso libre.pdf,https://www.seg-social.es/wps/portal/wss/internet/InformacionUtil/9950/88beb45d-ca83-4bab-8162-f94ef2894562/7e46efac-32c8-4cf6-b3d3-d592c3560dff/rdpi_administrativos_2024,Texto PDF,100,Alta,Regla jurídica determinista,2025_conv2024_extraordinario-P15,1.0
2025_conv2024_extraordinario-P16,2025,2024,2025-10-26,Acceso libre,Segunda parte,Extraordinario,Único,Sí,Cuestionario extraordinario sin modelo paralelo.,16,Sí,"¿Tendrá derecho Lucas, el hijo de Pedro, a la pensión de orfandad?","Sí, hasta que cumpla 26 años de edad.","Sí, hasta que cumpla 25 años de edad.","Sí, hasta que cumpla 21 años de edad.",No tiene derecho al efectuar un trabajo lucrativo por el que percibe ingresos superiores al SMI.,S11,11,Temario específico Seguridad Social,"La protección por muerte y supervivencia. Hecho causante. Requisitos para las prestaciones de viudedad, orfandad y en favor de familiares. Cuantía de las prestaciones. Compatibilidad. Suspensión y Extinción. Normas específicas en caso de muerte derivada de accidente de trabajo o enfermedad profesional. Efectividad económica de las prestaciones. El auxilio por defunción.",orfandad,,,Muerte y supervivencia,Media,orfandad,,,No,Práctico,C,C,Válida,01. Información oficial de la oposición\Exámenes oficiales anteriores\2025 Convocatoria 2024 - Examen extraordinario acceso libre.pdf,https://www.seg-social.es/wps/portal/wss/internet/InformacionUtil/9950/88beb45d-ca83-4bab-8162-f94ef2894562/7e46efac-32c8-4cf6-b3d3-d592c3560dff/rdpi_administrativos_2024,Texto PDF,100,Alta,Regla jurídica determinista,2025_conv2024_extraordinario-P16,1.0
2025_conv2024_extraordinario-P17,2025,2024,2025-10-26,Acceso libre,Segunda parte,Extraordinario,Único,Sí,Cuestionario extraordinario sin modelo paralelo.,17,Sí,"Ramón cumple los requisitos para jubilarse ordinariamente el 10 de diciembre de 2025. En enero de 2025 la empresa de Juan Luis decidió unilateralmente incrementar su salario mensual en un 10%. El incremento salarial medio aplicado por el convenio colectivo de la empresa de Juan Luis para el año 2025 fue del 3%. A efectos del cálculo de la base reguladora de la pensión de jubilación, ¿qué bases de cotización del año 2025 se computarán?",Las mismas bases de cotización que para el año 2024.,Las bases de cotización del año 2024 incrementadas en un 3%.,Las bases de cotización del año 2024 incrementadas en un 7%.,Las bases de cotización del año 2024 incrementadas en un 10%.,S10,10,Temario específico Seguridad Social,"Jubilación en la modalidad contributiva: concepto. Jubilación ordinaria: requisitos: especial referencia a la edad de jubilación. Determinación de la cuantía de la prestación: base reguladora y porcentaje. Jubilación anticipada, jubilación parcial y jubilación flexible. Compatibilidad de la pensión de jubilación y el trabajo. Suspensión y extinción de la prestación. Especial referencia a la aplicación de la normativa anterior a la Ley 27/2011.",jubilación,,,Cálculos,Alta,jubilación,,,No,Práctico,B,B,Válida,01. Información oficial de la oposición\Exámenes oficiales anteriores\2025 Convocatoria 2024 - Examen extraordinario acceso libre.pdf,https://www.seg-social.es/wps/portal/wss/internet/InformacionUtil/9950/88beb45d-ca83-4bab-8162-f94ef2894562/7e46efac-32c8-4cf6-b3d3-d592c3560dff/rdpi_administrativos_2024,Texto PDF,100,Alta,Regla jurídica determinista,2025_conv2024_extraordinario-P17,1.0
2025_conv2024_extraordinario-P18,2025,2024,2025-10-26,Acceso libre,Segunda parte,Extraordinario,Único,Sí,Cuestionario extraordinario sin modelo paralelo.,18,Sí,"Adriana y Martín han sido padres con fecha 5 de abril de 2025. Ambos tienen derecho a la prestación económica por nacimiento y cuidado del menor. ¿Es posible que Martín ceda a Adriana el derecho de disfrute de descanso por nacimiento y cuidado del menor y, por tanto, el derecho a la prestación económica?","Sí, Martín podría ceder a Adriana el disfrute de descanso de 16 semanas por nacimiento y cuidado del menor.","Sí, Martín podría ceder a Adriana el disfrute de descanso de 10 semanas por nacimiento y cuidado del menor. Las 6 primeras semanas tras el nacimiento y cuidado del menor son de disfrute obligatorio para cada progenitor y no podrán cederse.","No, Martín no podrá ceder las 16 semanas de disfrute de descanso por nacimiento y cuidado del menor.","Sí, Martín podría ceder a Adriana el disfrute de descanso de 16 semanas por nacimiento y cuidado del menor, siempre que lo comunique a la empresa en la que presta servicios con una antelación de 15 días.",S09,9,Temario específico Seguridad Social,Nacimiento y cuidado de menor. Ejercicio corresponsable del cuidado del lactante. Prestación por riesgo durante el embarazo. Prestación por riesgo durante la lactancia natural. Asignación económica por hijo o menor acogido a cargo. Prestación económica por nacimiento o adopción de hijo en supuestos de familias numerosas o monoparentales y en los casos de madres o padres con discapacidad. Prestación por parto o adopción Subsidio por cuidado de menores afectados por cáncer u otra enfermedad grave.,S09,,,Personas beneficiarias,Alta,S09,,,No,Práctico,C,C,Válida,01. Información oficial de la oposición\Exámenes oficiales anteriores\2025 Convocatoria 2024 - Examen extraordinario acceso libre.pdf,https://www.seg-social.es/wps/portal/wss/internet/InformacionUtil/9950/88beb45d-ca83-4bab-8162-f94ef2894562/7e46efac-32c8-4cf6-b3d3-d592c3560dff/rdpi_administrativos_2024,Texto PDF,100,Alta,Regla jurídica determinista,2025_conv2024_extraordinario-P18,1.0
2026_conv2025_rojo_A-T01,2026,2025,2026-06-28,Acceso libre,Primera parte,Rojo A,Rojo/Verde A/B,Sí,Los colores y modelos reproducen el mismo conjunto de preguntas con orden y/o opciones permutados; Rojo A es la variante canónica para frecuencias y Verde A se conserva como control de cobertura.,1,No,Hasta la fecha actual se han llevado a cabo las siguientes reformas constitucionales:,"Dos reformas constitucionales, de los artículos 13.1 y 135, ambas por el procedimiento de reforma constitucional ordinaria, recogido en eI artículo 167 de la Constitución.","Dos reformas constitucionales, de los artículos 13.2 y 135 ambas por el procedimiento de reforma constitucional ordinaria, recogido en eI artículo 167 de la Constitución.","Tres reformas constitucionales, de los artículos 13.1, 135 y 49 de la Constitución, todas por eI procedimiento de reforma constitucional agravada, recogido en eI artículo 168 de la Constitución.","Tres reformas constitucionales, de los artículos 13.2, 135 y 49 de la Constitución, todas por eI procedimiento de reforma constitucional ordinaria, recogido en eI artículo 167 de la Constitución.",G01,1,Temario general,La Constitución Española de 1978: Estructura y contenido. La reforma de la Constitución.,G01,,,Artículos literales,Básica,G01,,,No,Teórico,D,D,Válida,01. Información oficial de la oposición\Exámenes oficiales anteriores\2026 Convocatoria 2025 - Acceso libre Rojo A.pdf,https://www.seg-social.es/wps/portal/wss/internet/InformacionUtil/9950/88beb45d-ca83-4bab-8162-f94ef2894562/e0c83707-3358-47a9-94d7-508221dad233,OCR Windows es-ES sobre PDF oficial,100,Alta,Revisión jurídica individual,2026_conv2025_rojo_A-T01,1.0
2026_conv2025_rojo_A-T02,2026,2025,2026-06-28,Acceso libre,Primera parte,Rojo A,Rojo/Verde A/B,Sí,Los colores y modelos reproducen el mismo conjunto de preguntas con orden y/o opciones permutados; Rojo A es la variante canónica para frecuencias y Verde A se conserva como control de cobertura.,2,No,"Respecto al patrimonio histórico, cultural y artístico de los pueblos de España y los bienes que 10 integran, señale la respuesta INCORRECTA, conforme a 10 recogido en eI Título I de la Constitución Española:",Los Poderes Públicos garantizarán su conservación salvo que sean propiedad de particulares.,Es un principio rector de la política social y económica.,Se regula en el artículo 46 de la Constitución Española.,Los Poderes Públicos garantizarán su conservación cualquiera que sea su régimen jurídico.,G02,2,Temario general,Derechos y deberes fundamentales. Su garantía y suspensión.,G02,Constitución Española,,Artículos literales,Alta,G02,,,Sí,Teórico,A,A,Válida,01. Información oficial de la oposición\Exámenes oficiales anteriores\2026 Convocatoria 2025 - Acceso libre Rojo A.pdf,https://www.seg-social.es/wps/portal/wss/internet/InformacionUtil/9950/88beb45d-ca83-4bab-8162-f94ef2894562/e0c83707-3358-47a9-94d7-508221dad233,OCR Windows es-ES sobre PDF oficial,100,Alta,Regla jurídica determinista,2026_conv2025_rojo_A-T02,1.0
2026_conv2025_rojo_A-T03,2026,2025,2026-06-28,Acceso libre,Primera parte,Rojo A,Rojo/Verde A/B,Sí,Los colores y modelos reproducen el mismo conjunto de preguntas con orden y/o opciones permutados; Rojo A es la variante canónica para frecuencias y Verde A se conserva como control de cobertura.,3,No,"La Sección la del Capítulo Segundo del Título I de la Constitución Española, regula los Derechos fundamentales y las Libertades públicas contenidos en los artículos:",14 al 29.,14 al 30.,15 al 29.,15 al 30.,G02,2,Temario general,Derechos y deberes fundamentales. Su garantía y suspensión.,derechos fundamentales,Constitución Española,,Artículos literales,Media,derechos fundamentales,,,No,Teórico,C,C,Válida,01. Información oficial de la oposición\Exámenes oficiales anteriores\2026 Convocatoria 2025 - Acceso libre Rojo A.pdf,https://www.seg-social.es/wps/portal/wss/internet/InformacionUtil/9950/88beb45d-ca83-4bab-8162-f94ef2894562/e0c83707-3358-47a9-94d7-508221dad233,OCR Windows es-ES sobre PDF oficial,100,Alta,Regla jurídica determinista,2026_conv2025_rojo_A-T03,1.0
2026_conv2025_rojo_A-T04,2026,2025,2026-06-28,Acceso libre,Primera parte,Rojo A,Rojo/Verde A/B,Sí,Los colores y modelos reproducen el mismo conjunto de preguntas con orden y/o opciones permutados; Rojo A es la variante canónica para frecuencias y Verde A se conserva como control de cobertura.,4,No,"Conforme a 10 previsto en el artículo 23 de la Ley Orgánica 2/1979, de 3 de octubre, del Tribunal Constitucional, la decisión sobre el cese de los Magistrados del Tribunal Constitucional requerirá mayoría simple del Pleno cuando se trate de:",Falta de diligencia en los deberes del cargo y violación de la reserva propia de su función.,Haber sido declarado responsable civilmente por dolo o condenado por delito doloso o por culpa grave.,Falta de diligencia en los deberes del cargo y por haber sido declarado responsable civilmente por dolo o condenado por delito doloso o por culpa grave.,Incapacidad de las previstas para los miembros del Poder Judicial y por incompatibilidad sobrevenida.,G03,3,Temario general,"El Tribunal Constitucional. Organización, composición y atribuciones.",G03,Ley Orgánica 2/1979,23,Artículos literales,Media,G03,Tribunal Constitucional,,No,Teórico,D,D,Válida,01. Información oficial de la oposición\Exámenes oficiales anteriores\2026 Convocatoria 2025 - Acceso libre Rojo A.pdf,https://www.seg-social.es/wps/portal/wss/internet/InformacionUtil/9950/88beb45d-ca83-4bab-8162-f94ef2894562/e0c83707-3358-47a9-94d7-508221dad233,OCR Windows es-ES sobre PDF oficial,100,Alta,Regla jurídica determinista,2026_conv2025_rojo_A-T04,1.0
2026_conv2025_rojo_A-T05,2026,2025,2026-06-28,Acceso libre,Primera parte,Rojo A,Rojo/Verde A/B,Sí,Los colores y modelos reproducen el mismo conjunto de preguntas con orden y/o opciones permutados; Rojo A es la variante canónica para frecuencias y Verde A se conserva como control de cobertura.,5,No,"Según 10 dispuesto en el artículo 16 de la Ley Orgánica 2/1979, de 3 de octubre, del Tribunal Constitucional, en relación con la designación de los Magistrados que integran dicho tribunal, señale la opción correcta:",Los Magistrados podrán ser reelegidos en periodos consecutivos o alternos y propuestos al Rey.,"Ningún Magistrado podrá ser propuesto al Rey para otro período inmediato, salvo que hubiera ocupado eI cargo por un plazo no superior a tres años.","Ningún Magistrado podrá ser propuesto al Rey para otro período alterno, salvo que hubiera ocupado eI cargo por un plazo no superior a dos años.",Los Magistrados podrán ser propuestos al Rey para otro período inmediato.,G03,3,Temario general,"El Tribunal Constitucional. Organización, composición y atribuciones.",G03,Ley Orgánica 2/1979,16,Artículos literales,Media,G03,Tribunal Constitucional,,No,Teórico,B,B,Válida,01. Información oficial de la oposición\Exámenes oficiales anteriores\2026 Convocatoria 2025 - Acceso libre Rojo A.pdf,https://www.seg-social.es/wps/portal/wss/internet/InformacionUtil/9950/88beb45d-ca83-4bab-8162-f94ef2894562/e0c83707-3358-47a9-94d7-508221dad233,OCR Windows es-ES sobre PDF oficial,100,Alta,Regla jurídica determinista,2026_conv2025_rojo_A-T05,1.0
2026_conv2025_rojo_A-T06,2026,2025,2026-06-28,Acceso libre,Primera parte,Rojo A,Rojo/Verde A/B,Sí,Los colores y modelos reproducen el mismo conjunto de preguntas con orden y/o opciones permutados; Rojo A es la variante canónica para frecuencias y Verde A se conserva como control de cobertura.,6,No,"Según eI artículo 59.3 de la Constitución Española, señale la afirmación correcta:","Si no hubiere ninguna persona a quien corresponda la Regencia, ésta será nombrada por el Presidente del Gobierno, y se compondrá de una, tres o cinco personas.","Si no hubiere ninguna persona a quien corresponda la Regencia, ésta será nombrada por las Cortes Generales, y se compondrá de una, tres o cinco personas.","Si no hubiere ninguna persona a quien corresponda la Regencia, ésta será nombrada por el Congreso, y se compondrá de una, tres o cinco personas.","Si no hubiere ninguna persona a quien corresponda la Regencia, ésta será nombrada por el Senado, y se compondrá de una, tres o cinco personas.",G04,4,Temario general,La Corona. Funciones constitucionales del Rey. Sucesión y regencia. El refrendo.,G04,Constitución Española,59.3,Artículos literales,Media,G04,,,No,Teórico,B,B,Válida,01. Información oficial de la oposición\Exámenes oficiales anteriores\2026 Convocatoria 2025 - Acceso libre Rojo A.pdf,https://www.seg-social.es/wps/portal/wss/internet/InformacionUtil/9950/88beb45d-ca83-4bab-8162-f94ef2894562/e0c83707-3358-47a9-94d7-508221dad233,OCR Windows es-ES sobre PDF oficial,100,Alta,Regla jurídica determinista,2026_conv2025_rojo_A-T06,1.0
2026_conv2025_rojo_A-T07,2026,2025,2026-06-28,Acceso libre,Primera parte,Rojo A,Rojo/Verde A/B,Sí,Los colores y modelos reproducen el mismo conjunto de preguntas con orden y/o opciones permutados; Rojo A es la variante canónica para frecuencias y Verde A se conserva como control de cobertura.,7,No,EI artículo 68 de la Constitución Española establece que las poblaciones de Ceuta y Melilla estarán representadas en eI Congreso:,Por dos diputados cada una de ellas.,Por tres diputados cada una de ellas.,Por un diputado cada una de ellas.,No tendrán representación en el Congreso.,G05,5,Temario general,"El poder legislativo. Las Cortes Generales: Composición, atribuciones y funcionamiento. El Defensor del Pueblo.",G05,Constitución Española,68,Artículos literales,Media,G05,,,No,Teórico,C,C,Válida,01. Información oficial de la oposición\Exámenes oficiales anteriores\2026 Convocatoria 2025 - Acceso libre Rojo A.pdf,https://www.seg-social.es/wps/portal/wss/internet/InformacionUtil/9950/88beb45d-ca83-4bab-8162-f94ef2894562/e0c83707-3358-47a9-94d7-508221dad233,OCR Windows es-ES sobre PDF oficial,100,Alta,Regla jurídica determinista,2026_conv2025_rojo_A-T07,1.0
2026_conv2025_rojo_A-T08,2026,2025,2026-06-28,Acceso libre,Primera parte,Rojo A,Rojo/Verde A/B,Sí,Los colores y modelos reproducen el mismo conjunto de preguntas con orden y/o opciones permutados; Rojo A es la variante canónica para frecuencias y Verde A se conserva como control de cobertura.,8,No,"En virtud del artículo 73 de la Constitución Española, las Cámaras se reunirán anualmente en dos períodos ordinarios de sesiones:","EI primero, de octubre a diciembre, y el segundo, de enero a junio.","EI primero, de septiembre a diciembre, y el segundo, de febrero a junio.","EI primero, de septiembre a enero, y el segundo, de marzo a junio.","EI primero, de septiembre a diciembre, y eI segundo, de febrero a julio.",G05,5,Temario general,"El poder legislativo. Las Cortes Generales: Composición, atribuciones y funcionamiento. El Defensor del Pueblo.",G05,Constitución Española,73,Artículos literales,Media,G05,,,No,Teórico,B,B,Válida,01. Información oficial de la oposición\Exámenes oficiales anteriores\2026 Convocatoria 2025 - Acceso libre Rojo A.pdf,https://www.seg-social.es/wps/portal/wss/internet/InformacionUtil/9950/88beb45d-ca83-4bab-8162-f94ef2894562/e0c83707-3358-47a9-94d7-508221dad233,OCR Windows es-ES sobre PDF oficial,100,Alta,Regla jurídica determinista,2026_conv2025_rojo_A-T08,1.0
2026_conv2025_rojo_A-T09,2026,2025,2026-06-28,Acceso libre,Primera parte,Rojo A,Rojo/Verde A/B,Sí,Los colores y modelos reproducen el mismo conjunto de preguntas con orden y/o opciones permutados; Rojo A es la variante canónica para frecuencias y Verde A se conserva como control de cobertura.,9,No,"Señale la respuesta correcta en relación con qué Salas integran el Tribunal Supremo y su orden, según se determina en el artículo 55 de la Ley Orgánica 6/1985, de 1 de julio, del Poder Judicial:","Sala I de Apelación, II de Instrucción, III de 10 Penal, IV de Menores.","Sala I de 10 Civil, II de 10 Penal, III de Menores, IV de 10 Social y V de Vigilancia Penitenciaria.","Sala I de 10 Civil y Penal, II de 10 Contencioso -Administrativo, III de 10 Social, IV de 10 Militar.","Sala I de 10 Civil, II de 10 Penal, III de 10 Contencioso -Administrativo, IV de 10 Social y V de 10 Militar.",G06,6,Temario general,El Poder Judicial. El principio de unidad jurisdiccional. El Consejo General del Poder Judicial. La organización judicial española.,G06,Ley Orgánica 6/1985,55,Artículos literales,Media,G06,Tribunal Supremo,,No,Teórico,D,D,Válida,01. Información oficial de la oposición\Exámenes oficiales anteriores\2026 Convocatoria 2025 - Acceso libre Rojo A.pdf,https://www.seg-social.es/wps/portal/wss/internet/InformacionUtil/9950/88beb45d-ca83-4bab-8162-f94ef2894562/e0c83707-3358-47a9-94d7-508221dad233,OCR Windows es-ES sobre PDF oficial,100,Alta,Regla jurídica determinista,2026_conv2025_rojo_A-T09,1.0
2026_conv2025_rojo_A-T10,2026,2025,2026-06-28,Acceso libre,Primera parte,Rojo A,Rojo/Verde A/B,Sí,Los colores y modelos reproducen el mismo conjunto de preguntas con orden y/o opciones permutados; Rojo A es la variante canónica para frecuencias y Verde A se conserva como control de cobertura.,10,No,"Conforme al artículo 113 de la Constitución Española, la moción de censura:","Será aprobada por mayoría simple del Congreso de los Diputados y, posteriormente, por mayoría absoluta del Senado.",Será aprobada por mayoría absoluta del Senado.,Será aprobada por mayoría simple de ambas Cámaras.,Será aprobada por mayoría absoluta del Congreso de los Diputados.,G07,7,Temario general,"El poder ejecutivo. El presidente del Gobierno y el Consejo de Ministros. Relaciones entre el Gobierno y las Cortes Generales. Designación, causas de cese y responsabilidad del Gobierno. El Consejo de Estado.",G07,Constitución Española,113,Artículos literales,Media,G07,,,No,Teórico,D,D,Válida,01. Información oficial de la oposición\Exámenes oficiales anteriores\2026 Convocatoria 2025 - Acceso libre Rojo A.pdf,https://www.seg-social.es/wps/portal/wss/internet/InformacionUtil/9950/88beb45d-ca83-4bab-8162-f94ef2894562/e0c83707-3358-47a9-94d7-508221dad233,OCR Windows es-ES sobre PDF oficial,100,Alta,Regla jurídica determinista,2026_conv2025_rojo_A-T10,1.0
2026_conv2025_rojo_A-T11,2026,2025,2026-06-28,Acceso libre,Primera parte,Rojo A,Rojo/Verde A/B,Sí,Los colores y modelos reproducen el mismo conjunto de preguntas con orden y/o opciones permutados; Rojo A es la variante canónica para frecuencias y Verde A se conserva como control de cobertura.,11,No,"Según los artículos 57 y 58 de la Ley 40/2015, de I de octubre, de Régimen Jurídico del Sector Público, señale la respuesta correcta respecto a la organización y funcionamiento de los Departamentos Ministeriales:","En los Ministerios puede existir una Subsecretaría, y dependiendo de ella una Secretaría General Técnica, para la gestión de los servicios comunes previstos en la Ley de Régimen Jurídico del Sector Público.","La determinación del número, la denominación y el ámbito de competencia respectivo de los Ministerios y las Secretarías de Estado se establecen mediante real decreto del Consejo de Ministros.","Los Ministerios contarán, en todo caso, con Secretarias de Estado, y Secretarías Generales, para la gestión de un sector de actividad administrativa. De ellas dependerán jerárquicamente los órganos directivos que se les adscriban.",Las Direcciones Generales son los órganos de gestión de una o varias áreas funcionalmente homogéneas.,G08,8,Temario general,"La Administración General del Estado. Principios de organización y funcionamiento. Órganos centrales. Órganos superiores y órganos directivos: creación, nombramiento, cese y funciones. Los servicios comunes de los ministerios. Órganos territoriales. La Administración del Estado en el Exterior.",G08,Ley 40/2015,57 y 58,Artículos literales,Media,G08,,,No,Teórico,D,D,Válida,01. Información oficial de la oposición\Exámenes oficiales anteriores\2026 Convocatoria 2025 - Acceso libre Rojo A.pdf,https://www.seg-social.es/wps/portal/wss/internet/InformacionUtil/9950/88beb45d-ca83-4bab-8162-f94ef2894562/e0c83707-3358-47a9-94d7-508221dad233,OCR Windows es-ES sobre PDF oficial,100,Alta,Regla jurídica determinista,2026_conv2025_rojo_A-T11,1.0
2026_conv2025_rojo_A-T12,2026,2025,2026-06-28,Acceso libre,Primera parte,Rojo A,Rojo/Verde A/B,Sí,Los colores y modelos reproducen el mismo conjunto de preguntas con orden y/o opciones permutados; Rojo A es la variante canónica para frecuencias y Verde A se conserva como control de cobertura.,12,No,Determine cuál de las siguientes es una competencia ejercida por el Subsecretario:,"Conceder subvenciones y ayudas con cargo a los créditos de gasto propios de la Secretaría de Estado, con los límites establecidos por el titular del Departamento.",Convocar y resolver los concursos de personal funcionario.,Imponer la sanción de separación del servicio por faltas muy graves.,"Aprobar las propuestas de los estados de gastos del Ministerio, y de los presupuestos de los Organismos públicos dependientes y remitirlas al Ministerio de Hacienda y Administraciones Públicas.",G08,8,Temario general,"La Administración General del Estado. Principios de organización y funcionamiento. Órganos centrales. Órganos superiores y órganos directivos: creación, nombramiento, cese y funciones. Los servicios comunes de los ministerios. Órganos territoriales. La Administración del Estado en el Exterior.",G08,,,Competencias,Básica,G08,,,No,Teórico,B,B,Válida,01. Información oficial de la oposición\Exámenes oficiales anteriores\2026 Convocatoria 2025 - Acceso libre Rojo A.pdf,https://www.seg-social.es/wps/portal/wss/internet/InformacionUtil/9950/88beb45d-ca83-4bab-8162-f94ef2894562/e0c83707-3358-47a9-94d7-508221dad233,OCR Windows es-ES sobre PDF oficial,100,Alta,Regla jurídica determinista,2026_conv2025_rojo_A-T12,1.0
2026_conv2025_rojo_A-T13,2026,2025,2026-06-28,Acceso libre,Primera parte,Rojo A,Rojo/Verde A/B,Sí,Los colores y modelos reproducen el mismo conjunto de preguntas con orden y/o opciones permutados; Rojo A es la variante canónica para frecuencias y Verde A se conserva como control de cobertura.,13,No,"Según eI artículo 155 de la Constitución Española, ¿Qué requisito es imprescindible para que el Gobierno pueda adoptar las medidas necesarias para obligar a una comunidad autónoma al cumplimiento forzoso de sus obligaciones?","Un requerimiento previo al presidente de la comunidad autónoma, y en caso de no ser atendida, la aprobación por mayoría absoluta del Senado.","Un requerimiento previo al presidente de la comunidad autónoma, y en caso de no ser atendida, la aprobación por mayoría absoluta del Congreso.","Un requerimiento previo al presidente de la comunidad autónoma, y en caso de no ser atendida, la aprobación por mayoría simple del Congreso.",La autorización previa del Tribunal Constitucional a petición del presidente del Gobierno.,G09,9,Temario general,La organización territorial del Estado. Las Comunidades Autónomas. Los Estatutos de Autonomía. La delimitación de competencias entre el Estado y las Comunidades Autónomas en la Constitución y en los Estatutos de Autonomía. La Administración local: El municipio. La provincia.,G09,Constitución Española,155,Requisitos,Media,G09,,,No,Teórico,A,A,Válida,01. Información oficial de la oposición\Exámenes oficiales anteriores\2026 Convocatoria 2025 - Acceso libre Rojo A.pdf,https://www.seg-social.es/wps/portal/wss/internet/InformacionUtil/9950/88beb45d-ca83-4bab-8162-f94ef2894562/e0c83707-3358-47a9-94d7-508221dad233,OCR Windows es-ES sobre PDF oficial,100,Alta,Regla jurídica determinista,2026_conv2025_rojo_A-T13,1.0
2026_conv2025_rojo_A-T14,2026,2025,2026-06-28,Acceso libre,Primera parte,Rojo A,Rojo/Verde A/B,Sí,Los colores y modelos reproducen el mismo conjunto de preguntas con orden y/o opciones permutados; Rojo A es la variante canónica para frecuencias y Verde A se conserva como control de cobertura.,14,No,"De acuerdo con eI artículo 14, apartado 1, del Tratado de la Unión Europea, eI Parlamento Europeo ejercerá, conjuntamente con el Consejo:",La función legislativa y la función presupuestaria.,La función de control político y la elección del Presidente de la Comisión.,La función jurisdiccional y la garantía del respeto del Derecho.,La función ejecutiva y la representación exterior de la Unión.,G10,10,Temario general,"Las Instituciones de la Unión Europea: El Consejo, el Parlamento Europeo, la Comisión, el Tribunal de Justicia.",G10,Tratado de la Unión Europea,14,Artículos literales,Media,G10,Parlamento Europeo,,No,Teórico,A,A,Válida,01. Información oficial de la oposición\Exámenes oficiales anteriores\2026 Convocatoria 2025 - Acceso libre Rojo A.pdf,https://www.seg-social.es/wps/portal/wss/internet/InformacionUtil/9950/88beb45d-ca83-4bab-8162-f94ef2894562/e0c83707-3358-47a9-94d7-508221dad233,OCR Windows es-ES sobre PDF oficial,100,Alta,Regla jurídica determinista,2026_conv2025_rojo_A-T14,1.0
2026_conv2025_rojo_A-T15,2026,2025,2026-06-28,Acceso libre,Primera parte,Rojo A,Rojo/Verde A/B,Sí,Los colores y modelos reproducen el mismo conjunto de preguntas con orden y/o opciones permutados; Rojo A es la variante canónica para frecuencias y Verde A se conserva como control de cobertura.,15,No,"De conformidad con el artículo 17 del Tratado de la Unión Europea, el Parlamento Europeo elegirá al candidato para eI cargo de Presidente de la Comisión por:",Mayoría de los votos emitidos,Mayoría de los miembros que 10 componen.,Mayoría cualificada de tres quintos,Unanimidad de los grupos políticos.,G10,10,Temario general,"Las Instituciones de la Unión Europea: El Consejo, el Parlamento Europeo, la Comisión, el Tribunal de Justicia.",G10,Tratado de la Unión Europea,17,Artículos literales,Media,G10,Parlamento Europeo,,No,Teórico,B,B,Válida,01. Información oficial de la oposición\Exámenes oficiales anteriores\2026 Convocatoria 2025 - Acceso libre Rojo A.pdf,https://www.seg-social.es/wps/portal/wss/internet/InformacionUtil/9950/88beb45d-ca83-4bab-8162-f94ef2894562/e0c83707-3358-47a9-94d7-508221dad233,OCR Windows es-ES sobre PDF oficial,100,Alta,Regla jurídica determinista,2026_conv2025_rojo_A-T15,1.0
2026_conv2025_rojo_A-T16,2026,2025,2026-06-28,Acceso libre,Primera parte,Rojo A,Rojo/Verde A/B,Sí,Los colores y modelos reproducen el mismo conjunto de preguntas con orden y/o opciones permutados; Rojo A es la variante canónica para frecuencias y Verde A se conserva como control de cobertura.,16,No,"Según recoge eI artículo 3 del Real Decreto 501/2024, de 21 de mayo, por eI que se desarrolla la estructura orgánica básica del Ministerio de Inclusión, Seguridad Social y Migraciones, señale la respuesta correcta en relación con las funciones de la Dirección General de Ordenación de la Seguridad Social:",La tramitación del procedimiento para la aplicación de coeficientes reductores de la edad de jubilación.,Ser el órgano de control interno y de dirección de la contabilidad de las entidades que integran el sistema de la Seguridad Social.,"La dirección y tutela de las entidades gestoras y servicios comunes de la Seguridad Social, adscritas al Departamento, sin perjuicio de las competencias atribuidas a otros Ministerios y a otras unidades del Departamento.","La tutela, superior dirección y coordinación de la asistencia jurídica de las entidades gestoras y servicios comunes de la Seguridad Social.",G12,12,Temario general,"El Ministerio de Inclusión, Seguridad Social y Migraciones. Organización. Estructura y funciones.",G12,Real Decreto 501/2024,3,Artículos literales,Media,G12,,,No,Teórico,A,A,Válida,01. Información oficial de la oposición\Exámenes oficiales anteriores\2026 Convocatoria 2025 - Acceso libre Rojo A.pdf,https://www.seg-social.es/wps/portal/wss/internet/InformacionUtil/9950/88beb45d-ca83-4bab-8162-f94ef2894562/e0c83707-3358-47a9-94d7-508221dad233,OCR Windows es-ES sobre PDF oficial,100,Alta,Regla jurídica determinista,2026_conv2025_rojo_A-T16,1.0
2026_conv2025_rojo_A-T17,2026,2025,2026-06-28,Acceso libre,Primera parte,Rojo A,Rojo/Verde A/B,Sí,Los colores y modelos reproducen el mismo conjunto de preguntas con orden y/o opciones permutados; Rojo A es la variante canónica para frecuencias y Verde A se conserva como control de cobertura.,17,No,"Señale la respuesta correcta en relación con los artículos que recoge el Capítulo Tercero del Título III de la Constitución Española denominado ""De los tratados internacionales"":",Mediante ley ordinaria se podrá autorizar la celebración de tratados por los que se atribuya a una organización o institución internacional eI ejercicio de competencias derivadas de la Constitución.,"Corresponde al Tribunal Supremo o al Gobierno, según los casos, la garantía del cumplimiento de estos tratados y de las resoluciones emanadas de los organismos internacionales o supranacionales titulares de la cesión.","La celebración de un tratado internacional que contenga estipulaciones contrarias a la Constitución exigirá la previa revisión constitucional, salvo que afecte a normativa presupuestaria o a cuestiones de extranjería.",EI Gobierno o cualquiera de las Cámaras puede requerir al Tribunal Constitucional para que declare si existe o no contradicción entre las estipulaciones previstas en un Tratado internacional y la Constitución Española.,G13,13,Temario general,Las fuentes del Derecho Administrativo. Concepto y clases. La jerarquía de las fuentes.,G13,Constitución Española,,Artículos literales,Media,G13,,,No,Teórico,D,D,Válida,01. Información oficial de la oposición\Exámenes oficiales anteriores\2026 Convocatoria 2025 - Acceso libre Rojo A.pdf,https://www.seg-social.es/wps/portal/wss/internet/InformacionUtil/9950/88beb45d-ca83-4bab-8162-f94ef2894562/e0c83707-3358-47a9-94d7-508221dad233,OCR Windows es-ES sobre PDF oficial,100,Alta,Revisión jurídica individual,2026_conv2025_rojo_A-T17,1.0
2026_conv2025_rojo_A-T18,2026,2025,2026-06-28,Acceso libre,Primera parte,Rojo A,Rojo/Verde A/B,Sí,Los colores y modelos reproducen el mismo conjunto de preguntas con orden y/o opciones permutados; Rojo A es la variante canónica para frecuencias y Verde A se conserva como control de cobertura.,18,No,"De acuerdo con eI artículo 24 de la Ley 50/1997, de 27 de noviembre, del Gobierno, ¿qué rango ocupan las órdenes Ministeriales respecto de las disposiciones aprobadas por Real Decreto del Presidente del Gobierno o del Consejo de Ministros?",Son de rango superior.,Son de rango inferior.,Tienen el mismo rango jerárquico.,Su rango depende de la fecha de publicación.,G14,14,Temario general,"La Ley. Tipos de leyes. Disposiciones del Gobierno con fuerza de ley: decreto-ley y decreto legislativo. El Reglamento: concepto, clases y límites. Los principios generales del Derecho.",G14,Ley 50/1997,24,Artículos literales,Media,G14,Consejo de Ministros,,No,Teórico,B,B,Válida,01. Información oficial de la oposición\Exámenes oficiales anteriores\2026 Convocatoria 2025 - Acceso libre Rojo A.pdf,https://www.seg-social.es/wps/portal/wss/internet/InformacionUtil/9950/88beb45d-ca83-4bab-8162-f94ef2894562/e0c83707-3358-47a9-94d7-508221dad233,OCR Windows es-ES sobre PDF oficial,100,Alta,Regla jurídica determinista,2026_conv2025_rojo_A-T18,1.0
2026_conv2025_rojo_A-T19,2026,2025,2026-06-28,Acceso libre,Primera parte,Rojo A,Rojo/Verde A/B,Sí,Los colores y modelos reproducen el mismo conjunto de preguntas con orden y/o opciones permutados; Rojo A es la variante canónica para frecuencias y Verde A se conserva como control de cobertura.,19,No,"La Ley 39/2015, de I de octubre, del Procedimiento Administrativo Común de las Administraciones Públicas, en eI artículo 49, regula los límites a la extensión de la nulidad o anulabilidad de los actos. Señale la respuesta correcta:","La nulidad o anulabilidad de un acto implicará la de los sucesivos en eI procedimiento que sean independientes del primero. La nulidad o anulabilidad en parte del acto administrativo no implicará la de las partes del mismo independientes de aquélla, salvo que la parte viciada sea de tal importancia que sin ella eI acto administrativo no hubiera sido dictado.","La nulidad o anulabilidad de un acto no implicará la de los sucesivos en el procedimiento que sean independientes del primero. La nulidad o anulabilidad en parte del acto administrativo implicará la de las partes del mismo independientes de aquélla, salvo que la parte viciada sea de tal importancia que sin ella eI acto administrativo no hubiera sido dictado.","La nulidad o anulabilidad de un acto implicará la de los sucesivos en el procedimiento que sean independientes del primero. La nulidad o anulabilidad en parte del acto administrativo implicará la de las partes del mismo independientes de aquélla, salvo que la parte viciada sea de tal importancia que sin ella el acto administrativo no hubiera sido dictado.","La nulidad o anulabilidad de un acto no implicará la de los sucesivos en el procedimiento que sean independientes del primero. La nulidad o anulabilidad en parte del acto administrativo no implicará la de las partes del mismo independientes de aquélla, salvo que la parte viciada sea de tal importancia que sin ella el acto administrativo no hubiera sido dictado.",G15,15,Temario general,"Los actos administrativos. Concepto y clases. Motivación, forma y eficacia de los actos administrativos. Notificación y publicación. Nulidad y anulabilidad. La revisión de oficio.",G15,Ley 39/2015,49,Procedimientos,Media,G15,,,No,Teórico,D,D,Válida,01. Información oficial de la oposición\Exámenes oficiales anteriores\2026 Convocatoria 2025 - Acceso libre Rojo A.pdf,https://www.seg-social.es/wps/portal/wss/internet/InformacionUtil/9950/88beb45d-ca83-4bab-8162-f94ef2894562/e0c83707-3358-47a9-94d7-508221dad233,OCR Windows es-ES sobre PDF oficial,100,Alta,Regla jurídica determinista,2026_conv2025_rojo_A-T19,1.0
2026_conv2025_rojo_A-T20,2026,2025,2026-06-28,Acceso libre,Primera parte,Rojo A,Rojo/Verde A/B,Sí,Los colores y modelos reproducen el mismo conjunto de preguntas con orden y/o opciones permutados; Rojo A es la variante canónica para frecuencias y Verde A se conserva como control de cobertura.,20,No,"Según establece el artículo 6 de la ley 39/2015, de 1 de octubre, del Procedimiento Administrativo Común de las Administraciones Públicas, ¿cuál es el plazo máximo de validez por el que se puede otorgar un apoderamiento en el registro electrónico antes de su primera prórroga?",5 años desde la fecha de inscripción.,2 años desde la fecha de inscripción.,3 años desde la fecha de inscripción.,"Es indefinido, hasta que su revocación sea expresa.",G16,16,Temario general,El procedimiento administrativo común. La capacidad de obrar y el concepto de interesado. Representación. Identificación y firma de los interesados. Derechos del interesado en el procedimiento administrativo. Obligación de resolver y silencio administrativo. Términos y plazos.,G16,ley 39/2015,6,Plazos,Media,G16,,,No,Teórico,A,A,Válida,01. Información oficial de la oposición\Exámenes oficiales anteriores\2026 Convocatoria 2025 - Acceso libre Rojo A.pdf,https://www.seg-social.es/wps/portal/wss/internet/InformacionUtil/9950/88beb45d-ca83-4bab-8162-f94ef2894562/e0c83707-3358-47a9-94d7-508221dad233,OCR Windows es-ES sobre PDF oficial,100,Alta,Revisión jurídica individual,2026_conv2025_rojo_A-T20,1.0
2026_conv2025_rojo_A-T21,2026,2025,2026-06-28,Acceso libre,Primera parte,Rojo A,Rojo/Verde A/B,Sí,Los colores y modelos reproducen el mismo conjunto de preguntas con orden y/o opciones permutados; Rojo A es la variante canónica para frecuencias y Verde A se conserva como control de cobertura.,21,No,"¿Qué efecto tiene la comparecencia en eI trámite de información pública, según el artículo 83 de la Ley 39/2015, de 1 de octubre, del Procedimiento Administrativo Común de las Administraciones Públicas?",Otorga automáticamente la condición de interesado.,Impide interponer recursos contra la resolución final.,No otorga por sí misma la condición de interesado.,Obliga a la Administración a suspender eI procedimiento.,G17,17,Temario general,"Las fases del procedimiento administrativo: Iniciación, ordenación, instrucción y finalización. La ejecución de los actos y resoluciones administrativas.",G17,Ley 39/2015,83,Procedimientos,Media,G17,,,No,Teórico,C,C,Válida,01. Información oficial de la oposición\Exámenes oficiales anteriores\2026 Convocatoria 2025 - Acceso libre Rojo A.pdf,https://www.seg-social.es/wps/portal/wss/internet/InformacionUtil/9950/88beb45d-ca83-4bab-8162-f94ef2894562/e0c83707-3358-47a9-94d7-508221dad233,OCR Windows es-ES sobre PDF oficial,100,Alta,Regla jurídica determinista,2026_conv2025_rojo_A-T21,1.0
2026_conv2025_rojo_A-T22,2026,2025,2026-06-28,Acceso libre,Primera parte,Rojo A,Rojo/Verde A/B,Sí,Los colores y modelos reproducen el mismo conjunto de preguntas con orden y/o opciones permutados; Rojo A es la variante canónica para frecuencias y Verde A se conserva como control de cobertura.,22,No,"Cuando la Administración dispone de varios medios de ejecución forzosa legalmente admisibles, ¿qué criterio debe aplicar conforme al artículo 100 de la Ley 39/2015, de I de octubre, del Procedimiento Administrativo Común de las Administraciones Públicas?",EI medio que permita una ejecución más rápida del acto.,EI que garantice una mayor eficacia administrativa.,EI medio menos restrictivo de la libertad individual.,"EI apremio sobre el patrimonio, por ser el que sitúa la Ley en primer lugar.",G17,17,Temario general,"Las fases del procedimiento administrativo: Iniciación, ordenación, instrucción y finalización. La ejecución de los actos y resoluciones administrativas.",G17,Ley 39/2015,100,Procedimientos,Media,G17,,,No,Teórico,C,C,Válida,01. Información oficial de la oposición\Exámenes oficiales anteriores\2026 Convocatoria 2025 - Acceso libre Rojo A.pdf,https://www.seg-social.es/wps/portal/wss/internet/InformacionUtil/9950/88beb45d-ca83-4bab-8162-f94ef2894562/e0c83707-3358-47a9-94d7-508221dad233,OCR Windows es-ES sobre PDF oficial,100,Alta,Regla jurídica determinista,2026_conv2025_rojo_A-T22,1.0
2026_conv2025_rojo_A-T23,2026,2025,2026-06-28,Acceso libre,Primera parte,Rojo A,Rojo/Verde A/B,Sí,Los colores y modelos reproducen el mismo conjunto de preguntas con orden y/o opciones permutados; Rojo A es la variante canónica para frecuencias y Verde A se conserva como control de cobertura.,23,No,"De conformidad con el artículo 122 de la Ley 3912015, de I de octubre, del Procedimiento Administrativo Común de las Administraciones Públicas, 'eI plazo máximo para notificar la resolución de un recurso de alzada será:","Un mes y contra su resolución no cabrá ningún otro recurso administrativo, salvo el recurso extraordinario de revisión, en los casos establecidos en el artículo 125. I .","Tres meses y contra su resolución no cabrá ningún otro recurso administrativo, salvo el recurso extraordinario de revisión, en los casos establecidos en el artículo 125.1.",Dos meses y contra su resolución no cabrá ningún otro recurso administrativo.,Tres meses y contra su resolución no cabrá ningún otro recurso administrativo.,G18,18,Temario general,Los recursos administrativos: concepto y clases. Recurso de alzada. Recurso potestativo de reposición. Recurso extraordinario de revisión. La jurisdicción contencioso-administrativa: objeto y plazos de interposición del recurso contencioso administrativo.,recurso de alzada,,122,Plazos,Media,recurso de alzada,,,No,Teórico,B,B,Válida,01. Información oficial de la oposición\Exámenes oficiales anteriores\2026 Convocatoria 2025 - Acceso libre Rojo A.pdf,https://www.seg-social.es/wps/portal/wss/internet/InformacionUtil/9950/88beb45d-ca83-4bab-8162-f94ef2894562/e0c83707-3358-47a9-94d7-508221dad233,OCR Windows es-ES sobre PDF oficial,100,Alta,Regla jurídica determinista,2026_conv2025_rojo_A-T23,1.0
2026_conv2025_rojo_A-T24,2026,2025,2026-06-28,Acceso libre,Primera parte,Rojo A,Rojo/Verde A/B,Sí,Los colores y modelos reproducen el mismo conjunto de preguntas con orden y/o opciones permutados; Rojo A es la variante canónica para frecuencias y Verde A se conserva como control de cobertura.,24,No,"Respecto a los derechos retributivos de los empleados públicos regulados en el Real Decreto Legislativo 5/2015, de 30 de octubre, por eI que se aprueba eI texto refundido de la Ley del Estatuto Básico del Empleado Público, señale la respuesta INCORRECTA:","Las retribuciones complementarias son las que retribuyen las características de los puestos de trabajo, la carrera profesional o eI desempeño, rendimiento o resultados alcanzados por eI funcionario.","No podrá percibirse participación en tributos o en cualquier otro ingreso de las Administraciones Públicas como contraprestación de cualquier servicio, participación o premio en multas impuestas, aun cuando estuviesen normativamente atribuidas a los servicios.","Los trienios, en su condición de retribución complementaria, consisten en una cantidad que será igual para cada Subgrupo o Grupo de clasificación profesional, en el supuesto de que éste no tenga Subgrupo, por cada tres años de servicio.","Las retribuciones complementarias contemplan la especial dificultad técnica, responsabilidad, dedicación, incompatibilidad exigible para el desempeño de determinados puestos de trabajo o las condiciones en que se desarrolla el trabajo.",G19,19,Temario general,"El personal al servicio de las Administraciones Públicas: concepto y clases. Derechos y deberes de los funcionarios. La carrera administrativa. Las incompatibilidades. Régimen disciplinario: faltas, sanciones y procedimiento.",G19,Real Decreto Legislativo 5/2015,,Artículos literales,Alta,G19,,,Sí,Teórico,C,C,Válida,01. Información oficial de la oposición\Exámenes oficiales anteriores\2026 Convocatoria 2025 - Acceso libre Rojo A.pdf,https://www.seg-social.es/wps/portal/wss/internet/InformacionUtil/9950/88beb45d-ca83-4bab-8162-f94ef2894562/e0c83707-3358-47a9-94d7-508221dad233,OCR Windows es-ES sobre PDF oficial,100,Alta,Regla jurídica determinista,2026_conv2025_rojo_A-T24,1.0
2026_conv2025_rojo_A-T25,2026,2025,2026-06-28,Acceso libre,Primera parte,Rojo A,Rojo/Verde A/B,Sí,Los colores y modelos reproducen el mismo conjunto de preguntas con orden y/o opciones permutados; Rojo A es la variante canónica para frecuencias y Verde A se conserva como control de cobertura.,25,No,"De acuerdo con 10 dispuesto en el artículo 56 del Real Decreto Legislativo 1/2013, de 29 de noviembre, por eI que se aprueba eI Texto Refundido de la Ley General de los Derechos de las Personas con Discapacidad y de su Inclusión Social, ¿a qué órgano se adscribe la Oficina de Atención a la Discapacidad?",Consejo Nacional de la Discapacidad.,Real Patronato sobre Discapacidad.,Observatorio Estatal de la Discapacidad.,Dirección General de Derechos de las Personas con Discapacidad.,G21,21,Temario general,"Políticas de igualdad y contra la violencia de género. Discapacidad y dependencia: régimen jurídico. La Ley 4/2023, de 28 de febrero, para la igualdad real y efectiva de las personas trans y para la garantía de los derechos de las personas LGTBI.",G21,Real Decreto Legislativo 1/2013,56,Órganos,Media,G21,,,No,Teórico,A,A,Válida,01. Información oficial de la oposición\Exámenes oficiales anteriores\2026 Convocatoria 2025 - Acceso libre Rojo A.pdf,https://www.seg-social.es/wps/portal/wss/internet/InformacionUtil/9950/88beb45d-ca83-4bab-8162-f94ef2894562/e0c83707-3358-47a9-94d7-508221dad233,OCR Windows es-ES sobre PDF oficial,100,Alta,Regla jurídica determinista,2026_conv2025_rojo_A-T25,1.0
2026_conv2025_rojo_A-T26,2026,2025,2026-06-28,Acceso libre,Primera parte,Rojo A,Rojo/Verde A/B,Sí,Los colores y modelos reproducen el mismo conjunto de preguntas con orden y/o opciones permutados; Rojo A es la variante canónica para frecuencias y Verde A se conserva como control de cobertura.,26,No,"De conformidad con eI artículo 27 de la Ley Orgánica 3/2007, de 22 de marzo, para la igualdad efectiva de mujeres y hombres, las políticas, estrategias y programas de salud integrarán las distintas necesidades de mujeres y hombres y las medidas necesarias para abordarlas adecuadamente:",En su puesta en marcha y posterior revisión.,En todos sus ámbitos.,Exclusivamente en su desarrollo.,"En su formulación, desarrollo y evaluación.",G21,21,Temario general,"Políticas de igualdad y contra la violencia de género. Discapacidad y dependencia: régimen jurídico. La Ley 4/2023, de 28 de febrero, para la igualdad real y efectiva de las personas trans y para la garantía de los derechos de las personas LGTBI.",G21,Ley Orgánica 3/2007,27,Artículos literales,Media,G21,,,No,Teórico,D,D,Válida,01. Información oficial de la oposición\Exámenes oficiales anteriores\2026 Convocatoria 2025 - Acceso libre Rojo A.pdf,https://www.seg-social.es/wps/portal/wss/internet/InformacionUtil/9950/88beb45d-ca83-4bab-8162-f94ef2894562/e0c83707-3358-47a9-94d7-508221dad233,OCR Windows es-ES sobre PDF oficial,100,Alta,Regla jurídica determinista,2026_conv2025_rojo_A-T26,1.0
2026_conv2025_rojo_A-T27,2026,2025,2026-06-28,Acceso libre,Primera parte,Rojo A,Rojo/Verde A/B,Sí,Los colores y modelos reproducen el mismo conjunto de preguntas con orden y/o opciones permutados; Rojo A es la variante canónica para frecuencias y Verde A se conserva como control de cobertura.,27,No,"Según eI art. 6 del Reglamento (UE) 2016/679 del Parlamento Europeo y del Consejo de 27 de abril de 2016, el tratamiento de los datos solo es lícito si se cumple al menos una de las siguientes condiciones: Señale la respuesta INCORRECTA.",EI interesado dio su consentimiento para el tratamiento de sus datos personales para uno o varios fines específicos.,EI tratamiento es necesario para proteger intereses vitales del interesado o de otra persona física.,EI tratamiento no es necesario. para el cumplimiento de una obligación legal aplicable al responsable del tratamiento.,EI tratamiento es necesario para la ejecución de un contrato en eI que el interesado es parte o para la aplicación a petición de este de medidas precontractuales.,G22,22,Temario general,"Normativa reguladora de la protección de datos personales: principios, derechos de las personas y ejercicios de los derechos.",G22,Reglamento (UE) 2016/679,,Artículos literales,Alta,G22,Parlamento Europeo,,Sí,Teórico,C,C,Válida,01. Información oficial de la oposición\Exámenes oficiales anteriores\2026 Convocatoria 2025 - Acceso libre Rojo A.pdf,https://www.seg-social.es/wps/portal/wss/internet/InformacionUtil/9950/88beb45d-ca83-4bab-8162-f94ef2894562/e0c83707-3358-47a9-94d7-508221dad233,OCR Windows es-ES sobre PDF oficial,100,Alta,Regla jurídica determinista,2026_conv2025_rojo_A-T27,1.0
2026_conv2025_rojo_A-T28,2026,2025,2026-06-28,Acceso libre,Primera parte,Rojo A,Rojo/Verde A/B,Sí,Los colores y modelos reproducen el mismo conjunto de preguntas con orden y/o opciones permutados; Rojo A es la variante canónica para frecuencias y Verde A se conserva como control de cobertura.,28,No,"En relación con la configuración del expediente electrónico administrativo, regulada en eI artículo 51 del Real Decreto 203/2021, de 30 de marzo, por el que se aprueba eI Reglamento de actuación y funcionamiento del sector público por medios electrónicos, señale la respuesta correcta:",EI foliado de los expedientes administrativos electrónicos se llevará a cabo mediante un índice electrónico autenticado.,En ningún caso se formarán expedientes de manera automática.,Un mismo documento no podrá formar parte de distintos expedientes administrativos.,EI índice electrónico autenticado será firmado por un funcionario del órgano que conforme el expediente para su tramitación.,G23,23,Temario general,"El funcionamiento electrónico del sector público. Derecho y obligación de relacionarse electrónicamente con las Administraciones Públicas, registros y archivo electrónico.",G23,Real Decreto 203/2021,51,Artículos literales,Media,G23,,,No,Teórico,A,A,Válida,01. Información oficial de la oposición\Exámenes oficiales anteriores\2026 Convocatoria 2025 - Acceso libre Rojo A.pdf,https://www.seg-social.es/wps/portal/wss/internet/InformacionUtil/9950/88beb45d-ca83-4bab-8162-f94ef2894562/e0c83707-3358-47a9-94d7-508221dad233,OCR Windows es-ES sobre PDF oficial,100,Alta,Regla jurídica determinista,2026_conv2025_rojo_A-T28,1.0
2026_conv2025_rojo_A-T29,2026,2025,2026-06-28,Acceso libre,Primera parte,Rojo A,Rojo/Verde A/B,Sí,Los colores y modelos reproducen el mismo conjunto de preguntas con orden y/o opciones permutados; Rojo A es la variante canónica para frecuencias y Verde A se conserva como control de cobertura.,29,No,¿Cuál de los siguientes NO es un Título del texto refundido de la Ley General de la Seguridad Social?,Prestaciones contributivas.,Prestaciones no contributivas.,Prestación por cese de actividad.,Normas generales del sistema de la Seguridad Social.,S01,1,Temario específico Seguridad Social,La Seguridad Social en la Constitución española de 1978. El texto refundido de la Ley General de la Seguridad Social.,S01,texto refundido de la Ley General de la Seguridad Social,,Artículos literales,Básica,S01,,,Sí,Teórico,A,ANULADA,Anulada,01. Información oficial de la oposición\Exámenes oficiales anteriores\2026 Convocatoria 2025 - Acceso libre Rojo A.pdf,https://www.seg-social.es/wps/portal/wss/internet/InformacionUtil/9950/88beb45d-ca83-4bab-8162-f94ef2894562/e0c83707-3358-47a9-94d7-508221dad233,OCR Windows es-ES sobre PDF oficial,100,Alta,Regla jurídica determinista,2026_conv2025_rojo_A-T29,1.0
2026_conv2025_rojo_A-T30,2026,2025,2026-06-28,Acceso libre,Primera parte,Rojo A,Rojo/Verde A/B,Sí,Los colores y modelos reproducen el mismo conjunto de preguntas con orden y/o opciones permutados; Rojo A es la variante canónica para frecuencias y Verde A se conserva como control de cobertura.,30,No,¿Cuántas disposiciones adicionales tiene eI texto refundido de la Ley General de la Seguridad Social?,54.,61.,373.,60.,S01,1,Temario específico Seguridad Social,La Seguridad Social en la Constitución española de 1978. El texto refundido de la Ley General de la Seguridad Social.,S01,texto refundido de la Ley General de la Seguridad Social,,Artículos literales,Básica,S01,,,No,Teórico,B,B,Válida,01. Información oficial de la oposición\Exámenes oficiales anteriores\2026 Convocatoria 2025 - Acceso libre Rojo A.pdf,https://www.seg-social.es/wps/portal/wss/internet/InformacionUtil/9950/88beb45d-ca83-4bab-8162-f94ef2894562/e0c83707-3358-47a9-94d7-508221dad233,OCR Windows es-ES sobre PDF oficial,100,Alta,Regla jurídica determinista,2026_conv2025_rojo_A-T30,1.0
2026_conv2025_rojo_A-T31,2026,2025,2026-06-28,Acceso libre,Primera parte,Rojo A,Rojo/Verde A/B,Sí,Los colores y modelos reproducen el mismo conjunto de preguntas con orden y/o opciones permutados; Rojo A es la variante canónica para frecuencias y Verde A se conserva como control de cobertura.,31,No,¿Cuál de los siguientes NO se considera un Régimen Especial de la Seguridad Social de los previstos en el articulo 10 del texto refundido de la Ley General de la Seguridad Social?:,Trabajadores del hogar.,Trabajadores por cuenta propia o autónomos.,Trabajadores del mar.,Estudiantes.,S02,2,Temario específico Seguridad Social,"Campo de aplicación y composición del sistema de la Seguridad Social. Régimen general: ámbito subjetivo de aplicación, inclusiones y exclusiones. Regímenes especiales: enumeración, características generales, altas, bajas y cotización. Particularidades de la acción protectora. Sistemas especiales: enumeración y características generales. Altas, bajas y cotización. Particularidades de la acción protectora.",S02,texto refundido de la Ley General de la Seguridad Social,10,Artículos literales,Media,S02,,,No,Teórico,A,A,Válida,01. Información oficial de la oposición\Exámenes oficiales anteriores\2026 Convocatoria 2025 - Acceso libre Rojo A.pdf,https://www.seg-social.es/wps/portal/wss/internet/InformacionUtil/9950/88beb45d-ca83-4bab-8162-f94ef2894562/e0c83707-3358-47a9-94d7-508221dad233,OCR Windows es-ES sobre PDF oficial,100,Alta,Regla jurídica determinista,2026_conv2025_rojo_A-T31,1.0
2026_conv2025_rojo_A-T32,2026,2025,2026-06-28,Acceso libre,Primera parte,Rojo A,Rojo/Verde A/B,Sí,Los colores y modelos reproducen el mismo conjunto de preguntas con orden y/o opciones permutados; Rojo A es la variante canónica para frecuencias y Verde A se conserva como control de cobertura.,32,No,"Señale la respuesta correcta en base a 10 previsto en el artículo 12 del texto refundido de la Ley General de la Seguridad Social, sobre los familiares del empresario/a:","No tendrán la consideración de trabajadores/as por cuenta ajena, salvo prueba en contrario: parientes del empresario/a, por consanguinidad o afinidad hasta el tercer grado inclusive y, en su caso, por adopción, ocupados en su centro o centros de trabajo, cuando convivan en su hogar y estén a su cargo.","Los trabajadore/as autónomos podrán contratar, como trabajadores por cuenta ajena, a los hijos/as menores de 30 años, aunque convivan con ellos, quedando incluida la cobertura por desempleo dentro de la acción protectora dispensada.","Los trabajadores/as autónomos podrán contratar, como trabajadores/as por cuenta ajena, a los hijos/as que, aun siendo mayores de 30 años, convivan con ellos y tengan especiales dificultades para su inserción laboral.","Tendrá la consideración de trabajador/a por cuenta ajena, en todo caso, eI cónyuge del empresario/a.",S02,2,Temario específico Seguridad Social,"Campo de aplicación y composición del sistema de la Seguridad Social. Régimen general: ámbito subjetivo de aplicación, inclusiones y exclusiones. Regímenes especiales: enumeración, características generales, altas, bajas y cotización. Particularidades de la acción protectora. Sistemas especiales: enumeración y características generales. Altas, bajas y cotización. Particularidades de la acción protectora.",S02,texto refundido de la Ley General de la Seguridad Social,12,Artículos literales,Media,S02,,,No,Teórico,C,C,Válida,01. Información oficial de la oposición\Exámenes oficiales anteriores\2026 Convocatoria 2025 - Acceso libre Rojo A.pdf,https://www.seg-social.es/wps/portal/wss/internet/InformacionUtil/9950/88beb45d-ca83-4bab-8162-f94ef2894562/e0c83707-3358-47a9-94d7-508221dad233,OCR Windows es-ES sobre PDF oficial,100,Alta,Regla jurídica determinista,2026_conv2025_rojo_A-T32,1.0
2026_conv2025_rojo_A-T33,2026,2025,2026-06-28,Acceso libre,Primera parte,Rojo A,Rojo/Verde A/B,Sí,Los colores y modelos reproducen el mismo conjunto de preguntas con orden y/o opciones permutados; Rojo A es la variante canónica para frecuencias y Verde A se conserva como control de cobertura.,33,No,Están obligatoriamente incluidos en eI campo de aplicación del Régimen Especial de la Seguridad Social de los Trabajadores por Cuenta Propia o Autónomos:,Los trabajadores incluidos en el Sistema Especial para Trabajadores por Cuenta Ajena Agrarios.,"Los trabajadores autónomos económicamente dependientes a los que se refiere la Ley 20/2007, de 11 de julio.","Los miembros del Cuerpo de Registradores de la Propiedad, Mercantiles y de Bienes Muebles, excluidos los del Cuerpo de Aspirantes.",Los socios trabajadores de las cooperativas de trabajo asociado dedicados a la venta ambulante siempre que no perciban ingresos directamente de los compradores.,S02,2,Temario específico Seguridad Social,"Campo de aplicación y composición del sistema de la Seguridad Social. Régimen general: ámbito subjetivo de aplicación, inclusiones y exclusiones. Regímenes especiales: enumeración, características generales, altas, bajas y cotización. Particularidades de la acción protectora. Sistemas especiales: enumeración y características generales. Altas, bajas y cotización. Particularidades de la acción protectora.",S02,,,Artículos literales,Media,S02,,,No,Teórico,B,B,Válida,01. Información oficial de la oposición\Exámenes oficiales anteriores\2026 Convocatoria 2025 - Acceso libre Rojo A.pdf,https://www.seg-social.es/wps/portal/wss/internet/InformacionUtil/9950/88beb45d-ca83-4bab-8162-f94ef2894562/e0c83707-3358-47a9-94d7-508221dad233,OCR Windows es-ES sobre PDF oficial,100,Alta,Regla jurídica determinista,2026_conv2025_rojo_A-T33,1.0
2026_conv2025_rojo_A-T34,2026,2025,2026-06-28,Acceso libre,Primera parte,Rojo A,Rojo/Verde A/B,Sí,Los colores y modelos reproducen el mismo conjunto de preguntas con orden y/o opciones permutados; Rojo A es la variante canónica para frecuencias y Verde A se conserva como control de cobertura.,34,No,En relación con eI cambio de base de cotización por los trabajadores incluidos en el Régimen Especial de la Seguridad Social de los Trabajadores por Cuenta Propia o Autónomos:,Podrán cambiar hasta cuatro veces al año la base por la que vengan obligados a cotizar.,Podrán elegir otra dentro de los límites mínimo y máximo aplicables en eI ejercicio inmediatamente anterior.,Lo tendrán que solicitar a la Dirección Provincial del Instituto Nacional de la Seguridad Social que correspohda según territorio.,"EI cambio de base de cotización tendrá efecto el I de marzo, si la solicitud se formula entre el 1 de enero y el último día natural del mes de febrero.",S04,4,Temario específico Seguridad Social,La cotización a la Seguridad Social: normas comunes del sistema. La liquidación de cuotas. El régimen general de la Seguridad Social. Supuestos especiales. Bases y tipos de cotización. Liquidación de otras deudas.,base de cotización,,,Cotización,Media,base de cotización,,,No,Teórico,D,D,Válida,01. Información oficial de la oposición\Exámenes oficiales anteriores\2026 Convocatoria 2025 - Acceso libre Rojo A.pdf,https://www.seg-social.es/wps/portal/wss/internet/InformacionUtil/9950/88beb45d-ca83-4bab-8162-f94ef2894562/e0c83707-3358-47a9-94d7-508221dad233,OCR Windows es-ES sobre PDF oficial,100,Alta,Regla jurídica determinista,2026_conv2025_rojo_A-T34,1.0
2026_conv2025_rojo_A-T35,2026,2025,2026-06-28,Acceso libre,Primera parte,Rojo A,Rojo/Verde A/B,Sí,Los colores y modelos reproducen el mismo conjunto de preguntas con orden y/o opciones permutados; Rojo A es la variante canónica para frecuencias y Verde A se conserva como control de cobertura.,35,No,"Según el Real Decreto 84/1996, de 26 de enero, se considera empresario:","En el Régimen Especial de Profesionales Taurinos, el organizador, sea este persona física o jurídica, en relación con los espectáculos de este carácter en que aquellos intervengan.","Toda persona física o jurídica, pública o privada a la que presten servicios, con la consideración de trabajadores por cuenta ajena o asimilados, las personas comprendidas en el campo de aplicación de cualquier Régimen de los que integran el sistema de la Seguridad Social.","En el Régimen Especial Agrario, a quien ocupe trabajadores por cuenta ajena y tenga una explotación con una extensión mínima según 10 establecido en eI Reglamento de Afiliación.","En el Régimen General, para los miembros de los cultos religiosos, la autoridad de mayor rango según 10 tenga establecido cada confesión religiosa.",S03,3,Temario específico Seguridad Social,Normas sobre afiliación. Altas y bajas en el régimen general. Procedimiento y efectos. El convenio especial y otras situaciones asimiladas a la del alta. Encuadramiento e inscripción.,S03,Real Decreto 84/1996,,"Afiliación, altas y bajas",Media,S03,,,No,Teórico,B,B,Válida,01. Información oficial de la oposición\Exámenes oficiales anteriores\2026 Convocatoria 2025 - Acceso libre Rojo A.pdf,https://www.seg-social.es/wps/portal/wss/internet/InformacionUtil/9950/88beb45d-ca83-4bab-8162-f94ef2894562/e0c83707-3358-47a9-94d7-508221dad233,OCR Windows es-ES sobre PDF oficial,100,Alta,Regla jurídica determinista,2026_conv2025_rojo_A-T35,1.0
2026_conv2025_rojo_A-T36,2026,2025,2026-06-28,Acceso libre,Primera parte,Rojo A,Rojo/Verde A/B,Sí,Los colores y modelos reproducen el mismo conjunto de preguntas con orden y/o opciones permutados; Rojo A es la variante canónica para frecuencias y Verde A se conserva como control de cobertura.,36,No,"En relación con los efectos que producen las altas, bajas y variaciones en los diferentes regímenes de la Seguridad Social según el Real Decreto 84/1996, de 26 de enero:",Las altas presentadas con anterioridad a los 60 dias naturales al inicio de la actividad producirán efectos desde el día en que se inicie la actividad.,Las altas practicadas de oficio por las Direcciones Provinciales de la TGSS o administraciones de la Seguridad Social retrotraerán sus efectos a la fecha en que los hechos que las motiven hayan sido conocidos por unas u otras.,"Las bajas que se comuniquen al sexto día del cese en el trabajo, producirán efectos desde el día del cese.",Las variaciones que puedan producirse en los datos de los trabajadores en alta causarán efectos a partir del momento en que aquellas se produzcan siempre que sean comunicadas en cualquier momento y de la forma establecida a la Tesorería General de la Seguridad Social.,S03,3,Temario específico Seguridad Social,Normas sobre afiliación. Altas y bajas en el régimen general. Procedimiento y efectos. El convenio especial y otras situaciones asimiladas a la del alta. Encuadramiento e inscripción.,S03,Real Decreto 84/1996,,"Afiliación, altas y bajas",Media,S03,,,No,Teórico,B,B,Válida,01. Información oficial de la oposición\Exámenes oficiales anteriores\2026 Convocatoria 2025 - Acceso libre Rojo A.pdf,https://www.seg-social.es/wps/portal/wss/internet/InformacionUtil/9950/88beb45d-ca83-4bab-8162-f94ef2894562/e0c83707-3358-47a9-94d7-508221dad233,OCR Windows es-ES sobre PDF oficial,100,Alta,Regla jurídica determinista,2026_conv2025_rojo_A-T36,1.0
2026_conv2025_rojo_A-T37,2026,2025,2026-06-28,Acceso libre,Primera parte,Rojo A,Rojo/Verde A/B,Sí,Los colores y modelos reproducen el mismo conjunto de preguntas con orden y/o opciones permutados; Rojo A es la variante canónica para frecuencias y Verde A se conserva como control de cobertura.,37,No,"Conforme a la Orden TAS/2865/2003, ¿qué requisito es imprescindible para suscribir un convenio Especial con la Seguridad Social?","Solicitar su suscripción ante la Dirección Provincial de la Tesorería General de la Seguridad Social o administración de la Seguridad Social correspondiente al domicilio del solicitante en el plazo de un año, que se computará de la forma prevista en el artículo 3 de la citada Ordem","Tener cubierto, en la fecha de solicitud del convenio especial, un período de mil ochenta días de cotización al Sistema de la Seguridad Social en los quince años inmediatamente anteriores a la baja en eI Régimen de la Seguridad Social de que se trate.",LOS diputados y senadores de las Cortes Generales para poder suscribir un Convenio Especial deben tener cubierto un período mínimo de cotización de ciento ochenta días en cualquiera de los Regímenes que integran la Seguridad Social.,Solicitar la suscripción del convenio especial en eI plazo máximo de nueve meses contados desde la resolución administrativa o judicial firme para aquellos trabajadores que causen baja en el correspondiente Régimen de la SS por haber solicitado una pensión y esta les sea posteriormente denegada.,S03,3,Temario específico Seguridad Social,Normas sobre afiliación. Altas y bajas en el régimen general. Procedimiento y efectos. El convenio especial y otras situaciones asimiladas a la del alta. Encuadramiento e inscripción.,S03,,,Requisitos,Media,S03,,,No,Teórico,A,A,Válida,01. Información oficial de la oposición\Exámenes oficiales anteriores\2026 Convocatoria 2025 - Acceso libre Rojo A.pdf,https://www.seg-social.es/wps/portal/wss/internet/InformacionUtil/9950/88beb45d-ca83-4bab-8162-f94ef2894562/e0c83707-3358-47a9-94d7-508221dad233,OCR Windows es-ES sobre PDF oficial,100,Alta,Regla jurídica determinista,2026_conv2025_rojo_A-T37,1.0
2026_conv2025_rojo_A-T38,2026,2025,2026-06-28,Acceso libre,Primera parte,Rojo A,Rojo/Verde A/B,Sí,Los colores y modelos reproducen el mismo conjunto de preguntas con orden y/o opciones permutados; Rojo A es la variante canónica para frecuencias y Verde A se conserva como control de cobertura.,38,No,"De acuerdo con el Real Decreto 84/1996, en las situaciones de pluriactividad y pluriempleo:",Se considera pluriactividad la situación del trabajador por cuenta propia y/o ajena cuyas actividades den lugar a su alta obligatoria en dos o más Regímenes distintos del sistema de la Seguridad Social.,Se entenderá por pluriempleo la situación del trabajador por cuenta ajena contratado por dos o más empresas y que además ejerza servicios profesionales encuadrados dentro del Régimen Especial de Trabajadores Autónomos.,Los empresarios que conozcan la situación de pluriempleo de sus trabajadores pueden comunicar las altas y las bajas de estos en el plazo de los 90 días siguientes al inicio de la actividad.,"Si una de las actividades determinase la inclusión en el Sistema Especial de Trabajadores por Cuenta Propia Agrarios, eI alta se practicará por dicha actividad y la Tesorería podrá pedir un informe de la Intervención General de la Seguridad Social.",S03,3,Temario específico Seguridad Social,Normas sobre afiliación. Altas y bajas en el régimen general. Procedimiento y efectos. El convenio especial y otras situaciones asimiladas a la del alta. Encuadramiento e inscripción.,S03,Real Decreto 84/1996,,"Afiliación, altas y bajas",Media,S03,,,No,Teórico,A,A,Válida,01. Información oficial de la oposición\Exámenes oficiales anteriores\2026 Convocatoria 2025 - Acceso libre Rojo A.pdf,https://www.seg-social.es/wps/portal/wss/internet/InformacionUtil/9950/88beb45d-ca83-4bab-8162-f94ef2894562/e0c83707-3358-47a9-94d7-508221dad233,OCR Windows es-ES sobre PDF oficial,100,Alta,Regla jurídica determinista,2026_conv2025_rojo_A-T38,1.0
2026_conv2025_rojo_A-T39,2026,2025,2026-06-28,Acceso libre,Primera parte,Rojo A,Rojo/Verde A/B,Sí,Los colores y modelos reproducen el mismo conjunto de preguntas con orden y/o opciones permutados; Rojo A es la variante canónica para frecuencias y Verde A se conserva como control de cobertura.,39,No,"De conformidad con eI artículo 18 del Real Decreto 206411995, de 22 de diciembre, por el que se aprueba el Reglamento General sobre Cotización y Liquidación de otros Derechos de la Seguridad Social, en eI sistema de liquidación simplificada:",La Tesorería General de la Seguridad Social practicará la liquidación de las cuotas de la Seguridad Social correspondientes a cada período sin necesidad de solicitud previa por parte del sujeto responsable.,EI sujeto responsable practicará la liquidación de las cuotas de la Seguridad Social correspondientes a cada período sin necesidad de solicitud previa por parte de la Tesorería General de la Seguridad Social.,EI sujeto responsable practicará la liquidación de las cuotas de la Seguridad Social correspondientes a cada período sin necesidad de comunicación previa al trabajador.,EI Instituto Nacional de la Seguridad Social practicará la liquidación de las cuotas de la Seguridad Social correspondientes a cada período sin necesidad de comunicación previa al trabajador.,S04,4,Temario específico Seguridad Social,La cotización a la Seguridad Social: normas comunes del sistema. La liquidación de cuotas. El régimen general de la Seguridad Social. Supuestos especiales. Bases y tipos de cotización. Liquidación de otras deudas.,S04,,18,Cotización,Media,S04,,,No,Teórico,A,A,Válida,01. Información oficial de la oposición\Exámenes oficiales anteriores\2026 Convocatoria 2025 - Acceso libre Rojo A.pdf,https://www.seg-social.es/wps/portal/wss/internet/InformacionUtil/9950/88beb45d-ca83-4bab-8162-f94ef2894562/e0c83707-3358-47a9-94d7-508221dad233,OCR Windows es-ES sobre PDF oficial,100,Alta,Regla jurídica determinista,2026_conv2025_rojo_A-T39,1.0
2026_conv2025_rojo_A-T40,2026,2025,2026-06-28,Acceso libre,Primera parte,Rojo A,Rojo/Verde A/B,Sí,Los colores y modelos reproducen el mismo conjunto de preguntas con orden y/o opciones permutados; Rojo A es la variante canónica para frecuencias y Verde A se conserva como control de cobertura.,40,No,"Según el artículo 253 del texto refundido de la Ley General de la Seguridad Social, la exclusión del Sistema Especial para Trabajadores por Cuenta Ajena Agrarios durante los períodos de inactividad, con la consiguiente baja en eI Régimen General, podrá producirse:","De oficio por la Tesorería General de la Seguridad Social cuando el trabajador no realice un mínimo de 30 jornadas de labores agrarias en un período continuado de trescientos sesenta y cinco días, computados desde el siguiente a aquel en que finalice el período anterior.","De oficio por la Tesorería General de la Seguridad Social cuando eI trabajador no realice un mínimo de 40 jornadas de labores agrarias en un período continuado de trescientos sesenta y cinco días, computados desde el siguiente a aquel en que finalice el período anterior.","De oficio por la Tesorería General de la Seguridad Social cuando el trabajador no realice un mínimo de 50 jornadas de labores agrarias en un período continuado de trescientos sesenta y cinco días, computados desde el siguiente a aquel en que finalice el período anterior.","De oficio por la Tesorería General de la Seguridad Social cuando el trabajador no realice un mínimo de 60 jornadas de labores agrarias en un período continuado de trescientos sesenta y cinco días, computados desde el siguiente a aquel en que finalice el período anterior.",S02,2,Temario específico Seguridad Social,"Campo de aplicación y composición del sistema de la Seguridad Social. Régimen general: ámbito subjetivo de aplicación, inclusiones y exclusiones. Regímenes especiales: enumeración, características generales, altas, bajas y cotización. Particularidades de la acción protectora. Sistemas especiales: enumeración y características generales. Altas, bajas y cotización. Particularidades de la acción protectora.",baja,texto refundido de la Ley General de la Seguridad Social,253,Artículos literales,Media,baja,,,No,Teórico,A,A,Válida,01. Información oficial de la oposición\Exámenes oficiales anteriores\2026 Convocatoria 2025 - Acceso libre Rojo A.pdf,https://www.seg-social.es/wps/portal/wss/internet/InformacionUtil/9950/88beb45d-ca83-4bab-8162-f94ef2894562/e0c83707-3358-47a9-94d7-508221dad233,OCR Windows es-ES sobre PDF oficial,100,Alta,Regla jurídica determinista,2026_conv2025_rojo_A-T40,1.0
2026_conv2025_rojo_A-T41,2026,2025,2026-06-28,Acceso libre,Primera parte,Rojo A,Rojo/Verde A/B,Sí,Los colores y modelos reproducen el mismo conjunto de preguntas con orden y/o opciones permutados; Rojo A es la variante canónica para frecuencias y Verde A se conserva como control de cobertura.,41,No,"En relación con los trabajadores contratados a tiempo parcial, el artículo 246 del texto refundido de la Ley General de la Seguridad Social establece que la base de cotización a la Seguridad Social y de las aportaciones que se recaudan conjuntamente con las cuotas de aquella:",Será siempre mensual y estará constituida por las retribuciones efectivamente percibidas en función de las horas ordinarias trabajadas.,"Será siempre mensual y estará constituida por las retribuciones efectivamente percibidas en función de las horas trabajadas, tanto ordinarias como complementarias.","Será mensual o semanal, en función del tipo de contrato, y estará constituida por las retribuciones efectivamente percibidas en función de las horas trabajadas, tanto ordinarias como complementarias.","Será mensual o semanal, en función del tipo de contrato, y estará constituida por las retribuciones efectivamente percibidas en función de las horas ordinarias trabajadas.",S04,4,Temario específico Seguridad Social,La cotización a la Seguridad Social: normas comunes del sistema. La liquidación de cuotas. El régimen general de la Seguridad Social. Supuestos especiales. Bases y tipos de cotización. Liquidación de otras deudas.,base de cotización,texto refundido de la Ley General de la Seguridad Social,246,Cotización,Media,base de cotización,,,No,Teórico,B,B,Válida,01. Información oficial de la oposición\Exámenes oficiales anteriores\2026 Convocatoria 2025 - Acceso libre Rojo A.pdf,https://www.seg-social.es/wps/portal/wss/internet/InformacionUtil/9950/88beb45d-ca83-4bab-8162-f94ef2894562/e0c83707-3358-47a9-94d7-508221dad233,OCR Windows es-ES sobre PDF oficial,100,Alta,Regla jurídica determinista,2026_conv2025_rojo_A-T41,1.0
2026_conv2025_rojo_A-T42,2026,2025,2026-06-28,Acceso libre,Primera parte,Rojo A,Rojo/Verde A/B,Sí,Los colores y modelos reproducen el mismo conjunto de preguntas con orden y/o opciones permutados; Rojo A es la variante canónica para frecuencias y Verde A se conserva como control de cobertura.,42,No,"De acuerdo con el artículo 7 del Real Decreto 1415/2004, de 11 de junio, por el que se aprueba eI Reglamento General de Recaudación de la Seguridad Social, los actos de la Tesorería General de la Seguridad Social para la determinación y recaudación de la deuda con la Seguridad Social:",Gozan de presunción de legalidad y son inmediatamente ejecutivos.,Gozan de presunción de validez y son inmediatamente ejecutivos.,Gozan de presunción de legalidad y son ejecutivos cuando adquieren firmeza en vía administrativa.,Gozan de presunción de validez y son ejecutivos cuando adquieren firmeza en vía administrativa.,S05,5,Temario específico Seguridad Social,"La gestión recaudatoria: concepto, competencia y objeto. Responsables del pago. Requisitos para el pago. Medios de pago. Control de recaudación. Revisión de los actos de gestión recaudatoria. La recaudación en periodo voluntario. Efectos de la falta de cotización en período reglamentario. Recaudación de otros recursos. Aplazamientos. Devolución de ingresos indebidos. Capital coste de pensiones.",S05,Real Decreto 1415/2004,7,Recaudación,Media,S05,Tesorería General de la Seguridad Social,,No,Teórico,A,A,Válida,01. Información oficial de la oposición\Exámenes oficiales anteriores\2026 Convocatoria 2025 - Acceso libre Rojo A.pdf,https://www.seg-social.es/wps/portal/wss/internet/InformacionUtil/9950/88beb45d-ca83-4bab-8162-f94ef2894562/e0c83707-3358-47a9-94d7-508221dad233,OCR Windows es-ES sobre PDF oficial,100,Alta,Regla jurídica determinista,2026_conv2025_rojo_A-T42,1.0
2026_conv2025_rojo_A-T43,2026,2025,2026-06-28,Acceso libre,Primera parte,Rojo A,Rojo/Verde A/B,Sí,Los colores y modelos reproducen el mismo conjunto de preguntas con orden y/o opciones permutados; Rojo A es la variante canónica para frecuencias y Verde A se conserva como control de cobertura.,43,No,"EI artículo 34 del Real Decreto 1415/2004, de 11 de junio, por el que se aprueba el Reglamento General de Recaudación de 'a Seguridad Social, establece que en los aplazamientos en los que se haya eximido de constituir garantías por causas de carácter extraordinario, el interés aplicable será:",EI interés legal del dinero.,EI interés de demora.,EI interés legal del dinero incrementado en el interés de demora.,No se devenga interés.,S05,5,Temario específico Seguridad Social,"La gestión recaudatoria: concepto, competencia y objeto. Responsables del pago. Requisitos para el pago. Medios de pago. Control de recaudación. Revisión de los actos de gestión recaudatoria. La recaudación en periodo voluntario. Efectos de la falta de cotización en período reglamentario. Recaudación de otros recursos. Aplazamientos. Devolución de ingresos indebidos. Capital coste de pensiones.",S05,Real Decreto 1415/2004,34,Recaudación,Media,S05,,,No,Teórico,B,ANULADA,Anulada,01. Información oficial de la oposición\Exámenes oficiales anteriores\2026 Convocatoria 2025 - Acceso libre Rojo A.pdf,https://www.seg-social.es/wps/portal/wss/internet/InformacionUtil/9950/88beb45d-ca83-4bab-8162-f94ef2894562/e0c83707-3358-47a9-94d7-508221dad233,OCR Windows es-ES sobre PDF oficial,100,Alta,Regla jurídica determinista,2026_conv2025_rojo_A-T43,1.0
2026_conv2025_rojo_A-T44,2026,2025,2026-06-28,Acceso libre,Primera parte,Rojo A,Rojo/Verde A/B,Sí,Los colores y modelos reproducen el mismo conjunto de preguntas con orden y/o opciones permutados; Rojo A es la variante canónica para frecuencias y Verde A se conserva como control de cobertura.,44,No,"De acuerdo con 10 establecido en el artículo 45 del Real Decreto 1415/2004, de II de junio, por eI que se aprueba eI Reglamento General de Recaudación de la Seguridad Social, ¿cuál es eI plazo máximo del que dispone la Tesorería General de la Seguridad Social para adoptar y notificar la resolución sobre una solicitud de devolución de ingresos indebidos?",Tres meses siguientes a la fecha en que se hubiera completado la documentación que deba aportar el solicitante de la devolución.,Tres meses desde la fecha de entrada de la solicitud en el registro competente.,Seis meses siguientes a la fecha en que se hubiera completado la documentación que deba aportar el solicitante de la devolución.,Seis meses desde la fecha de entrada de la solicitud en el registro competente.,S05,5,Temario específico Seguridad Social,"La gestión recaudatoria: concepto, competencia y objeto. Responsables del pago. Requisitos para el pago. Medios de pago. Control de recaudación. Revisión de los actos de gestión recaudatoria. La recaudación en periodo voluntario. Efectos de la falta de cotización en período reglamentario. Recaudación de otros recursos. Aplazamientos. Devolución de ingresos indebidos. Capital coste de pensiones.",S05,Real Decreto 1415/2004,45,Plazos,Alta,S05,Tesorería General de la Seguridad Social,,No,Teórico,C,C,Válida,01. Información oficial de la oposición\Exámenes oficiales anteriores\2026 Convocatoria 2025 - Acceso libre Rojo A.pdf,https://www.seg-social.es/wps/portal/wss/internet/InformacionUtil/9950/88beb45d-ca83-4bab-8162-f94ef2894562/e0c83707-3358-47a9-94d7-508221dad233,OCR Windows es-ES sobre PDF oficial,100,Alta,Regla jurídica determinista,2026_conv2025_rojo_A-T44,1.0
2026_conv2025_rojo_A-T45,2026,2025,2026-06-28,Acceso libre,Primera parte,Rojo A,Rojo/Verde A/B,Sí,Los colores y modelos reproducen el mismo conjunto de preguntas con orden y/o opciones permutados; Rojo A es la variante canónica para frecuencias y Verde A se conserva como control de cobertura.,45,No,"Según establece el artículo 64 del Real Decreto 1415/2004, de 11 de junio, por el que se aprueba el Reglamento General de Recaudación de la Seguridad Social, los importes exigidos en las reclamaciones de deuda por cuotas y conceptos de recaudación conjunta notificadas entre los días I y 15 de cada mes deberán hacerse efectivos dentro del siguiente plazo:",Desde la fecha de la notificación hasta el último día hábil del mismo mes.,Desde la fecha de la notificación hasta el día 5 del mes siguiente o el inmediato hábil posterior.,Desde la fecha de la notificación hasta eI día 10 del mes siguiente o eI inmediato hábil posterior.,Desde la fecha de la notificación hasta eI día 15 del mes siguiente o eI inmediato hábil posterior.,S05,5,Temario específico Seguridad Social,"La gestión recaudatoria: concepto, competencia y objeto. Responsables del pago. Requisitos para el pago. Medios de pago. Control de recaudación. Revisión de los actos de gestión recaudatoria. La recaudación en periodo voluntario. Efectos de la falta de cotización en período reglamentario. Recaudación de otros recursos. Aplazamientos. Devolución de ingresos indebidos. Capital coste de pensiones.",S05,Real Decreto 1415/2004,64,Cálculos,Alta,S05,,,No,Teórico,B,B,Válida,01. Información oficial de la oposición\Exámenes oficiales anteriores\2026 Convocatoria 2025 - Acceso libre Rojo A.pdf,https://www.seg-social.es/wps/portal/wss/internet/InformacionUtil/9950/88beb45d-ca83-4bab-8162-f94ef2894562/e0c83707-3358-47a9-94d7-508221dad233,OCR Windows es-ES sobre PDF oficial,100,Alta,Regla jurídica determinista,2026_conv2025_rojo_A-T45,1.0
2026_conv2025_rojo_A-T46,2026,2025,2026-06-28,Acceso libre,Primera parte,Rojo A,Rojo/Verde A/B,Sí,Los colores y modelos reproducen el mismo conjunto de preguntas con orden y/o opciones permutados; Rojo A es la variante canónica para frecuencias y Verde A se conserva como control de cobertura.,46,No,"Conforme al artículo 87 del Real Decreto 1415/2004, de 11 de junio, por el que se aprueba eI Reglamento General de Recaudación de la Seguridad Socia', las actuaciones del procedimiento de apremio podrán prever, en concepto de previsión de costas e intereses, un incremento sobre la cuantía exigible de hasta:",Un 10 por ciento.,Un 7 por ciento.,Un 5 por ciento.,Un 3 por ciento.,S06,6,Temario específico Seguridad Social,La recaudación en vía ejecutiva. Normas generales. Iniciación y título ejecutivo. La providencia de apremio. Oposición y efectos. El embargo de bienes. Enajenación de bienes: modalidades. Créditos incobrables. Tercerías.,S06,Real Decreto 1415/2004,87,Cálculos,Media,S06,,,No,Teórico,A,A,Válida,01. Información oficial de la oposición\Exámenes oficiales anteriores\2026 Convocatoria 2025 - Acceso libre Rojo A.pdf,https://www.seg-social.es/wps/portal/wss/internet/InformacionUtil/9950/88beb45d-ca83-4bab-8162-f94ef2894562/e0c83707-3358-47a9-94d7-508221dad233,OCR Windows es-ES sobre PDF oficial,100,Alta,Regla jurídica determinista,2026_conv2025_rojo_A-T46,1.0
2026_conv2025_rojo_A-T47,2026,2025,2026-06-28,Acceso libre,Primera parte,Rojo A,Rojo/Verde A/B,Sí,Los colores y modelos reproducen el mismo conjunto de preguntas con orden y/o opciones permutados; Rojo A es la variante canónica para frecuencias y Verde A se conserva como control de cobertura.,47,No,"De acuerdo con el articulo 113 del Real Decreto 1415/2004, de II de junio, por eI que se aprueba el Reglamento General de Recaudación de la Seguridad Social, cuando los bienes embargados sean muebles o semovientes, podrán ser enajenados por concurso autorizado por:",La persona titular de la Dirección General.,La persona titular de 'a Unidad de Recaudación Ejecutiva.,La persona titular de la Dirección Provincial.,La persona titular de la Subdirección General de Procedimientos Ejecutivos y Especiales de Recaudación.,S06,6,Temario específico Seguridad Social,La recaudación en vía ejecutiva. Normas generales. Iniciación y título ejecutivo. La providencia de apremio. Oposición y efectos. El embargo de bienes. Enajenación de bienes: modalidades. Créditos incobrables. Tercerías.,S06,Real Decreto 1415/2004,113,Recaudación ejecutiva,Media,S06,,,No,Teórico,C,C,Válida,01. Información oficial de la oposición\Exámenes oficiales anteriores\2026 Convocatoria 2025 - Acceso libre Rojo A.pdf,https://www.seg-social.es/wps/portal/wss/internet/InformacionUtil/9950/88beb45d-ca83-4bab-8162-f94ef2894562/e0c83707-3358-47a9-94d7-508221dad233,OCR Windows es-ES sobre PDF oficial,100,Alta,Regla jurídica determinista,2026_conv2025_rojo_A-T47,1.0
2026_conv2025_rojo_A-T48,2026,2025,2026-06-28,Acceso libre,Primera parte,Rojo A,Rojo/Verde A/B,Sí,Los colores y modelos reproducen el mismo conjunto de preguntas con orden y/o opciones permutados; Rojo A es la variante canónica para frecuencias y Verde A se conserva como control de cobertura.,48,No,"De acuerdo con el artículo 119 del Real Decreto 1415/2004, de 11 de junio, por eI que se aprueba eI Reglamento General de Recaudación de la Seguridad Social, en las mesas de subasta actuará como secretario:",La persona titular de la Dirección Provincial o titular del órgano o unidad en quien delegue.,La persona titular de la Unidad de Recaudación Ejecutiva que tenga a su cargo el expediente ejecutivo.,La persona titular de la Intervención Delegada en la Dirección Provincial.,La persona funcionaria que a tal efecto designe la persona titular de la Dirección Provincial.,S06,6,Temario específico Seguridad Social,La recaudación en vía ejecutiva. Normas generales. Iniciación y título ejecutivo. La providencia de apremio. Oposición y efectos. El embargo de bienes. Enajenación de bienes: modalidades. Créditos incobrables. Tercerías.,S06,Real Decreto 1415/2004,119,Recaudación ejecutiva,Media,S06,,,No,Teórico,D,D,Válida,01. Información oficial de la oposición\Exámenes oficiales anteriores\2026 Convocatoria 2025 - Acceso libre Rojo A.pdf,https://www.seg-social.es/wps/portal/wss/internet/InformacionUtil/9950/88beb45d-ca83-4bab-8162-f94ef2894562/e0c83707-3358-47a9-94d7-508221dad233,OCR Windows es-ES sobre PDF oficial,100,Alta,Regla jurídica determinista,2026_conv2025_rojo_A-T48,1.0
2026_conv2025_rojo_A-T49,2026,2025,2026-06-28,Acceso libre,Primera parte,Rojo A,Rojo/Verde A/B,Sí,Los colores y modelos reproducen el mismo conjunto de preguntas con orden y/o opciones permutados; Rojo A es la variante canónica para frecuencias y Verde A se conserva como control de cobertura.,49,No,"Según establece el artículo 123 bis del Real Decreto 1415/2004, de II de junio, por el que se aprueba el Reglamento General de Recaudación de la Seguridad Social, una vez autorizada por eI director provincial de la Tesorería General la enajenación mediante adjudicación directa, las actuaciones necesarias para llevarla a cabo se realizarán en el plazo de:",Un año.,Seis meses.,Tres meses.,30 días naturales.,S06,6,Temario específico Seguridad Social,La recaudación en vía ejecutiva. Normas generales. Iniciación y título ejecutivo. La providencia de apremio. Oposición y efectos. El embargo de bienes. Enajenación de bienes: modalidades. Créditos incobrables. Tercerías.,S06,Real Decreto 1415/2004,123,Plazos,Alta,S06,,,No,Teórico,B,B,Válida,01. Información oficial de la oposición\Exámenes oficiales anteriores\2026 Convocatoria 2025 - Acceso libre Rojo A.pdf,https://www.seg-social.es/wps/portal/wss/internet/InformacionUtil/9950/88beb45d-ca83-4bab-8162-f94ef2894562/e0c83707-3358-47a9-94d7-508221dad233,OCR Windows es-ES sobre PDF oficial,100,Alta,Regla jurídica determinista,2026_conv2025_rojo_A-T49,1.0
2026_conv2025_rojo_A-T50,2026,2025,2026-06-28,Acceso libre,Primera parte,Rojo A,Rojo/Verde A/B,Sí,Los colores y modelos reproducen el mismo conjunto de preguntas con orden y/o opciones permutados; Rojo A es la variante canónica para frecuencias y Verde A se conserva como control de cobertura.,50,No,"Según el articulo 59 del texto refundido de la Ley General de la Seguridad Social, la cuantía de los complementos a mínimos que tengan derecho a recibir los beneficiarios de pensiones contributivas que residan legalmente en territorio español será equivalente a:","A la cuantía necesaria para alcanzar la cuantía de la pensión mínima establecida cada año para las pensiones contributivas, en todo caso.",A la cuantía equivalente a sumar a la pensión eI porcentaje equivalente al valor medio de las tasas de variación interanual expresadas en tanto por ciento del índice de Precios al Consumo de los 12 meses previos.,"A la cuantía necesaria para alcanzar la cuantía de la pensión mínima establecida cada año para las pensiones contributivas, pero en ningún caso podrá superar la cuantía establecida en cada ejercicio para las pensiones no contributivas de jubilación e invalidez",No hay complementos a mínimos. Las pensiones inferiores a la mínima legal establecida cada año pasan automáticamente a cobrar dicha cuantía en todo caso.,S07,7,Temario específico Seguridad Social,"Acción protectora. Contenido y clasificación de las prestaciones. Caracteres de las prestaciones. Incompatibilidades. Reintegro de las prestaciones indebidas. Requisitos generales del derecho a las prestaciones. Responsabilidades en orden a las prestaciones por incumplimiento de las obligaciones de afiliación, altas, bajas y cotización. Automaticidad y anticipo de prestaciones. Riesgo protegido: contingencias comunes y profesionales.",S07,texto refundido de la Ley General de la Seguridad Social,59,Cálculos,Media,S07,,,No,Teórico,C,C,Válida,01. Información oficial de la oposición\Exámenes oficiales anteriores\2026 Convocatoria 2025 - Acceso libre Rojo A.pdf,https://www.seg-social.es/wps/portal/wss/internet/InformacionUtil/9950/88beb45d-ca83-4bab-8162-f94ef2894562/e0c83707-3358-47a9-94d7-508221dad233,OCR Windows es-ES sobre PDF oficial,100,Alta,Regla jurídica determinista,2026_conv2025_rojo_A-T50,1.0
2026_conv2025_rojo_A-T51,2026,2025,2026-06-28,Acceso libre,Primera parte,Rojo A,Rojo/Verde A/B,Sí,Los colores y modelos reproducen el mismo conjunto de preguntas con orden y/o opciones permutados; Rojo A es la variante canónica para frecuencias y Verde A se conserva como control de cobertura.,51,No,EI texto refundido de la Ley General de la Seguridad Social menciona distintos supuestos de incompatibilidad. Señale la afirmación INCORRECTA:,Son incompatibles entre sí los complementos de pensiones contributivas para la reducción de la brecha de género que pudieran ser reconocidos en cualquiera de los regímenes de Seguridad Social siendo abonado en eI régimen en el que el causante de la pensión tenga más periodos de alta.,"Son incompatibles las indemnizaciones a tanto alzado de lesiones permanentes no incapacitantes con las prestaciones económicas de incapacidad temporal, aunque las lesiones sean totalmente independientes.","Son incompatibles la prestación y el subsidio por desempleo con la obtención de prestaciones de carácter económico de la Seguridad Social, salvo que estas hubieran sido compatibles con el trabajo que originó la prestación o el subsidio.","Es incompatible la prestación económica por cese de actividad con la obtención de pensiones o prestaciones de carácter económico del sistema de la Seguridad Social, salvo que estas hubieran sido compatibles con el trabajo que dio lugar a la prestación por cese de actividad.",S07,7,Temario específico Seguridad Social,"Acción protectora. Contenido y clasificación de las prestaciones. Caracteres de las prestaciones. Incompatibilidades. Reintegro de las prestaciones indebidas. Requisitos generales del derecho a las prestaciones. Responsabilidades en orden a las prestaciones por incumplimiento de las obligaciones de afiliación, altas, bajas y cotización. Automaticidad y anticipo de prestaciones. Riesgo protegido: contingencias comunes y profesionales.",S07,texto refundido de la Ley General de la Seguridad Social,,Artículos literales,Alta,S07,,,Sí,Teórico,B,B,Válida,01. Información oficial de la oposición\Exámenes oficiales anteriores\2026 Convocatoria 2025 - Acceso libre Rojo A.pdf,https://www.seg-social.es/wps/portal/wss/internet/InformacionUtil/9950/88beb45d-ca83-4bab-8162-f94ef2894562/e0c83707-3358-47a9-94d7-508221dad233,OCR Windows es-ES sobre PDF oficial,100,Alta,Revisión jurídica individual,2026_conv2025_rojo_A-T51,1.0
2026_conv2025_rojo_A-T52,2026,2025,2026-06-28,Acceso libre,Primera parte,Rojo A,Rojo/Verde A/B,Sí,Los colores y modelos reproducen el mismo conjunto de preguntas con orden y/o opciones permutados; Rojo A es la variante canónica para frecuencias y Verde A se conserva como control de cobertura.,52,No,"De acuerdo con 10 estipulado en el artículo 58 del texto refundido de la Ley General de la Seguridad Social, para mantener el poder adquisitivo de las pensiones de Seguridad Social, en su modalidad contributiva, incluido el complemento de brecha de género, las pensiones se revalorizarán al comienzo de cada año:",En el porcentaje equivalente al valor expresado en tanto por ciento del índice de Precios al Consumo del mes de diciembre del año anterior.,En eI porcentaje equivalente al valor medio de las tasas de variación interanual expresadas en tanto por ciento del Índice de Precios al Consumo de los doce meses previos a diciembre del año anterior.,"En eI 0,25 por ciento.",En eI porcentaje equivalente al valor expresado en tanto por ciento del Indice de Precios al Consumo del mes de noviembre del año anterior.,S07,7,Temario específico Seguridad Social,"Acción protectora. Contenido y clasificación de las prestaciones. Caracteres de las prestaciones. Incompatibilidades. Reintegro de las prestaciones indebidas. Requisitos generales del derecho a las prestaciones. Responsabilidades en orden a las prestaciones por incumplimiento de las obligaciones de afiliación, altas, bajas y cotización. Automaticidad y anticipo de prestaciones. Riesgo protegido: contingencias comunes y profesionales.",S07,texto refundido de la Ley General de la Seguridad Social,58,Artículos literales,Media,S07,,,No,Teórico,B,B,Válida,01. Información oficial de la oposición\Exámenes oficiales anteriores\2026 Convocatoria 2025 - Acceso libre Rojo A.pdf,https://www.seg-social.es/wps/portal/wss/internet/InformacionUtil/9950/88beb45d-ca83-4bab-8162-f94ef2894562/e0c83707-3358-47a9-94d7-508221dad233,OCR Windows es-ES sobre PDF oficial,100,Alta,Regla jurídica determinista,2026_conv2025_rojo_A-T52,1.0
2026_conv2025_rojo_A-T53,2026,2025,2026-06-28,Acceso libre,Primera parte,Rojo A,Rojo/Verde A/B,Sí,Los colores y modelos reproducen el mismo conjunto de preguntas con orden y/o opciones permutados; Rojo A es la variante canónica para frecuencias y Verde A se conserva como control de cobertura.,53,No,"Según eI artículo 174 del texto refundido de la Ley General de la Seguridad Social, extinguido el derecho a la prestación de incapacidad temporal por el transcurso del plazo de quinientos cuarenta y cinco días naturales de duración, con o sin declaración de incapacidad permanente, solo podrá generarse un nuevo derecho a la prestación de incapacidad temporal por la misma o similar patología, a contar desde la resolución de la incapacidad permanente, si media un periodo superior a:",180 días naturales.,60 días naturales.,45 días naturales.,90 días naturales.,S08,8,Temario específico Seguridad Social,"Incapacidad temporal: concepto y causas que motivan esta situación. Beneficiarios. Prestación económica: determinación y cuantía. Nacimiento, duración y extinción del derecho al subsidio. Reconocimiento y pago. Control de la incapacidad. Incapacidad permanente contributiva: concepto. Grados de incapacidad. Prestaciones. Determinación y cuantía. Beneficiarios. Nacimiento, duración y extinción del derecho. Lesiones permanentes no incapacitantes. La calificación y revisión de la incapacidad permanente.",incapacidad temporal,texto refundido de la Ley General de la Seguridad Social,174,Plazos,Alta,incapacidad temporal,ISM,,No,Teórico,A,A,Válida,01. Información oficial de la oposición\Exámenes oficiales anteriores\2026 Convocatoria 2025 - Acceso libre Rojo A.pdf,https://www.seg-social.es/wps/portal/wss/internet/InformacionUtil/9950/88beb45d-ca83-4bab-8162-f94ef2894562/e0c83707-3358-47a9-94d7-508221dad233,OCR Windows es-ES sobre PDF oficial,100,Alta,Regla jurídica determinista,2026_conv2025_rojo_A-T53,1.0
2026_conv2025_rojo_A-T54,2026,2025,2026-06-28,Acceso libre,Primera parte,Rojo A,Rojo/Verde A/B,Sí,Los colores y modelos reproducen el mismo conjunto de preguntas con orden y/o opciones permutados; Rojo A es la variante canónica para frecuencias y Verde A se conserva como control de cobertura.,54,No,"Según el artículo 173 del texto refundido de la Ley General de la Seguridad Social, en caso de accidente de trabajo o enfermedad profesional, el subsidio se abonará desde:","EI mismo día al de la baja en el trabajo, estando a cargo del empresario el salario íntegro correspondiente al día de la baja.","EI día siguiente al de la baja en eI trabajo, estando a cargo del empresario eI salario íntegro correspondiente al día de la baja.","A partir del cuarto día al de baja en eI trabajo, estando a cargo del empresario el salario íntegro correspondiente al día de la baja.","A partir del tercer día al de baja en el trabajo, estando a cargo del empresario eI salario íntegro correspondiente al día de la baja-",S08,8,Temario específico Seguridad Social,"Incapacidad temporal: concepto y causas que motivan esta situación. Beneficiarios. Prestación económica: determinación y cuantía. Nacimiento, duración y extinción del derecho al subsidio. Reconocimiento y pago. Control de la incapacidad. Incapacidad permanente contributiva: concepto. Grados de incapacidad. Prestaciones. Determinación y cuantía. Beneficiarios. Nacimiento, duración y extinción del derecho. Lesiones permanentes no incapacitantes. La calificación y revisión de la incapacidad permanente.",S08,texto refundido de la Ley General de la Seguridad Social,173,Incapacidad,Media,S08,,,No,Teórico,B,B,Válida,01. Información oficial de la oposición\Exámenes oficiales anteriores\2026 Convocatoria 2025 - Acceso libre Rojo A.pdf,https://www.seg-social.es/wps/portal/wss/internet/InformacionUtil/9950/88beb45d-ca83-4bab-8162-f94ef2894562/e0c83707-3358-47a9-94d7-508221dad233,OCR Windows es-ES sobre PDF oficial,100,Alta,Regla jurídica determinista,2026_conv2025_rojo_A-T54,1.0
2026_conv2025_rojo_A-T55,2026,2025,2026-06-28,Acceso libre,Primera parte,Rojo A,Rojo/Verde A/B,Sí,Los colores y modelos reproducen el mismo conjunto de preguntas con orden y/o opciones permutados; Rojo A es la variante canónica para frecuencias y Verde A se conserva como control de cobertura.,55,No,"De acuerdo con el artículo 185 del texto refundido de la Ley General de la Seguridad Social, la prestación económica por ejercicio corresponsable del cuidado de lactante se extinguirá cuando:",EI o la menor cumpla nueve meses de edad.,EI o la menor cumpla doce meses de edad.,EI o la menor cumpla dieciocho meses de edad.,EI o la menor cumpla seis meses de edad.,S09,9,Temario específico Seguridad Social,Nacimiento y cuidado de menor. Ejercicio corresponsable del cuidado del lactante. Prestación por riesgo durante el embarazo. Prestación por riesgo durante la lactancia natural. Asignación económica por hijo o menor acogido a cargo. Prestación económica por nacimiento o adopción de hijo en supuestos de familias numerosas o monoparentales y en los casos de madres o padres con discapacidad. Prestación por parto o adopción Subsidio por cuidado de menores afectados por cáncer u otra enfermedad grave.,S09,texto refundido de la Ley General de la Seguridad Social,185,Prestaciones familiares,Media,S09,,,No,Teórico,B,B,Válida,01. Información oficial de la oposición\Exámenes oficiales anteriores\2026 Convocatoria 2025 - Acceso libre Rojo A.pdf,https://www.seg-social.es/wps/portal/wss/internet/InformacionUtil/9950/88beb45d-ca83-4bab-8162-f94ef2894562/e0c83707-3358-47a9-94d7-508221dad233,OCR Windows es-ES sobre PDF oficial,100,Alta,Regla jurídica determinista,2026_conv2025_rojo_A-T55,1.0
2026_conv2025_rojo_A-T56,2026,2025,2026-06-28,Acceso libre,Primera parte,Rojo A,Rojo/Verde A/B,Sí,Los colores y modelos reproducen el mismo conjunto de preguntas con orden y/o opciones permutados; Rojo A es la variante canónica para frecuencias y Verde A se conserva como control de cobertura.,56,No,"Conforme indica el artículo 189 del texto refundido de la Ley General de la Seguridad Social, la prestación económica por riesgo durante la lactancia natural se extinguirá en el momento en que el hijo cumpla:","Doce meses, salvo que la beneficiaria se haya reincorporado con anterioridad a su puesto de trabajo anterior o a otro compatible con su situación, en cuyo caso se extinguirá eI día anterior al de dicha reincorporación.","Tres meses, salvo que la beneficiaria se haya reincorporado con anterioridad a su puesto de trabajo anterior o a otro compatible con su situación, en cuyo caso se extinguirá eI día anterior al de dicha reincorporación.","Nueve meses, salvo que la beneficiaria se haya reincorporado con anterioridad a su puesto de trabajo anterior o a otro compatible con su situación, en cuyo caso se extinguirá el día anterior al de dicha reincorporación.","Seis meses, salvo que la beneficiaria se haya reincorporado con anterioridad a su puesto de trabajo anterior o a otro compatible con su situación, en cuyo caso se extinguirá el día anterior al de dicha reincorporación.",S09,9,Temario específico Seguridad Social,Nacimiento y cuidado de menor. Ejercicio corresponsable del cuidado del lactante. Prestación por riesgo durante el embarazo. Prestación por riesgo durante la lactancia natural. Asignación económica por hijo o menor acogido a cargo. Prestación económica por nacimiento o adopción de hijo en supuestos de familias numerosas o monoparentales y en los casos de madres o padres con discapacidad. Prestación por parto o adopción Subsidio por cuidado de menores afectados por cáncer u otra enfermedad grave.,S09,texto refundido de la Ley General de la Seguridad Social,189,Prestaciones familiares,Media,S09,,,No,Teórico,C,C,Válida,01. Información oficial de la oposición\Exámenes oficiales anteriores\2026 Convocatoria 2025 - Acceso libre Rojo A.pdf,https://www.seg-social.es/wps/portal/wss/internet/InformacionUtil/9950/88beb45d-ca83-4bab-8162-f94ef2894562/e0c83707-3358-47a9-94d7-508221dad233,OCR Windows es-ES sobre PDF oficial,100,Alta,Regla jurídica determinista,2026_conv2025_rojo_A-T56,1.0
2026_conv2025_rojo_A-T57,2026,2025,2026-06-28,Acceso libre,Primera parte,Rojo A,Rojo/Verde A/B,Sí,Los colores y modelos reproducen el mismo conjunto de preguntas con orden y/o opciones permutados; Rojo A es la variante canónica para frecuencias y Verde A se conserva como control de cobertura.,57,No,"De acuerdo con el artículo 190 del texto refundido de la Ley General de la Seguridad Social, la prestación económica por cuidado de menores afectados por cáncer u otra enfermedad grave se mantendrá hasta los 26 años:","Si el causante antes de alcanzar los 23 años acreditara, además, un grado de discapacidad igual o superior al 65 por ciento.","Si el causante antes de alcanzar los 18 años acreditara, además, un grado de discapacidad igual o superior al 65 por ciento.","Si el causante antes de alcanzar los 23 años acreditara, además, un grado de discapacidad igual superior al 33 por ciento.","Si eI causante antes de alcanzar los 21 años acreditara, además, un grado de discapacidad igual o superior al 33 por ciento.",S09,9,Temario específico Seguridad Social,Nacimiento y cuidado de menor. Ejercicio corresponsable del cuidado del lactante. Prestación por riesgo durante el embarazo. Prestación por riesgo durante la lactancia natural. Asignación económica por hijo o menor acogido a cargo. Prestación económica por nacimiento o adopción de hijo en supuestos de familias numerosas o monoparentales y en los casos de madres o padres con discapacidad. Prestación por parto o adopción Subsidio por cuidado de menores afectados por cáncer u otra enfermedad grave.,S09,texto refundido de la Ley General de la Seguridad Social,190,Prestaciones familiares,Media,S09,,26 años,No,Teórico,A,A,Válida,01. Información oficial de la oposición\Exámenes oficiales anteriores\2026 Convocatoria 2025 - Acceso libre Rojo A.pdf,https://www.seg-social.es/wps/portal/wss/internet/InformacionUtil/9950/88beb45d-ca83-4bab-8162-f94ef2894562/e0c83707-3358-47a9-94d7-508221dad233,OCR Windows es-ES sobre PDF oficial,100,Alta,Regla jurídica determinista,2026_conv2025_rojo_A-T57,1.0
2026_conv2025_rojo_A-T58,2026,2025,2026-06-28,Acceso libre,Primera parte,Rojo A,Rojo/Verde A/B,Sí,Los colores y modelos reproducen el mismo conjunto de preguntas con orden y/o opciones permutados; Rojo A es la variante canónica para frecuencias y Verde A se conserva como control de cobertura.,58,No,"Según 10 establecido en el artículo 48 del Estatuto de Trabajadores, eI nacimiento, en los casos de parto prematuro con falta de peso y en aquellos otros en que el neonato precise, por alguna condición clínica, hospitalización a continuación del parto, por un periodo superior a siete días, eI periodo de suspensión se ampliará en tantos días como eI nacido se encuentre hospitalizado, con un máximo de:",Diez semanas adicionales.,Dieciséis semanas adicionales.,Siete semanas adicionales.,Trece semanas adicionales.,S09,9,Temario específico Seguridad Social,Nacimiento y cuidado de menor. Ejercicio corresponsable del cuidado del lactante. Prestación por riesgo durante el embarazo. Prestación por riesgo durante la lactancia natural. Asignación económica por hijo o menor acogido a cargo. Prestación económica por nacimiento o adopción de hijo en supuestos de familias numerosas o monoparentales y en los casos de madres o padres con discapacidad. Prestación por parto o adopción Subsidio por cuidado de menores afectados por cáncer u otra enfermedad grave.,S09,,48,Plazos,Alta,S09,,,No,Teórico,D,D,Válida,01. Información oficial de la oposición\Exámenes oficiales anteriores\2026 Convocatoria 2025 - Acceso libre Rojo A.pdf,https://www.seg-social.es/wps/portal/wss/internet/InformacionUtil/9950/88beb45d-ca83-4bab-8162-f94ef2894562/e0c83707-3358-47a9-94d7-508221dad233,OCR Windows es-ES sobre PDF oficial,100,Alta,Revisión jurídica individual,2026_conv2025_rojo_A-T58,1.0
2026_conv2025_rojo_A-T59,2026,2025,2026-06-28,Acceso libre,Primera parte,Rojo A,Rojo/Verde A/B,Sí,Los colores y modelos reproducen el mismo conjunto de preguntas con orden y/o opciones permutados; Rojo A es la variante canónica para frecuencias y Verde A se conserva como control de cobertura.,59,No,"Según los artículos 206 y 206 bis del texto refundido de la Ley General de la Seguridad Social, la edad mínima de acceso a la pensión de jubilación podrá ser reducida:",En el caso de personas con discapacidad en grado igual o superior al 60%.,"En eI caso de personas con discapacidad en un grado igual o superior al 45%, siempre que se traten de discapacidades reglamentariamente determinadas.","Por razón de la actividad en aquellos grupos o actividades profesionales cuyos trabajos sean de naturaleza penosa, tóxica, peligrosa o insalubre y siempre que sea posible la modificación de las condiciones de trabajo.",La aplicación de los coeficientes reductores en ningún caso dará lugar al acceso a la jubilación con una edad inferior a los 54 años.,S10,10,Temario específico Seguridad Social,"Jubilación en la modalidad contributiva: concepto. Jubilación ordinaria: requisitos: especial referencia a la edad de jubilación. Determinación de la cuantía de la prestación: base reguladora y porcentaje. Jubilación anticipada, jubilación parcial y jubilación flexible. Compatibilidad de la pensión de jubilación y el trabajo. Suspensión y extinción de la prestación. Especial referencia a la aplicación de la normativa anterior a la Ley 27/2011.",jubilación,texto refundido de la Ley General de la Seguridad Social,206 y 206,Jubilación,Media,jubilación,,,No,Teórico,B,B,Válida,01. Información oficial de la oposición\Exámenes oficiales anteriores\2026 Convocatoria 2025 - Acceso libre Rojo A.pdf,https://www.seg-social.es/wps/portal/wss/internet/InformacionUtil/9950/88beb45d-ca83-4bab-8162-f94ef2894562/e0c83707-3358-47a9-94d7-508221dad233,OCR Windows es-ES sobre PDF oficial,100,Alta,Regla jurídica determinista,2026_conv2025_rojo_A-T59,1.0
2026_conv2025_rojo_A-T60,2026,2025,2026-06-28,Acceso libre,Primera parte,Rojo A,Rojo/Verde A/B,Sí,Los colores y modelos reproducen el mismo conjunto de preguntas con orden y/o opciones permutados; Rojo A es la variante canónica para frecuencias y Verde A se conserva como control de cobertura.,60,No,"Conforme al artículo 3 de la Orden de 13 de febrero de 1967 por la que se establecen normas para la aplicación y desarrollo de las prestaciones de muerte y supervivencia del Régimen General de la Seguridad Social, ¿cuál es la fecha en que se entenderá causada la pensión de orfandad en eI caso de que el beneficiario sea un hijo póstumo?",La fecha de fallecimiento del sujeto causante.,La fecha de apertura de la herencia.,La fecha de nacimiento del hijo póstumo.,La fecha en que se resuelve el reconocimiento de la pensión.,S11,11,Temario específico Seguridad Social,"La protección por muerte y supervivencia. Hecho causante. Requisitos para las prestaciones de viudedad, orfandad y en favor de familiares. Cuantía de las prestaciones. Compatibilidad. Suspensión y Extinción. Normas específicas en caso de muerte derivada de accidente de trabajo o enfermedad profesional. Efectividad económica de las prestaciones. El auxilio por defunción.",orfandad,,3,Personas beneficiarias,Alta,orfandad,,,No,Teórico,C,C,Válida,01. Información oficial de la oposición\Exámenes oficiales anteriores\2026 Convocatoria 2025 - Acceso libre Rojo A.pdf,https://www.seg-social.es/wps/portal/wss/internet/InformacionUtil/9950/88beb45d-ca83-4bab-8162-f94ef2894562/e0c83707-3358-47a9-94d7-508221dad233,OCR Windows es-ES sobre PDF oficial,100,Alta,Regla jurídica determinista,2026_conv2025_rojo_A-T60,1.0
2026_conv2025_rojo_A-T61,2026,2025,2026-06-28,Acceso libre,Primera parte,Rojo A,Rojo/Verde A/B,Sí,Los colores y modelos reproducen el mismo conjunto de preguntas con orden y/o opciones permutados; Rojo A es la variante canónica para frecuencias y Verde A se conserva como control de cobertura.,61,No,"Según 10 prescrito en eI artículo 220 del texto refundido de la Ley General de la Seguridad Social, en caso de concurrencia de beneficiarios con derecho a pensión de viudedad:",Esta se reconocerá únicamente en favor del cónyuge superviviente.,"Se reconocerá en cuantia proporcional al tiempo vivido por cada uno de ellos con el causante, garantizándose, en todo caso, el 40 por ciento a favor del cónyuge superviviente.","Se reconocerá en cuantía proporcional al tiempo vivido por cada uno de ellos con eI causante, garantizándose, en todo caso, el 60 por ciento a favor del cónyuge superviviente.","Se reconocerá dividiendo eI importe correspondiente en cuantías iguales a favor de cada uno de los beneficiarios, con independencia del tiempo de convivencia con el causante.",S11,11,Temario específico Seguridad Social,"La protección por muerte y supervivencia. Hecho causante. Requisitos para las prestaciones de viudedad, orfandad y en favor de familiares. Cuantía de las prestaciones. Compatibilidad. Suspensión y Extinción. Normas específicas en caso de muerte derivada de accidente de trabajo o enfermedad profesional. Efectividad económica de las prestaciones. El auxilio por defunción.",viudedad,texto refundido de la Ley General de la Seguridad Social,220,Personas beneficiarias,Media,viudedad,,,No,Teórico,B,B,Válida,01. Información oficial de la oposición\Exámenes oficiales anteriores\2026 Convocatoria 2025 - Acceso libre Rojo A.pdf,https://www.seg-social.es/wps/portal/wss/internet/InformacionUtil/9950/88beb45d-ca83-4bab-8162-f94ef2894562/e0c83707-3358-47a9-94d7-508221dad233,OCR Windows es-ES sobre PDF oficial,100,Alta,Regla jurídica determinista,2026_conv2025_rojo_A-T61,1.0
2026_conv2025_rojo_A-T62,2026,2025,2026-06-28,Acceso libre,Primera parte,Rojo A,Rojo/Verde A/B,Sí,Los colores y modelos reproducen el mismo conjunto de preguntas con orden y/o opciones permutados; Rojo A es la variante canónica para frecuencias y Verde A se conserva como control de cobertura.,62,No,"¿Cuál es el porcentaje general que se aplicará a la base reguladora para calcular la cuantía de las pensiones de viudedad, de acuerdo con el artículo 31 del Decreto 315811966, de 23 de diciembre, por el que se aprueba el Reglamento General que determina la cuantía de las prestaciones económicas del Régimen General de la Seguridad Social y condiciones para eI derecho a las mismas?",52%.,40%.,50%.,55%.,S11,11,Temario específico Seguridad Social,"La protección por muerte y supervivencia. Hecho causante. Requisitos para las prestaciones de viudedad, orfandad y en favor de familiares. Cuantía de las prestaciones. Compatibilidad. Suspensión y Extinción. Normas específicas en caso de muerte derivada de accidente de trabajo o enfermedad profesional. Efectividad económica de las prestaciones. El auxilio por defunción.",viudedad,,31,Cálculos,Alta,viudedad,ISM,,No,Teórico,A,A,Válida,01. Información oficial de la oposición\Exámenes oficiales anteriores\2026 Convocatoria 2025 - Acceso libre Rojo A.pdf,https://www.seg-social.es/wps/portal/wss/internet/InformacionUtil/9950/88beb45d-ca83-4bab-8162-f94ef2894562/e0c83707-3358-47a9-94d7-508221dad233,OCR Windows es-ES sobre PDF oficial,100,Alta,Regla jurídica determinista,2026_conv2025_rojo_A-T62,1.0
2026_conv2025_rojo_A-T63,2026,2025,2026-06-28,Acceso libre,Primera parte,Rojo A,Rojo/Verde A/B,Sí,Los colores y modelos reproducen el mismo conjunto de preguntas con orden y/o opciones permutados; Rojo A es la variante canónica para frecuencias y Verde A se conserva como control de cobertura.,63,No,"Según el artículo 15 de la ley 19/2021, por la que se establece el ingreso mínimo vital, todas las personas beneficiarias, integradas o no en una unidad de convivencia, estarán obligadas a poner en conocimiento de la entidad gestora competente aquellas circunstancias que afecten al cumplimiento de los requisitos o de las obligaciones establecidos en esta ley, en el plazo máximo de:",Treinta días hábiles.,Quince días naturales.,Treinta días naturales.,Quince días hábiles.,S12,12,Temario específico Seguridad Social,"Prestaciones no contributivas y asistenciales. El ingreso mínimo vital: beneficiarios, requisitos y duración. Obligaciones de las personas beneficiarias. Cuantía, pago, reintegro de prestaciones indebidas. Prestaciones familiares múltiples. Prestaciones familiares en la modalidad contributiva. Las pensiones no contributivas: Invalidez no contributiva: Jubilación no contributiva.",ingreso mínimo vital,ley 19/2021,15,Plazos,Alta,ingreso mínimo vital,,,No,Teórico,C,C,Válida,01. Información oficial de la oposición\Exámenes oficiales anteriores\2026 Convocatoria 2025 - Acceso libre Rojo A.pdf,https://www.seg-social.es/wps/portal/wss/internet/InformacionUtil/9950/88beb45d-ca83-4bab-8162-f94ef2894562/e0c83707-3358-47a9-94d7-508221dad233,OCR Windows es-ES sobre PDF oficial,100,Alta,Regla jurídica determinista,2026_conv2025_rojo_A-T63,1.0
2026_conv2025_rojo_A-T64,2026,2025,2026-06-28,Acceso libre,Primera parte,Rojo A,Rojo/Verde A/B,Sí,Los colores y modelos reproducen el mismo conjunto de preguntas con orden y/o opciones permutados; Rojo A es la variante canónica para frecuencias y Verde A se conserva como control de cobertura.,64,No,"Atendiendo al artículo 4 de la ley 19/2021, por la que se establece el ingreso mínimo vital, señale la respuesta correcta:",Podrán ser beneficiarias las personas de al menos veintitrés años que no se integren en una unidad de convivencia y que no estén unidas a otra por vínculo matrimonial o pareja de hecho.,"No se exigirá eI requisito de edad a aquellas personas que provengan de un centro penitenciario por haber sido liberados de prisión, siempre que la privación de libertad haya sido por tiempo superior a tres meses.","No podrán ser beneficiarias de la prestación del ingreso mínimo vital las personas que temporalmente sean usuarias de una prestación de servicio residencial, de carácter social, sanitario o socio-sanitario.","Podrán ser beneficiarias las personas de al menos veintitrés años que no se integren en una unidad de convivencia, aunque estén unidas a otra por vínculo matrimonial o pareja de hecho y no hayan iniciado los trámites de separación o divorcio.",S12,12,Temario específico Seguridad Social,"Prestaciones no contributivas y asistenciales. El ingreso mínimo vital: beneficiarios, requisitos y duración. Obligaciones de las personas beneficiarias. Cuantía, pago, reintegro de prestaciones indebidas. Prestaciones familiares múltiples. Prestaciones familiares en la modalidad contributiva. Las pensiones no contributivas: Invalidez no contributiva: Jubilación no contributiva.",ingreso mínimo vital,ley 19/2021,4,Prestaciones no contributivas,Media,ingreso mínimo vital,,,No,Teórico,A,A,Válida,01. Información oficial de la oposición\Exámenes oficiales anteriores\2026 Convocatoria 2025 - Acceso libre Rojo A.pdf,https://www.seg-social.es/wps/portal/wss/internet/InformacionUtil/9950/88beb45d-ca83-4bab-8162-f94ef2894562/e0c83707-3358-47a9-94d7-508221dad233,OCR Windows es-ES sobre PDF oficial,100,Alta,Regla jurídica determinista,2026_conv2025_rojo_A-T64,1.0
2026_conv2025_rojo_A-T65,2026,2025,2026-06-28,Acceso libre,Primera parte,Rojo A,Rojo/Verde A/B,Sí,Los colores y modelos reproducen el mismo conjunto de preguntas con orden y/o opciones permutados; Rojo A es la variante canónica para frecuencias y Verde A se conserva como control de cobertura.,65,No,"De acuerdo con eI artículo 7 del Real Decreto 1335/2005, por eI que se regulan las prestaciones familiares de la seguridad social, la base de cotización estará constituida por eI promedio de las bases de cotización del beneficiario correspondiente a:","Los nueve meses inmediatamente anteriores al inicio del periodo de excedencia laboral para eI cuidado del hijo, del menor acogido o de otros familiares.","Los seis meses inmediatamente anteriores al inicio del periodo de excedencia laboral para el cuidado del hijo, del menor acogido o de otros familiares.","Los tres meses inmediatamente anteriores al inicio del periodo de excedencia laboral para el cuidado del hijo, del menor acogido o de otros familiares.","Los doce meses inmediatamente anteriores al inicio del periodo de excedencia laboral para eI cuidado del hijo, del menor acogido o de otros familiares.",S12,12,Temario específico Seguridad Social,"Prestaciones no contributivas y asistenciales. El ingreso mínimo vital: beneficiarios, requisitos y duración. Obligaciones de las personas beneficiarias. Cuantía, pago, reintegro de prestaciones indebidas. Prestaciones familiares múltiples. Prestaciones familiares en la modalidad contributiva. Las pensiones no contributivas: Invalidez no contributiva: Jubilación no contributiva.",base de cotización,Real Decreto 1335/2005,7,Personas beneficiarias,Media,base de cotización,,,No,Teórico,B,B,Válida,01. Información oficial de la oposición\Exámenes oficiales anteriores\2026 Convocatoria 2025 - Acceso libre Rojo A.pdf,https://www.seg-social.es/wps/portal/wss/internet/InformacionUtil/9950/88beb45d-ca83-4bab-8162-f94ef2894562/e0c83707-3358-47a9-94d7-508221dad233,OCR Windows es-ES sobre PDF oficial,100,Alta,Revisión jurídica individual,2026_conv2025_rojo_A-T65,1.0
2026_conv2025_rojo_A-T66,2026,2025,2026-06-28,Acceso libre,Primera parte,Rojo A,Rojo/Verde A/B,Sí,Los colores y modelos reproducen el mismo conjunto de preguntas con orden y/o opciones permutados; Rojo A es la variante canónica para frecuencias y Verde A se conserva como control de cobertura.,66,No,EI Estatuto de los Trabajadores contempla en su artículo 37 que quien por razones de guarda legal tenga a su cuidado directo algún menor de doce años o una persona con discapacidad que no desempeñe una actividad retribuida tendrá derecho a:,"Una reducción de la jornada de trabajo diaria, con la disminución proporcional del salario entre, al menos, un cuarto y un máximo de la mitad de la duración de aquella.","Una reducción de la jornada de trabajo diaria, con la disminución proporcional del salario entre, al menos, un sexto y un máximo de la mitad de la duración de aquella.","Una reducción de la jornada de trabajo diaria, con la disminución proporcional del salario entre, al menos, un octavo y un máximo de la mitad de la duración de aquella.","Una reducción de la jornada de trabajo diaria, con la disminución proporcional del salario entre, al menos, un quinto y un máximo de la mitad de la duración de aquella.",G21,21,Temario general,"Políticas de igualdad y contra la violencia de género. Discapacidad y dependencia: régimen jurídico. La Ley 4/2023, de 28 de febrero, para la igualdad real y efectiva de las personas trans y para la garantía de los derechos de las personas LGTBI.",G21,,37,Artículos literales,Media,G21,,,No,Teórico,C,C,Válida,01. Información oficial de la oposición\Exámenes oficiales anteriores\2026 Convocatoria 2025 - Acceso libre Rojo A.pdf,https://www.seg-social.es/wps/portal/wss/internet/InformacionUtil/9950/88beb45d-ca83-4bab-8162-f94ef2894562/e0c83707-3358-47a9-94d7-508221dad233,OCR Windows es-ES sobre PDF oficial,9,Media,Ponderación de palabras clave,2026_conv2025_rojo_A-T66,1.0
2026_conv2025_rojo_A-T67,2026,2025,2026-06-28,Acceso libre,Primera parte,Rojo A,Rojo/Verde A/B,Sí,Los colores y modelos reproducen el mismo conjunto de preguntas con orden y/o opciones permutados; Rojo A es la variante canónica para frecuencias y Verde A se conserva como control de cobertura.,67,No,"Conforme al artículo 103 del texto refundido de la Ley General de la Seguridad Social, el patrimonio de la Seguridad Social:",Forma parte del patrimonio del Estado.,"Es un patrimonio único, afecto a sus fines y distinto del patrimonio del Estado.",Tiene carácter embargable.,Pertenece a las entidades gestoras.,S13,13,Temario específico Seguridad Social,"Recursos generales del sistema de la Seguridad Social. El patrimonio único de la seguridad social: titularidad, adscripción, administración y custodia. Los negocios jurídicos patrimoniales: adquisición, enajenación, arrendamiento y cesión. El Fondo de Reserva de la Seguridad Social: constitución, dotación y disposición. Gestión de los recursos financieros: atribución de funciones. Pago de prestaciones de la Seguridad Social.",S13,texto refundido de la Ley General de la Seguridad Social,103,Artículos literales,Media,S13,,,No,Teórico,B,B,Válida,01. Información oficial de la oposición\Exámenes oficiales anteriores\2026 Convocatoria 2025 - Acceso libre Rojo A.pdf,https://www.seg-social.es/wps/portal/wss/internet/InformacionUtil/9950/88beb45d-ca83-4bab-8162-f94ef2894562/e0c83707-3358-47a9-94d7-508221dad233,OCR Windows es-ES sobre PDF oficial,100,Alta,Regla jurídica determinista,2026_conv2025_rojo_A-T67,1.0
2026_conv2025_rojo_A-T68,2026,2025,2026-06-28,Acceso libre,Primera parte,Rojo A,Rojo/Verde A/B,Sí,Los colores y modelos reproducen el mismo conjunto de preguntas con orden y/o opciones permutados; Rojo A es la variante canónica para frecuencias y Verde A se conserva como control de cobertura.,68,No,"Según eI artículo 9 del Real Decreto 1221/1992, sobre eI patrimonio de la Seguridad Social, con carácter general, la adquisición a título oneroso de bienes inmuebles por la Tesorería General de la Seguridad Social se realizará mediante:",Subasta pública.,Adjudicación directa siempre.,Concurso público cualquiera que sea su valor.,Contrato menor.,S13,13,Temario específico Seguridad Social,"Recursos generales del sistema de la Seguridad Social. El patrimonio único de la seguridad social: titularidad, adscripción, administración y custodia. Los negocios jurídicos patrimoniales: adquisición, enajenación, arrendamiento y cesión. El Fondo de Reserva de la Seguridad Social: constitución, dotación y disposición. Gestión de los recursos financieros: atribución de funciones. Pago de prestaciones de la Seguridad Social.",S13,Real Decreto 1221/1992,9,Artículos literales,Media,S13,Tesorería General de la Seguridad Social,,No,Teórico,C,C,Válida,01. Información oficial de la oposición\Exámenes oficiales anteriores\2026 Convocatoria 2025 - Acceso libre Rojo A.pdf,https://www.seg-social.es/wps/portal/wss/internet/InformacionUtil/9950/88beb45d-ca83-4bab-8162-f94ef2894562/e0c83707-3358-47a9-94d7-508221dad233,OCR Windows es-ES sobre PDF oficial,17,Alta,Ponderación de palabras clave,2026_conv2025_rojo_A-T68,1.0
2026_conv2025_rojo_A-T69,2026,2025,2026-06-28,Acceso libre,Primera parte,Rojo A,Rojo/Verde A/B,Sí,Los colores y modelos reproducen el mismo conjunto de preguntas con orden y/o opciones permutados; Rojo A es la variante canónica para frecuencias y Verde A se conserva como control de cobertura.,69,No,"De conformidad con el artículo 12 del Real Decreto 1221/1992, sobre el patrimonio de la Seguridad Social, las mejoras realizadas en un inmueble del patrimonio de la Seguridad Social durante eI periodo de adscripción:",Generan derecho a indemnización.,Se integrarán en el patrimonio de la Tesorería General de la Seguridad Social sin indemnización.,Se compensan económicamente al finalizar la adscripción.,Permanecen en favor de la entidad adscrita.,S13,13,Temario específico Seguridad Social,"Recursos generales del sistema de la Seguridad Social. El patrimonio único de la seguridad social: titularidad, adscripción, administración y custodia. Los negocios jurídicos patrimoniales: adquisición, enajenación, arrendamiento y cesión. El Fondo de Reserva de la Seguridad Social: constitución, dotación y disposición. Gestión de los recursos financieros: atribución de funciones. Pago de prestaciones de la Seguridad Social.",S13,Real Decreto 1221/1992,12,Artículos literales,Media,S13,,,No,Teórico,B,B,Válida,01. Información oficial de la oposición\Exámenes oficiales anteriores\2026 Convocatoria 2025 - Acceso libre Rojo A.pdf,https://www.seg-social.es/wps/portal/wss/internet/InformacionUtil/9950/88beb45d-ca83-4bab-8162-f94ef2894562/e0c83707-3358-47a9-94d7-508221dad233,OCR Windows es-ES sobre PDF oficial,12,Alta,Ponderación de palabras clave,2026_conv2025_rojo_A-T69,1.0
2026_conv2025_rojo_A-T70,2026,2025,2026-06-28,Acceso libre,Primera parte,Rojo A,Rojo/Verde A/B,Sí,Los colores y modelos reproducen el mismo conjunto de preguntas con orden y/o opciones permutados; Rojo A es la variante canónica para frecuencias y Verde A se conserva como control de cobertura.,70,No,"Según el artículo 127 del texto refundido de la Ley General de la Seguridad Social, ¿cuál de las siguientes afirmaciones sobre el Mecanismo de Equidad Intergeneracional es correcta?",Es una cotización computable a efectos del cálculo de las prestaciones contributivas de jubilación.,Es una cotización aplicable exclusivamente al Régimen General de la Seguridad Social.,"Es una cotización finalista, aplicable en todos los regímenes y en todos los supuestos en los que se cotice por la contingencia de jubilación, sin efectos sobre las prestaciones.",Es una cotización susceptible de bonificación o reducción en función de la modalidad contractual o del colectivo protegido.,S13,13,Temario específico Seguridad Social,"Recursos generales del sistema de la Seguridad Social. El patrimonio único de la seguridad social: titularidad, adscripción, administración y custodia. Los negocios jurídicos patrimoniales: adquisición, enajenación, arrendamiento y cesión. El Fondo de Reserva de la Seguridad Social: constitución, dotación y disposición. Gestión de los recursos financieros: atribución de funciones. Pago de prestaciones de la Seguridad Social.",S13,texto refundido de la Ley General de la Seguridad Social,127,Artículos literales,Media,S13,ISM,,No,Teórico,C,C,Válida,01. Información oficial de la oposición\Exámenes oficiales anteriores\2026 Convocatoria 2025 - Acceso libre Rojo A.pdf,https://www.seg-social.es/wps/portal/wss/internet/InformacionUtil/9950/88beb45d-ca83-4bab-8162-f94ef2894562/e0c83707-3358-47a9-94d7-508221dad233,OCR Windows es-ES sobre PDF oficial,100,Alta,Regla jurídica determinista,2026_conv2025_rojo_A-T70,1.0
2026_conv2025_rojo_A-T71,2026,2025,2026-06-28,Acceso libre,Primera parte,Rojo A,Rojo/Verde A/B,Sí,Los colores y modelos reproducen el mismo conjunto de preguntas con orden y/o opciones permutados; Rojo A es la variante canónica para frecuencias y Verde A se conserva como control de cobertura.,71,Sí,"Según el artículo 15 del Real Decreto 1415/2004, de 11 de junio, por eI que se aprueba el Reglamento General de Recaudación de la Seguridad Social, los herederos del responsable del pago de la deuda a la Seguridad Social que acepten la herencia a beneficio de inventario:",Responderán solidariamente entre sí de su pago con los bienes de la herencia.,Responderán solidariamente entre sí de su pago con los bienes de la herencia y con su propio patrimonio.,Solo responderán con los bienes de la herencia que les hayan sido adjudicados.,Solo responderán con los bienes de la herencia que les hayan sido adjudicados y con su propio patrimonio.,S05,5,Temario específico Seguridad Social,"La gestión recaudatoria: concepto, competencia y objeto. Responsables del pago. Requisitos para el pago. Medios de pago. Control de recaudación. Revisión de los actos de gestión recaudatoria. La recaudación en periodo voluntario. Efectos de la falta de cotización en período reglamentario. Recaudación de otros recursos. Aplazamientos. Devolución de ingresos indebidos. Capital coste de pensiones.",S05,Real Decreto 1415/2004,15,Recaudación,Media,S05,,,No,Teórico,C,C,Válida,01. Información oficial de la oposición\Exámenes oficiales anteriores\2026 Convocatoria 2025 - Acceso libre Rojo A.pdf,https://www.seg-social.es/wps/portal/wss/internet/InformacionUtil/9950/88beb45d-ca83-4bab-8162-f94ef2894562/e0c83707-3358-47a9-94d7-508221dad233,OCR Windows es-ES sobre PDF oficial,100,Alta,Regla jurídica determinista,2026_conv2025_rojo_A-T71,1.0
2026_conv2025_rojo_A-T72,2026,2025,2026-06-28,Acceso libre,Primera parte,Rojo A,Rojo/Verde A/B,Sí,Los colores y modelos reproducen el mismo conjunto de preguntas con orden y/o opciones permutados; Rojo A es la variante canónica para frecuencias y Verde A se conserva como control de cobertura.,72,Sí,"EI artículo 118 del Real Decreto 1415/2004, de II de junio, por el que se aprueba el Reglamento General de Recaudación de la Seguridad Social, establece que el licitador que presente oferta en una subasta deberá constituir depósito por importe del:",10 por ciento del tipo establecido para la enajenación del bien de que se trate.,15 por ciento del tipo establecido para la enajenación del bien de que se trate.,20 por ciento del tipo establecido para la enajenación del bien de que se trate.,25 por ciento del tipo establecido para la enajenación del bien de que se trate.,S06,6,Temario específico Seguridad Social,La recaudación en vía ejecutiva. Normas generales. Iniciación y título ejecutivo. La providencia de apremio. Oposición y efectos. El embargo de bienes. Enajenación de bienes: modalidades. Créditos incobrables. Tercerías.,S06,Real Decreto 1415/2004,118,Cálculos,Media,S06,,,No,Teórico,D,D,Válida,01. Información oficial de la oposición\Exámenes oficiales anteriores\2026 Convocatoria 2025 - Acceso libre Rojo A.pdf,https://www.seg-social.es/wps/portal/wss/internet/InformacionUtil/9950/88beb45d-ca83-4bab-8162-f94ef2894562/e0c83707-3358-47a9-94d7-508221dad233,OCR Windows es-ES sobre PDF oficial,100,Alta,Regla jurídica determinista,2026_conv2025_rojo_A-T72,1.0
2026_conv2025_rojo_A-T73,2026,2025,2026-06-28,Acceso libre,Primera parte,Rojo A,Rojo/Verde A/B,Sí,Los colores y modelos reproducen el mismo conjunto de preguntas con orden y/o opciones permutados; Rojo A es la variante canónica para frecuencias y Verde A se conserva como control de cobertura.,73,Sí,"De acuerdo con eI artículo 290 del Tratado de Funcionamiento de la Unión Europea, en relación con los actos delegados:",EI acto delegado podrá entrar en vigor aunque el Parlamento Europeo o el Consejo hayan formulado objeciones en el plazo fijado.,No es obligatorio que en el titulo de los actos delegados figure el adjetivo «delegado» o «delegada»,"Los actos legislativos delimitarán de forma expresa los objetivos, el contenido, el alcance y la duración de la delegación de poderes.",La Comisión Europea podrá decidir revocar la delegación.,G11,11,Temario general,"Las fuentes del derecho de la Unión Europea. Derecho originario. Derecho derivado: Reglamentos, directivas y decisiones. Otras fuentes. Las relaciones entre el Derecho de la Unión Europea y el ordenamiento jurídico de los Estados miembros.",G11,Tratado de Funcionamiento de la Unión Europea,290,Artículos literales,Media,G11,,,No,Teórico,C,C,Válida,01. Información oficial de la oposición\Exámenes oficiales anteriores\2026 Convocatoria 2025 - Acceso libre Rojo A.pdf,https://www.seg-social.es/wps/portal/wss/internet/InformacionUtil/9950/88beb45d-ca83-4bab-8162-f94ef2894562/e0c83707-3358-47a9-94d7-508221dad233,OCR Windows es-ES sobre PDF oficial,100,Alta,Regla jurídica determinista,2026_conv2025_rojo_A-T73,1.0
2026_conv2025_rojo_A-P01,2026,2025,2026-06-28,Acceso libre,Segunda parte,Rojo A,Rojo/Verde A/B,Sí,Los colores y modelos reproducen el mismo conjunto de preguntas con orden y/o opciones permutados; Rojo A es la variante canónica para frecuencias y Verde A se conserva como control de cobertura.,1,No,"Indique, si de acuerdo con eI artículo 29 del Reglamento General sobre inscripción de empresas y afiliación, altas, bajas y variaciones de datos de trabajadores en la Seguridad Social, aprobado por eI Real Decreto 84/1996, de 26 de enero, la empresa tiene que promover la baja de la trabajadora en el código de cuenta de cotización de la localidad de Las Navas de' Marqués y el alta en el código de cuenta de cotización de la localidad de Sanchorreja:","No, porque eI alta es única para la empresa con independencia del lugar donde preste servicios y del código de cuenta de cotización.","Si, la empresa debe promover la baja y el alta de la trabajadora, porque tienen diferente código de cuenta de cotización.","No, únicamente es necesario cuando el nuevo centro de trabajo se encuentre en otra provincia.","Es indiferente, depende exclusivamente de la voluntad del empresario.",S03,3,Temario específico Seguridad Social,Normas sobre afiliación. Altas y bajas en el régimen general. Procedimiento y efectos. El convenio especial y otras situaciones asimiladas a la del alta. Encuadramiento e inscripción.,afiliación,Real Decreto 84/1996,29,"Afiliación, altas y bajas",Alta,afiliación,,,No,Práctico,B,B,Válida,01. Información oficial de la oposición\Exámenes oficiales anteriores\2026 Convocatoria 2025 - Acceso libre Rojo A.pdf,https://www.seg-social.es/wps/portal/wss/internet/InformacionUtil/9950/88beb45d-ca83-4bab-8162-f94ef2894562/e0c83707-3358-47a9-94d7-508221dad233,OCR Windows es-ES sobre PDF oficial,100,Alta,Regla jurídica determinista,2026_conv2025_rojo_A-P01,1.0
2026_conv2025_rojo_A-P02,2026,2025,2026-06-28,Acceso libre,Segunda parte,Rojo A,Rojo/Verde A/B,Sí,Los colores y modelos reproducen el mismo conjunto de preguntas con orden y/o opciones permutados; Rojo A es la variante canónica para frecuencias y Verde A se conserva como control de cobertura.,2,No,Determine si la empresa tiene que comunicar la baja en eI Régimen General de la Seguridad Social de Dña. Juliana Suárez cuando es operada de urgencia:,"Sí, la empresa tiene que comunicar la baja en el Régimen General en el plazo de los tres días naturales siguientes al cese en el trabajo.","Sí, la empresa debe de comunicar la baja en el Régimen General en eI plazo de tres días hábiles siguientes al cese en el trabajo.","No, la trabajadora continúa en la situación de alta en la empresa.","No, la baja en el Régimen General 10 debe comunicar la entidad gestora o la mutua colaboradora en el plazo de tres días naturales a la baja médica. EI trabajador Mario de la Vega de la empresa ""Tesifonte Ovejero, S.L."", que presta servicios en eI centro de trabajo de la localidad Sanchorreja de la provincia de Ávila, se desplaza varias veces al mes para prestar servicios en eI centro de trabajo de la localidad de Las Navas del Marqués que se encuentra en la misma provincia. Para realizar estos desplazamientos utiliza el trasporte público disponiendo de la correspondiente factura.",S03,3,Temario específico Seguridad Social,Normas sobre afiliación. Altas y bajas en el régimen general. Procedimiento y efectos. El convenio especial y otras situaciones asimiladas a la del alta. Encuadramiento e inscripción.,baja,,,"Afiliación, altas y bajas",Media,baja,,,No,Práctico,C,C,Válida,01. Información oficial de la oposición\Exámenes oficiales anteriores\2026 Convocatoria 2025 - Acceso libre Rojo A.pdf,https://www.seg-social.es/wps/portal/wss/internet/InformacionUtil/9950/88beb45d-ca83-4bab-8162-f94ef2894562/e0c83707-3358-47a9-94d7-508221dad233,OCR Windows es-ES sobre PDF oficial,100,Alta,Revisión jurídica individual,2026_conv2025_rojo_A-P02,1.0
2026_conv2025_rojo_A-P03,2026,2025,2026-06-28,Acceso libre,Segunda parte,Rojo A,Rojo/Verde A/B,Sí,Los colores y modelos reproducen el mismo conjunto de preguntas con orden y/o opciones permutados; Rojo A es la variante canónica para frecuencias y Verde A se conserva como control de cobertura.,3,No,"Señale si los importes abonados por la empresa al trabajador Mario de la Vega para resarcirle por estos desplazamientos, previa presentación de la factura, se tienen que integrar en la base de cotización:","Forman parte de la base de cotización, porque se incluyen todas las percepciones abonadas por la empresa.","No forman parte de la base de cotización, por ser desplazamientos en transporte público y con factura.","No forman parte de la base de cotización, porque todas las indemnizaciones por transporte están excluidas.","Forman parte de la base de cotización, por ser desplazamientos en transporte público y con factura. La empresa ""Tesifonte Ovejero, S.L."", el día 23 de mayo de 2026 ha solicitado a la Tesorería General de la Seguridad Social eI cálculo de la liquidación de cuotas correspondientes al mes anterior, pero la liquidación no puede practicarse porque los datos son insuficientes.",S04,4,Temario específico Seguridad Social,La cotización a la Seguridad Social: normas comunes del sistema. La liquidación de cuotas. El régimen general de la Seguridad Social. Supuestos especiales. Bases y tipos de cotización. Liquidación de otras deudas.,base de cotización,,,Cálculos,Media,base de cotización,,,No,Práctico,B,B,Válida,01. Información oficial de la oposición\Exámenes oficiales anteriores\2026 Convocatoria 2025 - Acceso libre Rojo A.pdf,https://www.seg-social.es/wps/portal/wss/internet/InformacionUtil/9950/88beb45d-ca83-4bab-8162-f94ef2894562/e0c83707-3358-47a9-94d7-508221dad233,OCR Windows es-ES sobre PDF oficial,100,Alta,Regla jurídica determinista,2026_conv2025_rojo_A-P03,1.0
2026_conv2025_rojo_A-P04,2026,2025,2026-06-28,Acceso libre,Segunda parte,Rojo A,Rojo/Verde A/B,Sí,Los colores y modelos reproducen el mismo conjunto de preguntas con orden y/o opciones permutados; Rojo A es la variante canónica para frecuencias y Verde A se conserva como control de cobertura.,4,No,"Determine el plazo máximo que tiene la Tesorería General de la Seguridad Social para informar a la empresa ""Tesifonte Ovejero, S.L."" de la causa que impide el cálculo, tal y como establece eI artículo 18 del Reglamento General sobre cotización y liquidación de otros derechos de la Seguridad Social, aprobado por Real Decreto 2064/1995, de 22 de diciembre:",Dispone de 48 horas a contar desde la aportación.,La Tesorería General de la Seguridad Social tiene dos días hábiles a contar desde la aportación.,La Tesorería General de la Seguridad Social tiene dos días naturales a contar desde la aportación.,Dispone de 72 horas a contar desde la aportación.,S04,4,Temario específico Seguridad Social,La cotización a la Seguridad Social: normas comunes del sistema. La liquidación de cuotas. El régimen general de la Seguridad Social. Supuestos especiales. Bases y tipos de cotización. Liquidación de otras deudas.,S04,Real Decreto 2064/1995,18,Plazos,Alta,S04,Tesorería General de la Seguridad Social,,No,Práctico,A,A,Válida,01. Información oficial de la oposición\Exámenes oficiales anteriores\2026 Convocatoria 2025 - Acceso libre Rojo A.pdf,https://www.seg-social.es/wps/portal/wss/internet/InformacionUtil/9950/88beb45d-ca83-4bab-8162-f94ef2894562/e0c83707-3358-47a9-94d7-508221dad233,OCR Windows es-ES sobre PDF oficial,100,Alta,Regla jurídica determinista,2026_conv2025_rojo_A-P04,1.0
2026_conv2025_rojo_A-P05,2026,2025,2026-06-28,Acceso libre,Segunda parte,Rojo A,Rojo/Verde A/B,Sí,Los colores y modelos reproducen el mismo conjunto de preguntas con orden y/o opciones permutados; Rojo A es la variante canónica para frecuencias y Verde A se conserva como control de cobertura.,5,No,"Teniendo en cuenta que el día 31 de mayo de 2026 fue domingo, indique hasta qué dia puede la empresa ""Tesifonte Ovejero, S.L."" solicitar la práctica de la liquidación de las cuotas de la Seguridad Social del ines de abril de 2026 correspondiente a aquellos trabajadores cuyos datos permiten el cálculo:",Hasta el día 29 de mayo.,Hasta el día 31 de mayo.,Hasta eI día I de junio.,"Hasta eI día 30 de mayo. EI trabajador Ventura Aguado de la empresa ""Tesifonte Ovejero, S.L."" sufrió el día 5 de marzo de 2025 un accidente, por el cual perdió varios dedos de la mano izquierda. Como consecuencia de esta pérdida fue declarado en una situación de incapacidad permanente parcial, percibiendo una prestación de 24.000 euros. Mediante resolución de la Dirección Provincial del Instituto Nacional de la Seguridad Social de 17 de noviembre de 2025, se declaró a la empresa responsable de un recargo del 50% sobre las prestaciones, al amparo de 10 establecido en eI artículo 164 del texto refundido de la Ley General de la Seguridad Social, aprobado por Real Decreto Legislativo 8/2015, de 30 de octubre. La resolución firme fue remitida a la Tesorería General de la Seguridad Social el día 11 de febrero de 2026, que emitió la correspondiente reclamación al día siguiente y fue recibida por la empresa eI día 16 de febrero.",S04,4,Temario específico Seguridad Social,La cotización a la Seguridad Social: normas comunes del sistema. La liquidación de cuotas. El régimen general de la Seguridad Social. Supuestos especiales. Bases y tipos de cotización. Liquidación de otras deudas.,S04,,,Plazos,Alta,S04,,,No,Práctico,D,D,Válida,01. Información oficial de la oposición\Exámenes oficiales anteriores\2026 Convocatoria 2025 - Acceso libre Rojo A.pdf,https://www.seg-social.es/wps/portal/wss/internet/InformacionUtil/9950/88beb45d-ca83-4bab-8162-f94ef2894562/e0c83707-3358-47a9-94d7-508221dad233,OCR Windows es-ES sobre PDF oficial,100,Alta,Revisión jurídica individual,2026_conv2025_rojo_A-P05,1.0
2026_conv2025_rojo_A-P06,2026,2025,2026-06-28,Acceso libre,Segunda parte,Rojo A,Rojo/Verde A/B,Sí,Los colores y modelos reproducen el mismo conjunto de preguntas con orden y/o opciones permutados; Rojo A es la variante canónica para frecuencias y Verde A se conserva como control de cobertura.,6,No,"Remitida la resolución firme de la entidad gestora a la Tesorería General de la Seguridad Social, determine el importe a reclamar a la empresa por la Tesorería General de la Seguridad Social al amparo del artículo 75 del Reglamento General de Recaudación de la Seguridad Social, aprobado por Real Decreto 1415/2004, de II de junio:",24.000 euros.,12.000 euros.,36.000 euros.,30.000 euros.,S05,5,Temario específico Seguridad Social,"La gestión recaudatoria: concepto, competencia y objeto. Responsables del pago. Requisitos para el pago. Medios de pago. Control de recaudación. Revisión de los actos de gestión recaudatoria. La recaudación en periodo voluntario. Efectos de la falta de cotización en período reglamentario. Recaudación de otros recursos. Aplazamientos. Devolución de ingresos indebidos. Capital coste de pensiones.",S05,Real Decreto 1415/2004,75,Cálculos,Alta,S05,Tesorería General de la Seguridad Social,,No,Práctico,B,B,Válida,01. Información oficial de la oposición\Exámenes oficiales anteriores\2026 Convocatoria 2025 - Acceso libre Rojo A.pdf,https://www.seg-social.es/wps/portal/wss/internet/InformacionUtil/9950/88beb45d-ca83-4bab-8162-f94ef2894562/e0c83707-3358-47a9-94d7-508221dad233,OCR Windows es-ES sobre PDF oficial,100,Alta,Regla jurídica determinista,2026_conv2025_rojo_A-P06,1.0
2026_conv2025_rojo_A-P07,2026,2025,2026-06-28,Acceso libre,Segunda parte,Rojo A,Rojo/Verde A/B,Sí,Los colores y modelos reproducen el mismo conjunto de preguntas con orden y/o opciones permutados; Rojo A es la variante canónica para frecuencias y Verde A se conserva como control de cobertura.,7,No,"Indique cuándo finaliza eI plazo reglamentario de ingreso de la reclamación de deuda emitida a la empresa ""Tesifonte Ovejero, S.L."" para recaudar eI recargo sobre la prestación determinado por la resolución de la Dirección Provincial del Instituto Nacional de la Seguridad Social de 17 de noviembre de 2025:",EI día 31 de marzo de 2026.,EI día 31 de enero de 2026.,EI día 20 de marzo de 2026.,"EI día 5 de abril de 2026. Ante la falta de pago en el plazo reglamentario de ingreso de la reclamación de deuda emitida para reclamar eI recargo sobre la prestación impuesta por la resolución de la Dirección Provincial del Instituto Nacional de la Seguridad Social de 1 7 de noviembre de 2025, se emite la correspondiente providencia de apremio, que es recibida por la empresa el día 24 de abril de 2026. La empresa ""Tesifonte Ovejero, S.L."" para abonar la deuda solicita un aplazamiento.",S05,5,Temario específico Seguridad Social,"La gestión recaudatoria: concepto, competencia y objeto. Responsables del pago. Requisitos para el pago. Medios de pago. Control de recaudación. Revisión de los actos de gestión recaudatoria. La recaudación en periodo voluntario. Efectos de la falta de cotización en período reglamentario. Recaudación de otros recursos. Aplazamientos. Devolución de ingresos indebidos. Capital coste de pensiones.",S05,,,Plazos,Alta,S05,Instituto Nacional de la Seguridad Social,,No,Práctico,A,A,Válida,01. Información oficial de la oposición\Exámenes oficiales anteriores\2026 Convocatoria 2025 - Acceso libre Rojo A.pdf,https://www.seg-social.es/wps/portal/wss/internet/InformacionUtil/9950/88beb45d-ca83-4bab-8162-f94ef2894562/e0c83707-3358-47a9-94d7-508221dad233,OCR Windows es-ES sobre PDF oficial,100,Alta,Regla jurídica determinista,2026_conv2025_rojo_A-P07,1.0
2026_conv2025_rojo_A-P08,2026,2025,2026-06-28,Acceso libre,Segunda parte,Rojo A,Rojo/Verde A/B,Sí,Los colores y modelos reproducen el mismo conjunto de preguntas con orden y/o opciones permutados; Rojo A es la variante canónica para frecuencias y Verde A se conserva como control de cobertura.,8,No,Indique si el aplazamiento sobre esta deuda necesita ser garantizado:,Sólo puede garantizarse con hipoteca inmobiliaria.,Se tiene que garantizar con cualquier tipo de garantía.,Sólo puede garantizarse con aval bancario.,"No necesita garantía. EI aplazamiento no es concedido y por tanto la Unidad de Recaudación Ejecutiva responde con el procedimiento de apremio y embarga el saldo de una cuenta bancaria, que asciende a 5.000 euros. Esta cuenta bancaria está abierta a nombre de cinco titulares, entre ellos figura la empresa ""Tesifonte Ovejero, S.L."", con titularidad indistinta.",S05,5,Temario específico Seguridad Social,"La gestión recaudatoria: concepto, competencia y objeto. Responsables del pago. Requisitos para el pago. Medios de pago. Control de recaudación. Revisión de los actos de gestión recaudatoria. La recaudación en periodo voluntario. Efectos de la falta de cotización en período reglamentario. Recaudación de otros recursos. Aplazamientos. Devolución de ingresos indebidos. Capital coste de pensiones.",aplazamiento,,,Recaudación,Media,aplazamiento,,,No,Práctico,C,ANULADA,Anulada,01. Información oficial de la oposición\Exámenes oficiales anteriores\2026 Convocatoria 2025 - Acceso libre Rojo A.pdf,https://www.seg-social.es/wps/portal/wss/internet/InformacionUtil/9950/88beb45d-ca83-4bab-8162-f94ef2894562/e0c83707-3358-47a9-94d7-508221dad233,OCR Windows es-ES sobre PDF oficial,100,Alta,Regla jurídica determinista,2026_conv2025_rojo_A-P08,1.0
2026_conv2025_rojo_A-P09,2026,2025,2026-06-28,Acceso libre,Segunda parte,Rojo A,Rojo/Verde A/B,Sí,Los colores y modelos reproducen el mismo conjunto de preguntas con orden y/o opciones permutados; Rojo A es la variante canónica para frecuencias y Verde A se conserva como control de cobertura.,9,No,Señale cuál sería el importe del saldo de la cuenta a embargar:,"EI importe total del saldo, 5.000 euros.","1.000 euros, la parte del saldo correspondiente, salvo que del contrato se desprenda otra cosa.","2.500, la mitad del saldo.","No puede embargarse, porque no puede establecerse eI importe del saldo correspondiente a la empresa. La trabajadora Matilde Padilla inició su vida laboral, prestando servicios para la empresa ""Tesifonte Ovejero, S.L."" eI día 29 de enero de 2026. Esta empresa tramitó el correspondiente alta en la Seguridad Social en tiempo y forma. La empresa ""Tesifonte Ovejero, S.L."" tiene cubierta la protección de incapacidad temporal derivada de contingencias comunes y la protección de accidentes de trabajo y enfermedades profesionales con la mutua colaboradora de la Seguridad Social ""Consorcio"". EI día 8 de junio de 2026, el médico del servicio de salud de su comunidad autónoma expide la baja de Dña. Matilde Padilla por padecer una situación de menstruación incapacitante secundaria.",S06,6,Temario específico Seguridad Social,La recaudación en vía ejecutiva. Normas generales. Iniciación y título ejecutivo. La providencia de apremio. Oposición y efectos. El embargo de bienes. Enajenación de bienes: modalidades. Créditos incobrables. Tercerías.,S06,,,Cálculos,Media,S06,,,No,Práctico,B,B,Válida,01. Información oficial de la oposición\Exámenes oficiales anteriores\2026 Convocatoria 2025 - Acceso libre Rojo A.pdf,https://www.seg-social.es/wps/portal/wss/internet/InformacionUtil/9950/88beb45d-ca83-4bab-8162-f94ef2894562/e0c83707-3358-47a9-94d7-508221dad233,OCR Windows es-ES sobre PDF oficial,100,Alta,Revisión jurídica individual,2026_conv2025_rojo_A-P09,1.0
2026_conv2025_rojo_A-P10,2026,2025,2026-06-28,Acceso libre,Segunda parte,Rojo A,Rojo/Verde A/B,Sí,Los colores y modelos reproducen el mismo conjunto de preguntas con orden y/o opciones permutados; Rojo A es la variante canónica para frecuencias y Verde A se conserva como control de cobertura.,10,No,"Determine si doña Matilde Padilla, tiene derecho a la prestación de incapacidad temporal por la baja médica debida a la situación de menstruación incapacitante secundaria:","No, porque no reúne el periodo mínimo de cotización de 180 días en los cinco años anteriores al hecho causante.","Sí, porque la menstruación incapacitante secundaria tiene la consideración de enfermedad profesional y por ello no se exige periodo mínimo de cotización.","Sí, porque para las situaciones de menstruación incapacitante secundaria no se exige periodo mínimo de cotización.","No, porque la menstruación incapacitante secundaria no es una situación determinante de la incapacidad temporal.",S08,8,Temario específico Seguridad Social,"Incapacidad temporal: concepto y causas que motivan esta situación. Beneficiarios. Prestación económica: determinación y cuantía. Nacimiento, duración y extinción del derecho al subsidio. Reconocimiento y pago. Control de la incapacidad. Incapacidad permanente contributiva: concepto. Grados de incapacidad. Prestaciones. Determinación y cuantía. Beneficiarios. Nacimiento, duración y extinción del derecho. Lesiones permanentes no incapacitantes. La calificación y revisión de la incapacidad permanente.",baja,,,Personas beneficiarias,Media,baja,,,No,Práctico,C,C,Válida,01. Información oficial de la oposición\Exámenes oficiales anteriores\2026 Convocatoria 2025 - Acceso libre Rojo A.pdf,https://www.seg-social.es/wps/portal/wss/internet/InformacionUtil/9950/88beb45d-ca83-4bab-8162-f94ef2894562/e0c83707-3358-47a9-94d7-508221dad233,OCR Windows es-ES sobre PDF oficial,100,Alta,Regla jurídica determinista,2026_conv2025_rojo_A-P10,1.0
2026_conv2025_rojo_A-P11,2026,2025,2026-06-28,Acceso libre,Segunda parte,Rojo A,Rojo/Verde A/B,Sí,Los colores y modelos reproducen el mismo conjunto de preguntas con orden y/o opciones permutados; Rojo A es la variante canónica para frecuencias y Verde A se conserva como control de cobertura.,11,No,"En eI supuesto de tener derecho a la prestación de incapacidad temporal y de acuerdo con el artículo 173, párrafo tercero del texto refundido de la Ley General de la Seguridad Social, por la situación determinante de la menstruación incapacitante secundaria, el abono del subsidio de la incapacidad temporal será a cargo de:","La mutua colaboradora de la Seguridad Social ""Consorcio"".",Del Instituto Nacional de la Seguridad Social.,De la empresa.,Del Servicio Público de Empleo Estatal.,S08,8,Temario específico Seguridad Social,"Incapacidad temporal: concepto y causas que motivan esta situación. Beneficiarios. Prestación económica: determinación y cuantía. Nacimiento, duración y extinción del derecho al subsidio. Reconocimiento y pago. Control de la incapacidad. Incapacidad permanente contributiva: concepto. Grados de incapacidad. Prestaciones. Determinación y cuantía. Beneficiarios. Nacimiento, duración y extinción del derecho. Lesiones permanentes no incapacitantes. La calificación y revisión de la incapacidad permanente.",incapacidad temporal,texto refundido de la Ley General de la Seguridad Social,173,Personas beneficiarias,Alta,incapacidad temporal,,,No,Práctico,A,A,Válida,01. Información oficial de la oposición\Exámenes oficiales anteriores\2026 Convocatoria 2025 - Acceso libre Rojo A.pdf,https://www.seg-social.es/wps/portal/wss/internet/InformacionUtil/9950/88beb45d-ca83-4bab-8162-f94ef2894562/e0c83707-3358-47a9-94d7-508221dad233,OCR Windows es-ES sobre PDF oficial,100,Alta,Regla jurídica determinista,2026_conv2025_rojo_A-P11,1.0
2026_conv2025_rojo_A-P12,2026,2025,2026-06-28,Acceso libre,Segunda parte,Rojo A,Rojo/Verde A/B,Sí,Los colores y modelos reproducen el mismo conjunto de preguntas con orden y/o opciones permutados; Rojo A es la variante canónica para frecuencias y Verde A se conserva como control de cobertura.,12,No,"En el supuesto de tener derecho a la prestación de incapacidad temporal, determine los meses que se tendrían en cuenta para el cálculo de la base reguladora de la prestación, si tuviera un contrato a tiempo parcial:","Los meses de marzo, abril y mayo de 2026.","Los meses de abril, mayo y junio de 2026.","Los meses de febrero, marzo y abril de 2026.","Los meses de febrero, marzo, abril y mayo de 2026. La trabajadora Nati Robles, que ha nacido el día 21 de julio de 1968, ha prestado sus servicios en los últimos años en la empresa ""Tesifonte Ovejero, S.L."". Después de un proceso de incapacidad temporal debido a una enfermedad común, ha sido declarada en situación de incapacidad permanente total, el día 4 de mayo de 2026.",S08,8,Temario específico Seguridad Social,"Incapacidad temporal: concepto y causas que motivan esta situación. Beneficiarios. Prestación económica: determinación y cuantía. Nacimiento, duración y extinción del derecho al subsidio. Reconocimiento y pago. Control de la incapacidad. Incapacidad permanente contributiva: concepto. Grados de incapacidad. Prestaciones. Determinación y cuantía. Beneficiarios. Nacimiento, duración y extinción del derecho. Lesiones permanentes no incapacitantes. La calificación y revisión de la incapacidad permanente.",incapacidad temporal,,,Cálculos,Media,incapacidad temporal,,,No,Práctico,C,C,Válida,01. Información oficial de la oposición\Exámenes oficiales anteriores\2026 Convocatoria 2025 - Acceso libre Rojo A.pdf,https://www.seg-social.es/wps/portal/wss/internet/InformacionUtil/9950/88beb45d-ca83-4bab-8162-f94ef2894562/e0c83707-3358-47a9-94d7-508221dad233,OCR Windows es-ES sobre PDF oficial,100,Alta,Regla jurídica determinista,2026_conv2025_rojo_A-P12,1.0
2026_conv2025_rojo_A-P13,2026,2025,2026-06-28,Acceso libre,Segunda parte,Rojo A,Rojo/Verde A/B,Sí,Los colores y modelos reproducen el mismo conjunto de preguntas con orden y/o opciones permutados; Rojo A es la variante canónica para frecuencias y Verde A se conserva como control de cobertura.,13,No,"¿Puede en este año 2026, Dña. Nati Robles, sustituir excepcionalmente la pensión vitalicia por incapacidad permanente total por una indemnización a tanto alzado?","No, porque es una excepción no prevista en el artículo 196 del texto refundido de la Ley General de la Seguridad Social.","No, porque únicamente se permite esta opción a los menores de 55 años.","Sí, porque el artículo 196 del texto refundido de la Ley General de la Seguridad Social no establece ningún límite de edad, si cumple el resto de los requisitos establecidos.","Sí, porque es menor de 60 de años, si cumple el resto de los requisitos establecidos.",S08,8,Temario específico Seguridad Social,"Incapacidad temporal: concepto y causas que motivan esta situación. Beneficiarios. Prestación económica: determinación y cuantía. Nacimiento, duración y extinción del derecho al subsidio. Reconocimiento y pago. Control de la incapacidad. Incapacidad permanente contributiva: concepto. Grados de incapacidad. Prestaciones. Determinación y cuantía. Beneficiarios. Nacimiento, duración y extinción del derecho. Lesiones permanentes no incapacitantes. La calificación y revisión de la incapacidad permanente.",incapacidad permanente,,,Incapacidad,Alta,incapacidad permanente,,,No,Práctico,D,D,Válida,01. Información oficial de la oposición\Exámenes oficiales anteriores\2026 Convocatoria 2025 - Acceso libre Rojo A.pdf,https://www.seg-social.es/wps/portal/wss/internet/InformacionUtil/9950/88beb45d-ca83-4bab-8162-f94ef2894562/e0c83707-3358-47a9-94d7-508221dad233,OCR Windows es-ES sobre PDF oficial,100,Alta,Regla jurídica determinista,2026_conv2025_rojo_A-P13,1.0
2026_conv2025_rojo_A-P14,2026,2025,2026-06-28,Acceso libre,Segunda parte,Rojo A,Rojo/Verde A/B,Sí,Los colores y modelos reproducen el mismo conjunto de preguntas con orden y/o opciones permutados; Rojo A es la variante canónica para frecuencias y Verde A se conserva como control de cobertura.,14,No,Indique cuál ha sido el periodo de cotización mínimo que ha tenido que reunir Dña. Nati Robles para tener derecho a la prestación de incapacidad permanente total:,"La cuarta parte del tiempo transcurrido entre la fecha en que cumplió los veinte años y la del hecho causante de la pensión, con un mínimo, en todo caso, de cinco años; al menos la quinta parte del período de cotización exigible ha tenido que estar comprendida entre los diez años inmediatamente anteriores al hecho causante.",La tercera parte del tiempo transcurrido entre la fecha en que cumplió los dieciséis años y la del hecho causante de la pensión.,"La tercera parte del tiempo transcurrido entre la fecha en que cumplió los veinte años y la del hecho causante de la pensión, con un mínimo, en todo caso, de cinco años; al menos la quinta parte del período de cotización exigible ha tenido que estar comprendida entre los diez años inmediatamente anteriores al hecho causante.","La quinta parte del tiempo transcurrido entre la fecha en que cumplió los veinte años y la del hecho causante de la pensión. La empresa ""Tesifonte Ovejero, S.L."", en eI año 2025 ha tenido una disminución de ingresos por lo que reuniendo las condiciones del artículo 51 de la Ley del Estatuto de los Trabajadores, aprobado por Real Decreto Legislativo 2/2015, de 23 de octubre, ha practicado un despido colectivo. D. Leonardo Meléndez, que ha nacido en el año 1.961, se encuentra entre los afectados por el despido colectivo y desea jubilarse este año 2026. Dña. Rosa Antofagasta, que ha nacido en 1.964 y acredita 39 años cotizados, todos ellos en el Régimen General, entre la empresa ""Tesifonte Ovejero, S.L."" y otras empresas, también se encuentra afectada por este despido colectivo. La empresa ""Tesifonte Ovejero, S.L."" no Ie ha abonado la indemnización que le corresponde por eI despido.",S08,8,Temario específico Seguridad Social,"Incapacidad temporal: concepto y causas que motivan esta situación. Beneficiarios. Prestación económica: determinación y cuantía. Nacimiento, duración y extinción del derecho al subsidio. Reconocimiento y pago. Control de la incapacidad. Incapacidad permanente contributiva: concepto. Grados de incapacidad. Prestaciones. Determinación y cuantía. Beneficiarios. Nacimiento, duración y extinción del derecho. Lesiones permanentes no incapacitantes. La calificación y revisión de la incapacidad permanente.",incapacidad permanente,,,Personas beneficiarias,Media,incapacidad permanente,,,No,Práctico,A,A,Válida,01. Información oficial de la oposición\Exámenes oficiales anteriores\2026 Convocatoria 2025 - Acceso libre Rojo A.pdf,https://www.seg-social.es/wps/portal/wss/internet/InformacionUtil/9950/88beb45d-ca83-4bab-8162-f94ef2894562/e0c83707-3358-47a9-94d7-508221dad233,OCR Windows es-ES sobre PDF oficial,100,Alta,Regla jurídica determinista,2026_conv2025_rojo_A-P14,1.0
2026_conv2025_rojo_A-P15,2026,2025,2026-06-28,Acceso libre,Segunda parte,Rojo A,Rojo/Verde A/B,Sí,Los colores y modelos reproducen el mismo conjunto de preguntas con orden y/o opciones permutados; Rojo A es la variante canónica para frecuencias y Verde A se conserva como control de cobertura.,15,No,¿La falta de ingreso de la indemnización por el despido colectivo Ie puede impedir a Dña. Rosa Antofagasta acceder a la posibilidad de jubilarse anticipadamente por causa no imputable al trabajador?:,"No, siempre que acredite haber interpuesto demanda judicial en reclamación de dicha indemnización.","Sí, porque exclusivamente se puede acreditar eI cumplimiento de este requisito aportando la justificación de la transferencia bancaria de la indemnización.","No, porque no es un requisito para acceder a esta modalidad de jubilación.","No, siempre que conste la declaración verbal del trabajador.",S10,10,Temario específico Seguridad Social,"Jubilación en la modalidad contributiva: concepto. Jubilación ordinaria: requisitos: especial referencia a la edad de jubilación. Determinación de la cuantía de la prestación: base reguladora y porcentaje. Jubilación anticipada, jubilación parcial y jubilación flexible. Compatibilidad de la pensión de jubilación y el trabajo. Suspensión y extinción de la prestación. Especial referencia a la aplicación de la normativa anterior a la Ley 27/2011.",S10,,,Jubilación,Media,S10,,,No,Práctico,A,A,Válida,01. Información oficial de la oposición\Exámenes oficiales anteriores\2026 Convocatoria 2025 - Acceso libre Rojo A.pdf,https://www.seg-social.es/wps/portal/wss/internet/InformacionUtil/9950/88beb45d-ca83-4bab-8162-f94ef2894562/e0c83707-3358-47a9-94d7-508221dad233,OCR Windows es-ES sobre PDF oficial,100,Alta,Regla jurídica determinista,2026_conv2025_rojo_A-P15,1.0
2026_conv2025_rojo_A-P16,2026,2025,2026-06-28,Acceso libre,Segunda parte,Rojo A,Rojo/Verde A/B,Sí,Los colores y modelos reproducen el mismo conjunto de preguntas con orden y/o opciones permutados; Rojo A es la variante canónica para frecuencias y Verde A se conserva como control de cobertura.,16,Sí,¿Reúne Dña. Rosa Antofagasta el requisito de edad que establece el artículo 207 del texto refundido de la Ley General de la Seguridad Social para poderse jubilar anticipadamente por causa no imputable a la trabajadora?,"No, porque tiene una edad superior a los 60 años.","Sí, porque esta disposición no establece límite de edad.","No, por tener una edad inferior en 63 años.","Sí, porque tiene una edad inferior en cuatro años como máximo de la edad establecida en el artículo 205 del texto refundido de la Ley General de la Seguridad Social.",S10,10,Temario específico Seguridad Social,"Jubilación en la modalidad contributiva: concepto. Jubilación ordinaria: requisitos: especial referencia a la edad de jubilación. Determinación de la cuantía de la prestación: base reguladora y porcentaje. Jubilación anticipada, jubilación parcial y jubilación flexible. Compatibilidad de la pensión de jubilación y el trabajo. Suspensión y extinción de la prestación. Especial referencia a la aplicación de la normativa anterior a la Ley 27/2011.",S10,texto refundido de la Ley General de la Seguridad Social,207,Requisitos,Alta,S10,,,No,Práctico,D,D,Válida,01. Información oficial de la oposición\Exámenes oficiales anteriores\2026 Convocatoria 2025 - Acceso libre Rojo A.pdf,https://www.seg-social.es/wps/portal/wss/internet/InformacionUtil/9950/88beb45d-ca83-4bab-8162-f94ef2894562/e0c83707-3358-47a9-94d7-508221dad233,OCR Windows es-ES sobre PDF oficial,100,Alta,Regla jurídica determinista,2026_conv2025_rojo_A-P16,1.0
2026_conv2025_rojo_A-P17,2026,2025,2026-06-28,Acceso libre,Segunda parte,Rojo A,Rojo/Verde A/B,Sí,Los colores y modelos reproducen el mismo conjunto de preguntas con orden y/o opciones permutados; Rojo A es la variante canónica para frecuencias y Verde A se conserva como control de cobertura.,17,Sí,"Si Dña. Rosa Antofagasta solicita su pensión de jubilación el día 9 de junio de 2026 y por tanto este día se considerará como el día del hecho causante, indique los meses cuyas bases de cotización se computan a su valor nominal:",Junio 2024 a mayo 2026.,Mayo 2024 a abril 2026.,Julio 2024 a junio 2026.,Mayo 2025 a abril 2026.,S10,10,Temario específico Seguridad Social,"Jubilación en la modalidad contributiva: concepto. Jubilación ordinaria: requisitos: especial referencia a la edad de jubilación. Determinación de la cuantía de la prestación: base reguladora y porcentaje. Jubilación anticipada, jubilación parcial y jubilación flexible. Compatibilidad de la pensión de jubilación y el trabajo. Suspensión y extinción de la prestación. Especial referencia a la aplicación de la normativa anterior a la Ley 27/2011.",jubilación,,,Plazos,Alta,jubilación,,,No,Práctico,B,B,Válida,01. Información oficial de la oposición\Exámenes oficiales anteriores\2026 Convocatoria 2025 - Acceso libre Rojo A.pdf,https://www.seg-social.es/wps/portal/wss/internet/InformacionUtil/9950/88beb45d-ca83-4bab-8162-f94ef2894562/e0c83707-3358-47a9-94d7-508221dad233,OCR Windows es-ES sobre PDF oficial,100,Alta,Regla jurídica determinista,2026_conv2025_rojo_A-P17,1.0
2026_conv2025_rojo_A-P18,2026,2025,2026-06-28,Acceso libre,Segunda parte,Rojo A,Rojo/Verde A/B,Sí,Los colores y modelos reproducen el mismo conjunto de preguntas con orden y/o opciones permutados; Rojo A es la variante canónica para frecuencias y Verde A se conserva como control de cobertura.,18,Sí,"¿Cuántos años deberá de tener cotizados D. Leonardo Meléndez, para poderse jubilar con 65 años, según la Disposición transitoria séptima del texto refundido de la Ley General de la Seguridad Social?",38 0 más años.,37 años y 9 meses o más.,38 años y tres meses o más.,38 años y seis meses o más.,S10,10,Temario específico Seguridad Social,"Jubilación en la modalidad contributiva: concepto. Jubilación ordinaria: requisitos: especial referencia a la edad de jubilación. Determinación de la cuantía de la prestación: base reguladora y porcentaje. Jubilación anticipada, jubilación parcial y jubilación flexible. Compatibilidad de la pensión de jubilación y el trabajo. Suspensión y extinción de la prestación. Especial referencia a la aplicación de la normativa anterior a la Ley 27/2011.",S10,texto refundido de la Ley General de la Seguridad Social,,Jubilación,Alta,S10,,65 años,No,Práctico,C,C,Válida,01. Información oficial de la oposición\Exámenes oficiales anteriores\2026 Convocatoria 2025 - Acceso libre Rojo A.pdf,https://www.seg-social.es/wps/portal/wss/internet/InformacionUtil/9950/88beb45d-ca83-4bab-8162-f94ef2894562/e0c83707-3358-47a9-94d7-508221dad233,OCR Windows es-ES sobre PDF oficial,100,Alta,Regla jurídica determinista,2026_conv2025_rojo_A-P18,1.0
2026_conv2025_verde_A-T01,2026,2025,2026-06-28,Acceso libre,Primera parte,Verde A,Rojo/Verde A/B,No,Los colores y modelos reproducen el mismo conjunto de preguntas con orden y/o opciones permutados; Rojo A es la variante canónica para frecuencias y Verde A se conserva como control de cobertura.,1,No,"En relación con la configuración del expediente electrónico administrativo, regulada en el artículo 51 del Real Decreto 203/2021, de 30 de marzo, por eI que se aprueba eI Reglamento de actuación y funcionamiento del sector público por medios electrónicos, señale la respuesta correcta:",EI foliado de los expedientes administrativos electrónicos se llevará a cabo mediante un Índice electrónico autenticado.,Un mismo documento no podrá formar parte de distintos expedientes administrativos.,EI índice electrónico autenticado será firmado por un funcionario del órgano que conforme eI expediente para su tramitación.,En ningún caso se formarán expedientes de manera automática.,G23,23,Temario general,"El funcionamiento electrónico del sector público. Derecho y obligación de relacionarse electrónicamente con las Administraciones Públicas, registros y archivo electrónico.",G23,Real Decreto 203/2021,51,Artículos literales,Media,G23,,,No,Teórico,A,A,Válida,01. Información oficial de la oposición\Exámenes oficiales anteriores\2026 Convocatoria 2025 - Acceso libre Verde A.pdf,https://www.seg-social.es/wps/portal/wss/internet/InformacionUtil/9950/88beb45d-ca83-4bab-8162-f94ef2894562/e0c83707-3358-47a9-94d7-508221dad233,OCR Windows es-ES sobre PDF oficial,100,Alta,Regla jurídica determinista,2026_conv2025_rojo_A-T28,0.993
2026_conv2025_verde_A-T02,2026,2025,2026-06-28,Acceso libre,Primera parte,Verde A,Rojo/Verde A/B,No,Los colores y modelos reproducen el mismo conjunto de preguntas con orden y/o opciones permutados; Rojo A es la variante canónica para frecuencias y Verde A se conserva como control de cobertura.,2,No,"Según establece eI artículo 6 de la ley 39/2015, de 1 de octubre, del Procedimiento Administrativo Común de las Administraciones Públicas, ¿cuál es el plazo máximo de validez por el que se puede otorgar un apoderamiento en el registro electrónico antes de su primera prórroga?",5 años desde la fecha de inscripción.,2 años desde la fecha de inscripción.,3 años desde la fecha de inscripción.,"Es indefinido, hasta que su revocación sea expresa.",G16,16,Temario general,El procedimiento administrativo común. La capacidad de obrar y el concepto de interesado. Representación. Identificación y firma de los interesados. Derechos del interesado en el procedimiento administrativo. Obligación de resolver y silencio administrativo. Términos y plazos.,G16,ley 39/2015,6,Plazos,Media,G16,,,No,Teórico,A,A,Válida,01. Información oficial de la oposición\Exámenes oficiales anteriores\2026 Convocatoria 2025 - Acceso libre Verde A.pdf,https://www.seg-social.es/wps/portal/wss/internet/InformacionUtil/9950/88beb45d-ca83-4bab-8162-f94ef2894562/e0c83707-3358-47a9-94d7-508221dad233,OCR Windows es-ES sobre PDF oficial,100,Alta,Revisión jurídica individual,2026_conv2025_rojo_A-T20,0.9964
2026_conv2025_verde_A-T03,2026,2025,2026-06-28,Acceso libre,Primera parte,Verde A,Rojo/Verde A/B,No,Los colores y modelos reproducen el mismo conjunto de preguntas con orden y/o opciones permutados; Rojo A es la variante canónica para frecuencias y Verde A se conserva como control de cobertura.,3,No,"Cuando la Administración dispone de varios medios de ejecución forzosa legalmente admisibles, ¿qué criterio debe aplicar conforme al artículo 100 de la Ley 39/2015, de 1 de octubre, del Procedimiento Administrativo Común de las Administraciones Públicas?",EI que garantice una mayor eficacia administrativa.,EI medio menos restrictivo de la libertad individual.,EI medio que permita una ejecución más rápida del acto.,"EI apremio sobre el patrimonio, por ser el que Sitúa la Ley en primer lugar.",G17,17,Temario general,"Las fases del procedimiento administrativo: Iniciación, ordenación, instrucción y finalización. La ejecución de los actos y resoluciones administrativas.",G17,Ley 39/2015,100,Procedimientos,Media,G17,,,No,Teórico,B,B,Válida,01. Información oficial de la oposición\Exámenes oficiales anteriores\2026 Convocatoria 2025 - Acceso libre Verde A.pdf,https://www.seg-social.es/wps/portal/wss/internet/InformacionUtil/9950/88beb45d-ca83-4bab-8162-f94ef2894562/e0c83707-3358-47a9-94d7-508221dad233,OCR Windows es-ES sobre PDF oficial,100,Alta,Regla jurídica determinista,2026_conv2025_rojo_A-T22,0.9961
2026_conv2025_verde_A-T04,2026,2025,2026-06-28,Acceso libre,Primera parte,Verde A,Rojo/Verde A/B,No,Los colores y modelos reproducen el mismo conjunto de preguntas con orden y/o opciones permutados; Rojo A es la variante canónica para frecuencias y Verde A se conserva como control de cobertura.,4,No,"De acuerdo con 10 dispuesto en el artículo 56 del Real Decreto Legislativo 1/2013, de 29 de noviembre, por el que se aprueba el Texto Refundido de la Ley General de los Derechos de las Personas con Discapacidad y de su Inclusión Social, ¿a qué órgano se adscribe la Oficina de Atención a la Discapacidad?",Consejo Nacional de la Discapacidad.,Real Patronato sobre Discapacidad.,Observatorio Estatal de la Discapacidad.,Dirección General de Derechos de las Personas con Discapacidad.,G21,21,Temario general,"Políticas de igualdad y contra la violencia de género. Discapacidad y dependencia: régimen jurídico. La Ley 4/2023, de 28 de febrero, para la igualdad real y efectiva de las personas trans y para la garantía de los derechos de las personas LGTBI.",G21,Real Decreto Legislativo 1/2013,56,Órganos,Media,G21,,,No,Teórico,A,A,Válida,01. Información oficial de la oposición\Exámenes oficiales anteriores\2026 Convocatoria 2025 - Acceso libre Verde A.pdf,https://www.seg-social.es/wps/portal/wss/internet/InformacionUtil/9950/88beb45d-ca83-4bab-8162-f94ef2894562/e0c83707-3358-47a9-94d7-508221dad233,OCR Windows es-ES sobre PDF oficial,100,Alta,Regla jurídica determinista,2026_conv2025_rojo_A-T25,0.9934
2026_conv2025_verde_A-T05,2026,2025,2026-06-28,Acceso libre,Primera parte,Verde A,Rojo/Verde A/B,No,Los colores y modelos reproducen el mismo conjunto de preguntas con orden y/o opciones permutados; Rojo A es la variante canónica para frecuencias y Verde A se conserva como control de cobertura.,5,No,"Según el art. 6 del Reglamento (UE) 2016/679 de' Parlamento Europeo y del Consejo de 27 de abril de 2016, el tratamiento de los datos solo es lícito si se cumple al menos una de las siguientes condiciones: Señale la respuesta INCORRECTA.",EI interesado dio su consentimiento para el tratamiento de sus datos personales para uno o varios fines específicos-,EI tratamiento es necesario para proteger intereses vitales del interesado o de otra persona física.,EI tratamiento no es necesario para eI cumplimiento de una obligación legal aplicable al responsable del tratamiento.,EI tratamiento es necesario para la ejecución de un contrato en el que el interesado es parte o para la aplicación a petición de este de medidas precontractuales.,G22,22,Temario general,"Normativa reguladora de la protección de datos personales: principios, derechos de las personas y ejercicios de los derechos.",G22,Reglamento (UE) 2016/679,,Artículos literales,Alta,G22,Parlamento Europeo,,Sí,Teórico,C,C,Válida,01. Información oficial de la oposición\Exámenes oficiales anteriores\2026 Convocatoria 2025 - Acceso libre Verde A.pdf,https://www.seg-social.es/wps/portal/wss/internet/InformacionUtil/9950/88beb45d-ca83-4bab-8162-f94ef2894562/e0c83707-3358-47a9-94d7-508221dad233,OCR Windows es-ES sobre PDF oficial,100,Alta,Regla jurídica determinista,2026_conv2025_rojo_A-T27,0.9916
2026_conv2025_verde_A-T06,2026,2025,2026-06-28,Acceso libre,Primera parte,Verde A,Rojo/Verde A/B,No,Los colores y modelos reproducen el mismo conjunto de preguntas con orden y/o opciones permutados; Rojo A es la variante canónica para frecuencias y Verde A se conserva como control de cobertura.,6,No,"Según eI artículo 155 de la Constitución Española, ¿Qué requisito es imprescindible para que eI Gobierno pueda adoptar las medidas necesarias para obligar a una comunidad autónoma al cumplimiento forzoso de sus obligaciones?","Un requerimiento previo al presidente de la comunidad autónoma, y en caso de no ser atendida, la aprobación por mayoría absoluta del Senado.","Un requerimiento previo al presidente de la comunidad autónoma, y en caso de no ser atendida, la aprobación por mayoría simple del Congreso.",La autorización previa del Tribunal Constitucional a petición del presidente del Gobierno.,"Un requerimiento previo al presidente de la comunidad autónoma, y en caso de no ser atendida, la aprobación por mayoría absoluta del Congreso.",G09,9,Temario general,La organización territorial del Estado. Las Comunidades Autónomas. Los Estatutos de Autonomía. La delimitación de competencias entre el Estado y las Comunidades Autónomas en la Constitución y en los Estatutos de Autonomía. La Administración local: El municipio. La provincia.,G09,Constitución Española,155,Requisitos,Media,G09,,,No,Teórico,A,A,Válida,01. Información oficial de la oposición\Exámenes oficiales anteriores\2026 Convocatoria 2025 - Acceso libre Verde A.pdf,https://www.seg-social.es/wps/portal/wss/internet/InformacionUtil/9950/88beb45d-ca83-4bab-8162-f94ef2894562/e0c83707-3358-47a9-94d7-508221dad233,OCR Windows es-ES sobre PDF oficial,100,Alta,Regla jurídica determinista,2026_conv2025_rojo_A-T13,0.9955
2026_conv2025_verde_A-T07,2026,2025,2026-06-28,Acceso libre,Primera parte,Verde A,Rojo/Verde A/B,No,Los colores y modelos reproducen el mismo conjunto de preguntas con orden y/o opciones permutados; Rojo A es la variante canónica para frecuencias y Verde A se conserva como control de cobertura.,7,No,"La Ley 39/2015, de I de octubre, del Procedimiento Administrativo Común de las Administraciones Públicas, en el artículo 49, regula los límites a la extensión de la nulidad o anulabilidad de los actos. Señale la respuesta correcta:","La nulidad o anulabilidad de un acto implicará la de los sucesivos en el procedimiento que sean independientes del primero. La nulidad o anulabilidad en parte del acto administrativo no implicará la de las partes del mismo independientes de aquélla, salvo que la parte viciada sea de tal importancia que sin ella el acto administrativo no hubiera sido dictado.","La nulidad o anulabilidad de un acto no implicará la de los sucesivos en eI procedimiento que sean independientes del primero. La nulidad o anulabilidad en parte del acto administrativo implicará la de las partes del mismo independientes de aquélla, salvo que la parte viciada sea de tal importancia que sin ella el acto administrativo no hubiera sido dictado.","La nulidad o anulabilidad de un acto implicará la de los sucesivos en el procedimiento que sean independientes del primero. La nulidad o anulabilidad en parte del acto administrativo implicará la de las partes del mismo independientes de aquélla, salvo que la parte viciada sea de tal importancia que sin ella el acto administrativo no hubiera sido dictado.","La nulidad o anulabilidad de un acto no implicará la de los sucesivos en eI procedimiento que sean independientes del primero. La nulidad o anulabilidad en parte del acto administrativo no implicará la de las partes del mismo independientes de aquélla, salvo que la parte viciada sea de tal importancia que sin ella el acto administrativo no hubiera sido dictado.",G15,15,Temario general,"Los actos administrativos. Concepto y clases. Motivación, forma y eficacia de los actos administrativos. Notificación y publicación. Nulidad y anulabilidad. La revisión de oficio.",G15,Ley 39/2015,49,Procedimientos,Media,G15,,,No,Teórico,D,D,Válida,01. Información oficial de la oposición\Exámenes oficiales anteriores\2026 Convocatoria 2025 - Acceso libre Verde A.pdf,https://www.seg-social.es/wps/portal/wss/internet/InformacionUtil/9950/88beb45d-ca83-4bab-8162-f94ef2894562/e0c83707-3358-47a9-94d7-508221dad233,OCR Windows es-ES sobre PDF oficial,100,Alta,Regla jurídica determinista,2026_conv2025_rojo_A-T19,0.9957
2026_conv2025_verde_A-T08,2026,2025,2026-06-28,Acceso libre,Primera parte,Verde A,Rojo/Verde A/B,No,Los colores y modelos reproducen el mismo conjunto de preguntas con orden y/o opciones permutados; Rojo A es la variante canónica para frecuencias y Verde A se conserva como control de cobertura.,8,No,"Conforme al artículo 113 de la Constitución Española, la moción de censura:",Será aprobada por mayoría simple de ambas Cámaras.,"Será aprobada por mayoría simple del Congreso de los Diputados y, posteriormente, por mayoría absoluta del Senado.",Será aprobada por mayoría absoluta del Senado.,Será aprobada por mayoría absoluta del Congreso de los Diputados.,G07,7,Temario general,"El poder ejecutivo. El presidente del Gobierno y el Consejo de Ministros. Relaciones entre el Gobierno y las Cortes Generales. Designación, causas de cese y responsabilidad del Gobierno. El Consejo de Estado.",G07,Constitución Española,113,Artículos literales,Media,G07,,,No,Teórico,D,D,Válida,01. Información oficial de la oposición\Exámenes oficiales anteriores\2026 Convocatoria 2025 - Acceso libre Verde A.pdf,https://www.seg-social.es/wps/portal/wss/internet/InformacionUtil/9950/88beb45d-ca83-4bab-8162-f94ef2894562/e0c83707-3358-47a9-94d7-508221dad233,OCR Windows es-ES sobre PDF oficial,100,Alta,Regla jurídica determinista,2026_conv2025_rojo_A-T10,1.0
2026_conv2025_verde_A-T09,2026,2025,2026-06-28,Acceso libre,Primera parte,Verde A,Rojo/Verde A/B,No,Los colores y modelos reproducen el mismo conjunto de preguntas con orden y/o opciones permutados; Rojo A es la variante canónica para frecuencias y Verde A se conserva como control de cobertura.,9,No,EI artículo 68 de la Constitución Española establece que las poblaciones de Ceuta y Melilla estarán representadas en eI Congreso:,Por dos diputados cada una de ellas.,Por tres diputados cada una de ellas.,Por un diputado cada una de ellas.,No tendrán representación en el Congreso.,G05,5,Temario general,"El poder legislativo. Las Cortes Generales: Composición, atribuciones y funcionamiento. El Defensor del Pueblo.",G05,Constitución Española,68,Artículos literales,Media,G05,,,No,Teórico,C,C,Válida,01. Información oficial de la oposición\Exámenes oficiales anteriores\2026 Convocatoria 2025 - Acceso libre Verde A.pdf,https://www.seg-social.es/wps/portal/wss/internet/InformacionUtil/9950/88beb45d-ca83-4bab-8162-f94ef2894562/e0c83707-3358-47a9-94d7-508221dad233,OCR Windows es-ES sobre PDF oficial,100,Alta,Regla jurídica determinista,2026_conv2025_rojo_A-T07,1.0
2026_conv2025_verde_A-T10,2026,2025,2026-06-28,Acceso libre,Primera parte,Verde A,Rojo/Verde A/B,No,Los colores y modelos reproducen el mismo conjunto de preguntas con orden y/o opciones permutados; Rojo A es la variante canónica para frecuencias y Verde A se conserva como control de cobertura.,10,No,"Señale la respuesta correcta en relación con los artículos que recoge el Capítulo Tercero del Título III de la Constitución Española denominado ""De los tratados internacionales"":","La celebración de un tratado internacional que contenga estipulaciones contrarias a la Constitución exigirá la previa revisión constitucional, salvo que afecte a normativa presupuestaria o a cuestiones de extranjería.",EI Gobierno o cualquiera de las Cámaras puede requerir al Tribunal Constitucional para que declare si existe o no contradicción entre las estipulaciones previstas en un Tratado internacional y la Constitución Española.,Mediante ley ordinaria se podrá autorizar la celebración de tratados por los que se atribuya a una organización o institución internacional el ejercicio de competencias derivadas de la Constitución.,"Corresponde al Tribunal Supremo o al Gobierno, según los casos, la garantía del cumplimiento de estos tratados y de las resoluciones emanadas de los organismos internacionales o supranacionales titulares de la cesión.",G13,13,Temario general,Las fuentes del Derecho Administrativo. Concepto y clases. La jerarquía de las fuentes.,G13,Constitución Española,,Artículos literales,Media,G13,,,No,Teórico,B,B,Válida,01. Información oficial de la oposición\Exámenes oficiales anteriores\2026 Convocatoria 2025 - Acceso libre Verde A.pdf,https://www.seg-social.es/wps/portal/wss/internet/InformacionUtil/9950/88beb45d-ca83-4bab-8162-f94ef2894562/e0c83707-3358-47a9-94d7-508221dad233,OCR Windows es-ES sobre PDF oficial,100,Alta,Revisión jurídica individual,2026_conv2025_rojo_A-T17,1.0
2026_conv2025_verde_A-T11,2026,2025,2026-06-28,Acceso libre,Primera parte,Verde A,Rojo/Verde A/B,No,Los colores y modelos reproducen el mismo conjunto de preguntas con orden y/o opciones permutados; Rojo A es la variante canónica para frecuencias y Verde A se conserva como control de cobertura.,11,No,"De conformidad con el artículo 27 de la Ley Orgánica 3/2007, de 22 de marzo, para la igualdad efectiva de mujeres y hombres, las políticas, estrategias y programas de salud integrarán las distintas necesidades de mujeres y hombres y las medidas necesarias para abordarlas adecuadamente:",En su puesta en marcha y posterior revisión.,Exclusivamente en su desarrollo.,"En su formulación, desarrollo y evaluación.",En todos sus ámbitos.,G21,21,Temario general,"Políticas de igualdad y contra la violencia de género. Discapacidad y dependencia: régimen jurídico. La Ley 4/2023, de 28 de febrero, para la igualdad real y efectiva de las personas trans y para la garantía de los derechos de las personas LGTBI.",G21,Ley Orgánica 3/2007,27,Artículos literales,Media,G21,,,No,Teórico,C,C,Válida,01. Información oficial de la oposición\Exámenes oficiales anteriores\2026 Convocatoria 2025 - Acceso libre Verde A.pdf,https://www.seg-social.es/wps/portal/wss/internet/InformacionUtil/9950/88beb45d-ca83-4bab-8162-f94ef2894562/e0c83707-3358-47a9-94d7-508221dad233,OCR Windows es-ES sobre PDF oficial,100,Alta,Regla jurídica determinista,2026_conv2025_rojo_A-T26,0.9965
2026_conv2025_verde_A-T12,2026,2025,2026-06-28,Acceso libre,Primera parte,Verde A,Rojo/Verde A/B,No,Los colores y modelos reproducen el mismo conjunto de preguntas con orden y/o opciones permutados; Rojo A es la variante canónica para frecuencias y Verde A se conserva como control de cobertura.,12,No,"De conformidad con el artículo 122 de la Ley 39/2015, de I de octubre, del Procedimiento Administrativo Común de las Administraciones Públicas, el plazo máximo para notificar la resolución de un recurso de alzada será:","Un mes y contra su resolución no cabrá ningún otro recurso administrativo, salvo eI recurso extraordinario de revisión, en los casos establecidos en el artículo 125.1.","Tres meses y contra su resolución no cabrá ningún otro recurso administrativo, salvo eI recurso extraordinario de revisión, en los casos establecidos en el artículo 125.1.",Dos meses y contra su resolución no cabrá ningún otro recurso administrativo.,Tres meses y contra su resolución no cabrá ningún otro recurso administrativo.,G18,18,Temario general,Los recursos administrativos: concepto y clases. Recurso de alzada. Recurso potestativo de reposición. Recurso extraordinario de revisión. La jurisdicción contencioso-administrativa: objeto y plazos de interposición del recurso contencioso administrativo.,recurso de alzada,Ley 39/2015,122,Plazos,Media,recurso de alzada,,,No,Teórico,B,B,Válida,01. Información oficial de la oposición\Exámenes oficiales anteriores\2026 Convocatoria 2025 - Acceso libre Verde A.pdf,https://www.seg-social.es/wps/portal/wss/internet/InformacionUtil/9950/88beb45d-ca83-4bab-8162-f94ef2894562/e0c83707-3358-47a9-94d7-508221dad233,OCR Windows es-ES sobre PDF oficial,100,Alta,Regla jurídica determinista,2026_conv2025_rojo_A-T23,0.984
2026_conv2025_verde_A-T13,2026,2025,2026-06-28,Acceso libre,Primera parte,Verde A,Rojo/Verde A/B,No,Los colores y modelos reproducen el mismo conjunto de preguntas con orden y/o opciones permutados; Rojo A es la variante canónica para frecuencias y Verde A se conserva como control de cobertura.,13,No,"Según recoge eI artículo 3 del Real Decreto 501/2024, de 21 de mayo, por el que se desarrolla la estructura orgánica básica del Ministerio de Inclusión, Seguridad Social y Migraciones, señale la respuesta correcta en relación con las funciones de la Dirección General de Ordenación de la Seguridad Social:","La dirección y tutela de las entidades gestoras y servicios comunes de la Seguridad Social, adscritas al Departamento, sin perjuicio de las competencias atribuidas a otros Ministerios y a otras unidades del Departamento.","La tutela, superior dirección y coordinación de la asistencia jurídica de las entidades gestoras y servicios comunes de la Seguridad Social.",La tramitación del procedimiento para la aplicación de coeficientes reductores de la edad de jubilación.,Ser eI órgano de control interno y de dirección de la contabilidad de las entidades que integran eI sistema de la Seguridad Social.,G12,12,Temario general,"El Ministerio de Inclusión, Seguridad Social y Migraciones. Organización. Estructura y funciones.",G12,Real Decreto 501/2024,3,Artículos literales,Media,G12,,,No,Teórico,C,C,Válida,01. Información oficial de la oposición\Exámenes oficiales anteriores\2026 Convocatoria 2025 - Acceso libre Verde A.pdf,https://www.seg-social.es/wps/portal/wss/internet/InformacionUtil/9950/88beb45d-ca83-4bab-8162-f94ef2894562/e0c83707-3358-47a9-94d7-508221dad233,OCR Windows es-ES sobre PDF oficial,100,Alta,Regla jurídica determinista,2026_conv2025_rojo_A-T16,0.9967
2026_conv2025_verde_A-T14,2026,2025,2026-06-28,Acceso libre,Primera parte,Verde A,Rojo/Verde A/B,No,Los colores y modelos reproducen el mismo conjunto de preguntas con orden y/o opciones permutados; Rojo A es la variante canónica para frecuencias y Verde A se conserva como control de cobertura.,14,No,"Según los articulos 57 y 58 de la Ley 40/2015, de 1 de octubre, de Régimen Jurídico del Sector Público, señale la respuesta correcta respecto a la organización y funcionamiento de los Departamentos Ministeriales:","En los Ministerios puede existir una Subsecretaría, y dependiendo de ella una Secretaría General Técnica, para la gestión de los servicios comunes previstos en la Ley de Régimen Jurídico del Sector Público.","La determinación del número, la denominación y el ámbito de competencia respectivo de los Ministerios y las Secretarías de Estado se establecen mediante real decreto del Consejo de Ministros.","Los Ministerios contarán, en todo caso, con Secretarías de Estado, y Secretarías Generales, para la gestión de un sector de actividad administrativa. De ellas dependerán jerárquicamente los órganos directivos que se les adscriban.",Las Direcciones Generales son los órganos de gestión de una o varias áreas funcionalmente homogéneas.,G08,8,Temario general,"La Administración General del Estado. Principios de organización y funcionamiento. Órganos centrales. Órganos superiores y órganos directivos: creación, nombramiento, cese y funciones. Los servicios comunes de los ministerios. Órganos territoriales. La Administración del Estado en el Exterior.",G08,Ley 40/2015,57 y 58,Artículos literales,Media,G08,,,No,Teórico,D,D,Válida,01. Información oficial de la oposición\Exámenes oficiales anteriores\2026 Convocatoria 2025 - Acceso libre Verde A.pdf,https://www.seg-social.es/wps/portal/wss/internet/InformacionUtil/9950/88beb45d-ca83-4bab-8162-f94ef2894562/e0c83707-3358-47a9-94d7-508221dad233,OCR Windows es-ES sobre PDF oficial,100,Alta,Regla jurídica determinista,2026_conv2025_rojo_A-T11,0.9953
2026_conv2025_verde_A-T15,2026,2025,2026-06-28,Acceso libre,Primera parte,Verde A,Rojo/Verde A/B,No,Los colores y modelos reproducen el mismo conjunto de preguntas con orden y/o opciones permutados; Rojo A es la variante canónica para frecuencias y Verde A se conserva como control de cobertura.,15,No,"En virtud del artículo 73 de la Constitución Española, las Cámaras se reunirán anualmente en dos períodos ordinarios de sesiones:","EI primero, de septiembre a diciembre, y eI segundo, de febrero a junio.","EI primero, de septiembre a enero, y eI segundo, de marzo a junio.","EI primero, de septiembre a diciembre, y e' segundo, de febrero a julio.","EI primero, de octubre a diciembre, y el segundo, de enero a junio.",G05,5,Temario general,"El poder legislativo. Las Cortes Generales: Composición, atribuciones y funcionamiento. El Defensor del Pueblo.",G05,Constitución Española,73,Artículos literales,Media,G05,,,No,Teórico,A,A,Válida,01. Información oficial de la oposición\Exámenes oficiales anteriores\2026 Convocatoria 2025 - Acceso libre Verde A.pdf,https://www.seg-social.es/wps/portal/wss/internet/InformacionUtil/9950/88beb45d-ca83-4bab-8162-f94ef2894562/e0c83707-3358-47a9-94d7-508221dad233,OCR Windows es-ES sobre PDF oficial,100,Alta,Regla jurídica determinista,2026_conv2025_rojo_A-T08,1.0
2026_conv2025_verde_A-T16,2026,2025,2026-06-28,Acceso libre,Primera parte,Verde A,Rojo/Verde A/B,No,Los colores y modelos reproducen el mismo conjunto de preguntas con orden y/o opciones permutados; Rojo A es la variante canónica para frecuencias y Verde A se conserva como control de cobertura.,16,No,Hasta la fecha actual se han llevado a cabo las siguientes reformas constitucionales:,"Dos reformas constitucionales, de los artículos 13.1 y 135, ambas por el procedimiento de reforma constitucional ordinaria, recogido en el artículo 167 de la Constitución.","Dos reformas constitucionales, de los artículos 13.2 y 135 ambas por el procedimiento de reforma constitucional ordinaria, recogido en el artículo 167 de la Constitución.","Tres reformas constitucionales, de los artículos 13.1, 135 y 49 de la Constitución, todas por eI procedimiento de reforma constitucional agravada, recogido en el artículo 168 de la Constitución.","Tres reformas constitucionales, de los artículos 13.2, 135 y 49 de la Constitución, todas por eI procedimiento de reforma constitucional ordinaria, recogido en el artículo 167 de la Constitución.",G01,1,Temario general,La Constitución Española de 1978: Estructura y contenido. La reforma de la Constitución.,G01,,,Artículos literales,Básica,G01,,,No,Teórico,D,D,Válida,01. Información oficial de la oposición\Exámenes oficiales anteriores\2026 Convocatoria 2025 - Acceso libre Verde A.pdf,https://www.seg-social.es/wps/portal/wss/internet/InformacionUtil/9950/88beb45d-ca83-4bab-8162-f94ef2894562/e0c83707-3358-47a9-94d7-508221dad233,OCR Windows es-ES sobre PDF oficial,100,Alta,Revisión jurídica individual,2026_conv2025_rojo_A-T01,1.0
2026_conv2025_verde_A-T17,2026,2025,2026-06-28,Acceso libre,Primera parte,Verde A,Rojo/Verde A/B,No,Los colores y modelos reproducen el mismo conjunto de preguntas con orden y/o opciones permutados; Rojo A es la variante canónica para frecuencias y Verde A se conserva como control de cobertura.,17,No,"De acuerdo con el artículo 14, apartado I, del Tratado de la Unión Europea, eI Parlamento Europeo ejercerá, conjuntamente con el Consejo:",La función legislativa y la función presupuestaria.,La función de control político y la elección del Presidente de la Comisión.,La función jurisdiccional y la garantía del respeto del Derecho.,La función ejecutiva y la representación exterior de la Unión.,G10,10,Temario general,"Las Instituciones de la Unión Europea: El Consejo, el Parlamento Europeo, la Comisión, el Tribunal de Justicia.",G10,Tratado de la Unión Europea,14,Artículos literales,Media,G10,Parlamento Europeo,,No,Teórico,A,A,Válida,01. Información oficial de la oposición\Exámenes oficiales anteriores\2026 Convocatoria 2025 - Acceso libre Verde A.pdf,https://www.seg-social.es/wps/portal/wss/internet/InformacionUtil/9950/88beb45d-ca83-4bab-8162-f94ef2894562/e0c83707-3358-47a9-94d7-508221dad233,OCR Windows es-ES sobre PDF oficial,100,Alta,Regla jurídica determinista,2026_conv2025_rojo_A-T14,0.9854
2026_conv2025_verde_A-T18,2026,2025,2026-06-28,Acceso libre,Primera parte,Verde A,Rojo/Verde A/B,No,Los colores y modelos reproducen el mismo conjunto de preguntas con orden y/o opciones permutados; Rojo A es la variante canónica para frecuencias y Verde A se conserva como control de cobertura.,18,No,"Respecto al patrimonio histórico, cultural y artístico de los pueblos de España y los bienes que 10 integran, señale la respuesta INCORRECTA, conforme a 10 recogido en eI Título I de la Constitución Española:",Los Poderes Públicos garantizarán su conservación salvo que sean propiedad de particulares.,Es un principio rector de la política social y económica.,Se regula en eI articulo 46 de la Constitución Española.,Los Poderes Públicos garantizarán su conservación cualquiera que sea su régimen jurídico.,G02,2,Temario general,Derechos y deberes fundamentales. Su garantía y suspensión.,G02,Constitución Española,,Artículos literales,Alta,G02,,,Sí,Teórico,A,A,Válida,01. Información oficial de la oposición\Exámenes oficiales anteriores\2026 Convocatoria 2025 - Acceso libre Verde A.pdf,https://www.seg-social.es/wps/portal/wss/internet/InformacionUtil/9950/88beb45d-ca83-4bab-8162-f94ef2894562/e0c83707-3358-47a9-94d7-508221dad233,OCR Windows es-ES sobre PDF oficial,100,Alta,Regla jurídica determinista,2026_conv2025_rojo_A-T02,1.0
2026_conv2025_verde_A-T19,2026,2025,2026-06-28,Acceso libre,Primera parte,Verde A,Rojo/Verde A/B,No,Los colores y modelos reproducen el mismo conjunto de preguntas con orden y/o opciones permutados; Rojo A es la variante canónica para frecuencias y Verde A se conserva como control de cobertura.,19,No,"Según 10 dispuesto en el artículo 16 de la Ley Orgánica 2/1979, de 3 de octubre, del Tribunal Constitucional, en relación con la designación de los Magistrados que integran dicho tribunal, señale la opción correcta:",Los Magistrados podrán ser propuestos al Rey para otro período inmediato.,Los Magistrados podrán ser reelegidos en periodos consecutivos o alternos y propuestos al Rey.,"Ningún Magistrado podrá ser propuesto al Rey para otro período inmediato, salvo que hubiera ocupado el cargo por un plazo no superior a tres años.","Ningún Magistrado podrá ser propuesto al Rey para otro periodo alterno, salvo que hubiera ocupado el cargo por un plazo no superior a dos años.",G03,3,Temario general,"El Tribunal Constitucional. Organización, composición y atribuciones.",G03,Ley Orgánica 2/1979,16,Artículos literales,Media,G03,Tribunal Constitucional,,No,Teórico,C,C,Válida,01. Información oficial de la oposición\Exámenes oficiales anteriores\2026 Convocatoria 2025 - Acceso libre Verde A.pdf,https://www.seg-social.es/wps/portal/wss/internet/InformacionUtil/9950/88beb45d-ca83-4bab-8162-f94ef2894562/e0c83707-3358-47a9-94d7-508221dad233,OCR Windows es-ES sobre PDF oficial,100,Alta,Regla jurídica determinista,2026_conv2025_rojo_A-T05,1.0
2026_conv2025_verde_A-T20,2026,2025,2026-06-28,Acceso libre,Primera parte,Verde A,Rojo/Verde A/B,No,Los colores y modelos reproducen el mismo conjunto de preguntas con orden y/o opciones permutados; Rojo A es la variante canónica para frecuencias y Verde A se conserva como control de cobertura.,20,No,"La Sección la del Capítulo Segundo del Título I de la Constitución Española, regula los Derechos fundamentales y las Libertades públicas contenidos en los artículos:",14 al 29.,14 30.,15 al 29.,15 al 30.,G02,2,Temario general,Derechos y deberes fundamentales. Su garantía y suspensión.,derechos fundamentales,Constitución Española,,Artículos literales,Media,derechos fundamentales,,,No,Teórico,C,C,Válida,01. Información oficial de la oposición\Exámenes oficiales anteriores\2026 Convocatoria 2025 - Acceso libre Verde A.pdf,https://www.seg-social.es/wps/portal/wss/internet/InformacionUtil/9950/88beb45d-ca83-4bab-8162-f94ef2894562/e0c83707-3358-47a9-94d7-508221dad233,OCR Windows es-ES sobre PDF oficial,100,Alta,Regla jurídica determinista,2026_conv2025_rojo_A-T03,1.0
2026_conv2025_verde_A-T21,2026,2025,2026-06-28,Acceso libre,Primera parte,Verde A,Rojo/Verde A/B,No,Los colores y modelos reproducen el mismo conjunto de preguntas con orden y/o opciones permutados; Rojo A es la variante canónica para frecuencias y Verde A se conserva como control de cobertura.,21,No,"Señale la respuesta correcta en relación con qué Salas integran el Tribunal Supremo y su orden, según se determina en el artículo 55 de la Ley Orgánica 6/1985, de 1 de julio, del Poder Judicial:","Sala I de Apelación, II de Instrucción, III de 10 Penal, IV de Menores.","Sala I de 10 Civil y Penal, II de 10 Contencioso -Administrativo, III de 10 Social, IV de 10 Militar.","Sala I de 10 Civil, II de lo Penal, III de 10 Contencioso -Administrativo, IV de 10 Social y V de 10 Militar.","Sala I de 10 Civil, II de 10 Penal, III de Menores, IV de 10 Social y V de Vigilancia Penitenciaria.",G06,6,Temario general,El Poder Judicial. El principio de unidad jurisdiccional. El Consejo General del Poder Judicial. La organización judicial española.,G06,Ley Orgánica 6/1985,55,Artículos literales,Media,G06,Tribunal Supremo,,No,Teórico,C,C,Válida,01. Información oficial de la oposición\Exámenes oficiales anteriores\2026 Convocatoria 2025 - Acceso libre Verde A.pdf,https://www.seg-social.es/wps/portal/wss/internet/InformacionUtil/9950/88beb45d-ca83-4bab-8162-f94ef2894562/e0c83707-3358-47a9-94d7-508221dad233,OCR Windows es-ES sobre PDF oficial,100,Alta,Regla jurídica determinista,2026_conv2025_rojo_A-T09,1.0
2026_conv2025_verde_A-T22,2026,2025,2026-06-28,Acceso libre,Primera parte,Verde A,Rojo/Verde A/B,No,Los colores y modelos reproducen el mismo conjunto de preguntas con orden y/o opciones permutados; Rojo A es la variante canónica para frecuencias y Verde A se conserva como control de cobertura.,22,No,"De acuerdo con el artículo 24 de la Ley 50/1997, de 27 de noviembre, del Gobierno, ¿qué rango ocupan las Órdenes Ministeriales respecto de las disposiciones aprobadas por Real Decreto del Presidente del Gobierno o del Consejo de Ministros?",Son de rango superior.,Son de rango inferior.,Tienen el mismo rango jerárquico.,Su rango depende de la fecha de publicación.,G14,14,Temario general,"La Ley. Tipos de leyes. Disposiciones del Gobierno con fuerza de ley: decreto-ley y decreto legislativo. El Reglamento: concepto, clases y límites. Los principios generales del Derecho.",G14,Ley 50/1997,24,Artículos literales,Media,G14,Consejo de Ministros,,No,Teórico,B,B,Válida,01. Información oficial de la oposición\Exámenes oficiales anteriores\2026 Convocatoria 2025 - Acceso libre Verde A.pdf,https://www.seg-social.es/wps/portal/wss/internet/InformacionUtil/9950/88beb45d-ca83-4bab-8162-f94ef2894562/e0c83707-3358-47a9-94d7-508221dad233,OCR Windows es-ES sobre PDF oficial,100,Alta,Regla jurídica determinista,2026_conv2025_rojo_A-T18,0.9958
2026_conv2025_verde_A-T23,2026,2025,2026-06-28,Acceso libre,Primera parte,Verde A,Rojo/Verde A/B,No,Los colores y modelos reproducen el mismo conjunto de preguntas con orden y/o opciones permutados; Rojo A es la variante canónica para frecuencias y Verde A se conserva como control de cobertura.,23,No,"Conforme a 10 previsto en el artículo 23 de la Ley Orgánica 2/1979, de 3 de octubre, del Tribunal Constitucional, la decisión sobre eI cese de los Magistrados del Tribunal Constitucional requerirá mayoría simple del Pleno cuando se trate de:",Falta de diligencia en los deberes del cargo y violación de la reserva propia de su función.,Haber sido declarado responsable civilmente por dolo o condenado por delito doloso o por culpa grave.,Falta de diligencia en los deberes del cargo y por haber sido declarado responsable civilmente por dolo o condenado por delito doloso o por culpa grave.,Incapacidad de las previstas para los miembros del Poder Judicial y por incompatibilidad sobrevenida.,G03,3,Temario general,"El Tribunal Constitucional. Organización, composición y atribuciones.",G03,Ley Orgánica 2/1979,23,Artículos literales,Media,G03,Tribunal Constitucional,,No,Teórico,D,D,Válida,01. Información oficial de la oposición\Exámenes oficiales anteriores\2026 Convocatoria 2025 - Acceso libre Verde A.pdf,https://www.seg-social.es/wps/portal/wss/internet/InformacionUtil/9950/88beb45d-ca83-4bab-8162-f94ef2894562/e0c83707-3358-47a9-94d7-508221dad233,OCR Windows es-ES sobre PDF oficial,100,Alta,Regla jurídica determinista,2026_conv2025_rojo_A-T04,0.9959
2026_conv2025_verde_A-T24,2026,2025,2026-06-28,Acceso libre,Primera parte,Verde A,Rojo/Verde A/B,No,Los colores y modelos reproducen el mismo conjunto de preguntas con orden y/o opciones permutados; Rojo A es la variante canónica para frecuencias y Verde A se conserva como control de cobertura.,24,No,"De conformidad con el artículo 17 del Tratado de la Unión Europea, eI Parlamento Europeo elegirá al candidato para eI cargo de Presidente de la Comisión por:",Mayoría de los votos emitidos,Mayoría de los miembros que 10 componen.,Mayoría cualificada de tres quintos.,Unanimidad de los grupos políticos.,G10,10,Temario general,"Las Instituciones de la Unión Europea: El Consejo, el Parlamento Europeo, la Comisión, el Tribunal de Justicia.",G10,Tratado de la Unión Europea,17,Artículos literales,Media,G10,Parlamento Europeo,,No,Teórico,B,B,Válida,01. Información oficial de la oposición\Exámenes oficiales anteriores\2026 Convocatoria 2025 - Acceso libre Verde A.pdf,https://www.seg-social.es/wps/portal/wss/internet/InformacionUtil/9950/88beb45d-ca83-4bab-8162-f94ef2894562/e0c83707-3358-47a9-94d7-508221dad233,OCR Windows es-ES sobre PDF oficial,100,Alta,Regla jurídica determinista,2026_conv2025_rojo_A-T15,0.9936
2026_conv2025_verde_A-T25,2026,2025,2026-06-28,Acceso libre,Primera parte,Verde A,Rojo/Verde A/B,No,Los colores y modelos reproducen el mismo conjunto de preguntas con orden y/o opciones permutados; Rojo A es la variante canónica para frecuencias y Verde A se conserva como control de cobertura.,25,No,"Según el artículo 59.3 de la Constitución Española, señale la afirmación correcta:","Si no hubiere ninguna persona a quien corresponda la Regencia, ésta será nombrada por el Presidente del Gobierno, y se compondrá de una, tres o cinco personas.","Si no hubiere ninguna persona a quien corresponda la Regencia, ésta será nombrada por las Cortes Generales, y se compondrá de una, tres o cinco personas.","Si no hubiere ninguna persona a quien corresponda la Regencia, ésta será nombrada por eI Congreso, y se compondrá de una, tres o cinco personas.","Si no hubiere ninguna persona a quien corresponda la Regencia, ésta será nombrada por el Senado, y se compondrá de una, tres o cinco personas.",G04,4,Temario general,La Corona. Funciones constitucionales del Rey. Sucesión y regencia. El refrendo.,G04,Constitución Española,59.3,Artículos literales,Media,G04,,,No,Teórico,B,B,Válida,01. Información oficial de la oposición\Exámenes oficiales anteriores\2026 Convocatoria 2025 - Acceso libre Verde A.pdf,https://www.seg-social.es/wps/portal/wss/internet/InformacionUtil/9950/88beb45d-ca83-4bab-8162-f94ef2894562/e0c83707-3358-47a9-94d7-508221dad233,OCR Windows es-ES sobre PDF oficial,100,Alta,Regla jurídica determinista,2026_conv2025_rojo_A-T06,0.9878
2026_conv2025_verde_A-T26,2026,2025,2026-06-28,Acceso libre,Primera parte,Verde A,Rojo/Verde A/B,No,Los colores y modelos reproducen el mismo conjunto de preguntas con orden y/o opciones permutados; Rojo A es la variante canónica para frecuencias y Verde A se conserva como control de cobertura.,26,No,"¿Qué efecto tiene la comparecencia en el trámite de información pública, según el artículo 83 de la Ley 39/2015, de 1 de octubre, del Procedimiento Administrativo Común de las Administraciones Públicas?",Impide interponer recursos contra la resolución final.,No otorga por sí misma la condición de interesado.,Otorga automáticamente la condición de interesado.,Obliga a la Administración a suspender el procedimiento.,G17,17,Temario general,"Las fases del procedimiento administrativo: Iniciación, ordenación, instrucción y finalización. La ejecución de los actos y resoluciones administrativas.",G17,Ley 39/2015,83,Procedimientos,Media,G17,,,No,Teórico,B,B,Válida,01. Información oficial de la oposición\Exámenes oficiales anteriores\2026 Convocatoria 2025 - Acceso libre Verde A.pdf,https://www.seg-social.es/wps/portal/wss/internet/InformacionUtil/9950/88beb45d-ca83-4bab-8162-f94ef2894562/e0c83707-3358-47a9-94d7-508221dad233,OCR Windows es-ES sobre PDF oficial,100,Alta,Regla jurídica determinista,2026_conv2025_rojo_A-T21,0.995
2026_conv2025_verde_A-T27,2026,2025,2026-06-28,Acceso libre,Primera parte,Verde A,Rojo/Verde A/B,No,Los colores y modelos reproducen el mismo conjunto de preguntas con orden y/o opciones permutados; Rojo A es la variante canónica para frecuencias y Verde A se conserva como control de cobertura.,27,No,"Respecto a los derechos retributivos de los emp!eados públicos regulados en eI Real Decreto Legislativo 5/2015, de 30 de octubre, por eI que se aprueba eI texto refundido de la Ley del Estatuto Básico del Empleado Público, señale la respuesta INCORRECTA:","Las retribuciones complementarias son las que retribuyen las características de los puestos de trabajo, la carrera profesional o el desempeño, rendimiento o resultados alcanzados por el funcionario.","Los trienios, en su condición de retribución complementaria, consisten en una cantidad que será igual para cada Subgrupo o Grupo de clasificación profesional, en el supuesto de que éste no tenga Subgrupo, por cada tres años de servicio.","Las retribuciones complementarias contemplan la especial dificultad técnica, responsabilidad, dedicación, incompatibilidad exigible para eI desempeño de determinados puestos de trabajo o las condiciones en que se desarrolla el trabajo.","No podrá percibirse participación en tributos o en cualquier otro ingreso de las Administraciones Públicas como contraprestación de cualquier servicio, participación o premio en multas impuestas, aun cuando estuviesen normativamente atribuidas a los servicios.",G19,19,Temario general,"El personal al servicio de las Administraciones Públicas: concepto y clases. Derechos y deberes de los funcionarios. La carrera administrativa. Las incompatibilidades. Régimen disciplinario: faltas, sanciones y procedimiento.",G19,Real Decreto Legislativo 5/2015,,Artículos literales,Alta,G19,,,Sí,Teórico,B,B,Válida,01. Información oficial de la oposición\Exámenes oficiales anteriores\2026 Convocatoria 2025 - Acceso libre Verde A.pdf,https://www.seg-social.es/wps/portal/wss/internet/InformacionUtil/9950/88beb45d-ca83-4bab-8162-f94ef2894562/e0c83707-3358-47a9-94d7-508221dad233,OCR Windows es-ES sobre PDF oficial,100,Alta,Regla jurídica determinista,2026_conv2025_rojo_A-T24,0.9921
2026_conv2025_verde_A-T28,2026,2025,2026-06-28,Acceso libre,Primera parte,Verde A,Rojo/Verde A/B,No,Los colores y modelos reproducen el mismo conjunto de preguntas con orden y/o opciones permutados; Rojo A es la variante canónica para frecuencias y Verde A se conserva como control de cobertura.,28,No,Determine cuál de las siguientes es una competencia ejercida por el Subsecretario:,"Conceder subvenciones y ayudas con cargo a los créditos de gasto propios de la Secretaría de Estado, con los límites establecidos por eI titular del Departamento.",Convocar y resolver los concursos de personal funcionario.,Imponer la sanción de separación del servicio por faltas muy graves.,"Aprobar las propuestas de los estados de gastos del Ministerio, y de los presupuestos de los Organismos públicos dependientes y remitirlas al Ministerio de Hacienda y Administraciones Públicas.",G08,8,Temario general,"La Administración General del Estado. Principios de organización y funcionamiento. Órganos centrales. Órganos superiores y órganos directivos: creación, nombramiento, cese y funciones. Los servicios comunes de los ministerios. Órganos territoriales. La Administración del Estado en el Exterior.",G08,,,Competencias,Básica,G08,,,No,Teórico,B,B,Válida,01. Información oficial de la oposición\Exámenes oficiales anteriores\2026 Convocatoria 2025 - Acceso libre Verde A.pdf,https://www.seg-social.es/wps/portal/wss/internet/InformacionUtil/9950/88beb45d-ca83-4bab-8162-f94ef2894562/e0c83707-3358-47a9-94d7-508221dad233,OCR Windows es-ES sobre PDF oficial,100,Alta,Regla jurídica determinista,2026_conv2025_rojo_A-T12,1.0
2026_conv2025_verde_A-T29,2026,2025,2026-06-28,Acceso libre,Primera parte,Verde A,Rojo/Verde A/B,No,Los colores y modelos reproducen el mismo conjunto de preguntas con orden y/o opciones permutados; Rojo A es la variante canónica para frecuencias y Verde A se conserva como control de cobertura.,29,No,"EI artículo 34 del Real Decreto 1415/2004, de 11 de junio, por eI que se aprueba el Reglamento General de Recaudación de la Seguridad Social, establece que en los aplazamientos en los que se haya eximido de constituir garantías por causas de carácter extraordinario, eI interés aplicable será:",EI interés legal del dinero.,EI interés de demora.,EI interés legal del dinero incrementado en el interés de demora.,No se devenga interés.,S05,5,Temario específico Seguridad Social,"La gestión recaudatoria: concepto, competencia y objeto. Responsables del pago. Requisitos para el pago. Medios de pago. Control de recaudación. Revisión de los actos de gestión recaudatoria. La recaudación en periodo voluntario. Efectos de la falta de cotización en período reglamentario. Recaudación de otros recursos. Aplazamientos. Devolución de ingresos indebidos. Capital coste de pensiones.",S05,Real Decreto 1415/2004,34,Recaudación,Media,S05,,,No,Teórico,B,ANULADA,Anulada,01. Información oficial de la oposición\Exámenes oficiales anteriores\2026 Convocatoria 2025 - Acceso libre Verde A.pdf,https://www.seg-social.es/wps/portal/wss/internet/InformacionUtil/9950/88beb45d-ca83-4bab-8162-f94ef2894562/e0c83707-3358-47a9-94d7-508221dad233,OCR Windows es-ES sobre PDF oficial,100,Alta,Regla jurídica determinista,2026_conv2025_rojo_A-T43,0.9898
2026_conv2025_verde_A-T30,2026,2025,2026-06-28,Acceso libre,Primera parte,Verde A,Rojo/Verde A/B,No,Los colores y modelos reproducen el mismo conjunto de preguntas con orden y/o opciones permutados; Rojo A es la variante canónica para frecuencias y Verde A se conserva como control de cobertura.,30,No,"En relación con los efectos que producen las altas, bajas y variaciones en los diferentes regímenes de la Seguridad Social según el Real Decreto 84/1996, de 26 de enero:",Las altas presentadas con anterioridad a los 60 días naturales al inicio de la actividad producirán efectos desde el día en que se inicie la actividad.,Las altas practicadas de oficio por las Direcciones Provinciales de la TGSS o administraciones de la Seguridad Social retrotraerán sus efectos a la fecha en que los hechos que las motiven hayan sido conocidos por unas u otras.,"Las bajas que se comuniquen al sexto día del cese en eI trabajo, producirán efectos desde el día del cese.",Las variaciones que puedan producirse en los datos de los trabajadores en alta causarán efectos a partir del momento en que aquellas se produzcan siempre que sean comunicadas en cualquier momento y de la forma establecida a la Tesorería General de la Seguridad Social.,S03,3,Temario específico Seguridad Social,Normas sobre afiliación. Altas y bajas en el régimen general. Procedimiento y efectos. El convenio especial y otras situaciones asimiladas a la del alta. Encuadramiento e inscripción.,S03,Real Decreto 84/1996,,"Afiliación, altas y bajas",Media,S03,,,No,Teórico,B,B,Válida,01. Información oficial de la oposición\Exámenes oficiales anteriores\2026 Convocatoria 2025 - Acceso libre Verde A.pdf,https://www.seg-social.es/wps/portal/wss/internet/InformacionUtil/9950/88beb45d-ca83-4bab-8162-f94ef2894562/e0c83707-3358-47a9-94d7-508221dad233,OCR Windows es-ES sobre PDF oficial,100,Alta,Regla jurídica determinista,2026_conv2025_rojo_A-T36,1.0
2026_conv2025_verde_A-T31,2026,2025,2026-06-28,Acceso libre,Primera parte,Verde A,Rojo/Verde A/B,No,Los colores y modelos reproducen el mismo conjunto de preguntas con orden y/o opciones permutados; Rojo A es la variante canónica para frecuencias y Verde A se conserva como control de cobertura.,31,No,"Según el artículo 253 del texto refundido de la Ley General de la Seguridad Social, la exclusión del Sistema Especial para Trabajadores por Cuenta Ajena Agrarios durante los períodos de inactividad, con la consiguiente baja en eI Régimen General, podrá producirse:","De oficio por la Tesorería General de la Seguridad Social cuando eI trabajador no realice un mínimo de 30 jornadas de labores agrarias en un período continuado de trescientos sesenta y cinco días, computados desde el siguiente a aquel en que finalice el período anterior.","De oficio por la Tesorería General de la Seguridad Social cuando eI trabajador no realice un mínimo de 50 jornadas de labores agrarias en un período continuado de trescientos sesenta y cinco días, computados desde el siguiente a aquel en que finalice el período anterior.","De oficio por la Tesorería General de la Seguridad Social cuando eI trabajador no realice un mínimo de 60 jornadas de labores agrarias en un período continuado de trescientos sesenta y cinco días, computados desde el siguiente a aquel en que finalice el período anterior.","De oficio por la Tesorería General de la Seguridad Social cuando eI trabajador no realice un mínimo de 40 jornadas de labores agrarias en un período continuado de trescientos sesenta y cinco días, computados desde el siguiente a aquel en que finalice el período anterior.",S02,2,Temario específico Seguridad Social,"Campo de aplicación y composición del sistema de la Seguridad Social. Régimen general: ámbito subjetivo de aplicación, inclusiones y exclusiones. Regímenes especiales: enumeración, características generales, altas, bajas y cotización. Particularidades de la acción protectora. Sistemas especiales: enumeración y características generales. Altas, bajas y cotización. Particularidades de la acción protectora.",baja,texto refundido de la Ley General de la Seguridad Social,253,Artículos literales,Media,baja,,,No,Teórico,A,A,Válida,01. Información oficial de la oposición\Exámenes oficiales anteriores\2026 Convocatoria 2025 - Acceso libre Verde A.pdf,https://www.seg-social.es/wps/portal/wss/internet/InformacionUtil/9950/88beb45d-ca83-4bab-8162-f94ef2894562/e0c83707-3358-47a9-94d7-508221dad233,OCR Windows es-ES sobre PDF oficial,100,Alta,Regla jurídica determinista,2026_conv2025_rojo_A-T40,1.0
2026_conv2025_verde_A-T32,2026,2025,2026-06-28,Acceso libre,Primera parte,Verde A,Rojo/Verde A/B,No,Los colores y modelos reproducen el mismo conjunto de preguntas con orden y/o opciones permutados; Rojo A es la variante canónica para frecuencias y Verde A se conserva como control de cobertura.,32,No,"De acuerdo con eI artículo 113 del Real Decreto 1415/2004, de 11 de junio, por eI que se aprueba el Reglamento General de Recaudación de la Seguridad Social, cuando los bienes embargados sean muebles o semovientes, podrán ser enajenados por concurso autorizado por:",La persona titular de la Dirección Provincial.,La persona titular de la Subdirección General de Procedimientos Ejecutivos y Especiales de Recaudación.,La persona titular de la Dirección General.,La persona titular de la Unidad de Recaudación Ejecutiva.,S06,6,Temario específico Seguridad Social,La recaudación en vía ejecutiva. Normas generales. Iniciación y título ejecutivo. La providencia de apremio. Oposición y efectos. El embargo de bienes. Enajenación de bienes: modalidades. Créditos incobrables. Tercerías.,S06,Real Decreto 1415/2004,113,Recaudación ejecutiva,Media,S06,,,No,Teórico,A,A,Válida,01. Información oficial de la oposición\Exámenes oficiales anteriores\2026 Convocatoria 2025 - Acceso libre Verde A.pdf,https://www.seg-social.es/wps/portal/wss/internet/InformacionUtil/9950/88beb45d-ca83-4bab-8162-f94ef2894562/e0c83707-3358-47a9-94d7-508221dad233,OCR Windows es-ES sobre PDF oficial,100,Alta,Regla jurídica determinista,2026_conv2025_rojo_A-T47,0.9887
2026_conv2025_verde_A-T33,2026,2025,2026-06-28,Acceso libre,Primera parte,Verde A,Rojo/Verde A/B,No,Los colores y modelos reproducen el mismo conjunto de preguntas con orden y/o opciones permutados; Rojo A es la variante canónica para frecuencias y Verde A se conserva como control de cobertura.,33,No,"Según el artículo 59 del texto refundido de la Ley General de la Seguridad Social, la cuantía de los complementos a mínimos que tengan derecho a recibir los beneficiarios de pensiones contributivas que residan legalmente en territorio español será equivalente a:","A la cuantía necesaria para alcanzar la cuantía de la pensión mínima establecida cada año para las pensiones contributivas, en todo caso.","A la cuantía necesaria para alcanzar la cuantía de la pensión mínima establecida cada año para las pensiones contributivas, pero en ningún caso podrá superar la cuantía establecida en cada ejercicio para las pensiones no contributivas de jubilación e invalidez",No hay complementos a mínimos. Las pensiones inferiores a la mínima legal establecida cada año pasan automáticamente a cobrar dicha cuantía en todo caso.,A la cuantía equivalente a sumar a la pensión eI porcentaje equivalente al valor medio de las tasas de variación interanual expresadas en tanto por ciento del Índice de Precios al Consumo de los 12 meses previos.,S07,7,Temario específico Seguridad Social,"Acción protectora. Contenido y clasificación de las prestaciones. Caracteres de las prestaciones. Incompatibilidades. Reintegro de las prestaciones indebidas. Requisitos generales del derecho a las prestaciones. Responsabilidades en orden a las prestaciones por incumplimiento de las obligaciones de afiliación, altas, bajas y cotización. Automaticidad y anticipo de prestaciones. Riesgo protegido: contingencias comunes y profesionales.",S07,texto refundido de la Ley General de la Seguridad Social,59,Cálculos,Media,S07,,,No,Teórico,B,B,Válida,01. Información oficial de la oposición\Exámenes oficiales anteriores\2026 Convocatoria 2025 - Acceso libre Verde A.pdf,https://www.seg-social.es/wps/portal/wss/internet/InformacionUtil/9950/88beb45d-ca83-4bab-8162-f94ef2894562/e0c83707-3358-47a9-94d7-508221dad233,OCR Windows es-ES sobre PDF oficial,100,Alta,Regla jurídica determinista,2026_conv2025_rojo_A-T50,1.0
2026_conv2025_verde_A-T34,2026,2025,2026-06-28,Acceso libre,Primera parte,Verde A,Rojo/Verde A/B,No,Los colores y modelos reproducen el mismo conjunto de preguntas con orden y/o opciones permutados; Rojo A es la variante canónica para frecuencias y Verde A se conserva como control de cobertura.,34,No,"Según el artículo 174 del texto refundido de la Ley General de la Seguridad Social, extinguido el derecho a la prestación de incapacidad temporal por el transcurso del plazo de quinientos cuarenta y cinco días naturales de duración, con o sin declaración de incapacidad permanente, solo podrá generarse un nuevo derecho a la prestación de incapacidad temporal por la misma o similar patología, a contar desde la resolución de la incapacidad permanente, si media un periodo superior a:",60 días naturales.,45 días naturales.,180 días naturales.,90 días naturales.,S08,8,Temario específico Seguridad Social,"Incapacidad temporal: concepto y causas que motivan esta situación. Beneficiarios. Prestación económica: determinación y cuantía. Nacimiento, duración y extinción del derecho al subsidio. Reconocimiento y pago. Control de la incapacidad. Incapacidad permanente contributiva: concepto. Grados de incapacidad. Prestaciones. Determinación y cuantía. Beneficiarios. Nacimiento, duración y extinción del derecho. Lesiones permanentes no incapacitantes. La calificación y revisión de la incapacidad permanente.",incapacidad temporal,texto refundido de la Ley General de la Seguridad Social,174,Plazos,Alta,incapacidad temporal,ISM,,No,Teórico,C,C,Válida,01. Información oficial de la oposición\Exámenes oficiales anteriores\2026 Convocatoria 2025 - Acceso libre Verde A.pdf,https://www.seg-social.es/wps/portal/wss/internet/InformacionUtil/9950/88beb45d-ca83-4bab-8162-f94ef2894562/e0c83707-3358-47a9-94d7-508221dad233,OCR Windows es-ES sobre PDF oficial,100,Alta,Regla jurídica determinista,2026_conv2025_rojo_A-T53,0.9979
2026_conv2025_verde_A-T35,2026,2025,2026-06-28,Acceso libre,Primera parte,Verde A,Rojo/Verde A/B,No,Los colores y modelos reproducen el mismo conjunto de preguntas con orden y/o opciones permutados; Rojo A es la variante canónica para frecuencias y Verde A se conserva como control de cobertura.,35,No,"Conforme indica eI artículo 189 del texto refundido de la Ley General de la Seguridad Social, la prestación económica por riesgo durante la lactancia natural se extinguirá en el momento en que eI hijo cumpla:","Nueve meses, salvo que la beneficiaria se haya reincorporado con anterioridad a su puesto de trabajo anterior o a otro compatible con su situación, en cuyo caso se extinguirá eI día anterior al de dicha reincorporación.","Doce meses, salvo que la beneficiaria se haya reincorporado con anterioridad a su puesto de trabajo anterior o a otro compatible con su situación, en cuyo caso se extinguirá eI día anterior al de dicha reincorporación.","Tres meses, salvo que ia beneficiaria se haya reincorporado con anterioridad a su puesto de trabajo anterior o a otro compatible con su situación, en cuyo caso se extinguirá eI día anterior al de dicha reincorporación.","Seis meses, salvo que la beneficiaria se haya reincorporado con anterioridad a su puesto de trabajo anterior o a otro compatible con su situación, en cuyo caso se extinguirá eI día anterior al de dicha reincorporación.",S09,9,Temario específico Seguridad Social,Nacimiento y cuidado de menor. Ejercicio corresponsable del cuidado del lactante. Prestación por riesgo durante el embarazo. Prestación por riesgo durante la lactancia natural. Asignación económica por hijo o menor acogido a cargo. Prestación económica por nacimiento o adopción de hijo en supuestos de familias numerosas o monoparentales y en los casos de madres o padres con discapacidad. Prestación por parto o adopción Subsidio por cuidado de menores afectados por cáncer u otra enfermedad grave.,S09,texto refundido de la Ley General de la Seguridad Social,189,Prestaciones familiares,Media,S09,,,No,Teórico,A,A,Válida,01. Información oficial de la oposición\Exámenes oficiales anteriores\2026 Convocatoria 2025 - Acceso libre Verde A.pdf,https://www.seg-social.es/wps/portal/wss/internet/InformacionUtil/9950/88beb45d-ca83-4bab-8162-f94ef2894562/e0c83707-3358-47a9-94d7-508221dad233,OCR Windows es-ES sobre PDF oficial,100,Alta,Regla jurídica determinista,2026_conv2025_rojo_A-T56,0.9904
2026_conv2025_verde_A-T36,2026,2025,2026-06-28,Acceso libre,Primera parte,Verde A,Rojo/Verde A/B,No,Los colores y modelos reproducen el mismo conjunto de preguntas con orden y/o opciones permutados; Rojo A es la variante canónica para frecuencias y Verde A se conserva como control de cobertura.,36,No,¿Cuál de los siguientes NO se considera un Régimen Especial de la Seguridad Social de los previstos en eI artículo 10 del texto refundido de la Ley General de la Seguridad Social?:,Trabajadores del hogar.,Trabajadores por cuenta propia o autónomos.,Trabajadores del mar.,Estudiantes.,S02,2,Temario específico Seguridad Social,"Campo de aplicación y composición del sistema de la Seguridad Social. Régimen general: ámbito subjetivo de aplicación, inclusiones y exclusiones. Regímenes especiales: enumeración, características generales, altas, bajas y cotización. Particularidades de la acción protectora. Sistemas especiales: enumeración y características generales. Altas, bajas y cotización. Particularidades de la acción protectora.",S02,texto refundido de la Ley General de la Seguridad Social,10,Artículos literales,Media,S02,,,No,Teórico,A,A,Válida,01. Información oficial de la oposición\Exámenes oficiales anteriores\2026 Convocatoria 2025 - Acceso libre Verde A.pdf,https://www.seg-social.es/wps/portal/wss/internet/InformacionUtil/9950/88beb45d-ca83-4bab-8162-f94ef2894562/e0c83707-3358-47a9-94d7-508221dad233,OCR Windows es-ES sobre PDF oficial,100,Alta,Regla jurídica determinista,2026_conv2025_rojo_A-T31,0.9944
2026_conv2025_verde_A-T37,2026,2025,2026-06-28,Acceso libre,Primera parte,Verde A,Rojo/Verde A/B,No,Los colores y modelos reproducen el mismo conjunto de preguntas con orden y/o opciones permutados; Rojo A es la variante canónica para frecuencias y Verde A se conserva como control de cobertura.,37,No,"Según el Real Decreto 84/1996, de 26 de enero, se considera empresario:","Toda persona física o jurídica, pública o privada a la que presten servicios, con la consideración de trabajadores por cuenta ajena o asimilados, las personas comprendidas en el campo de aplicación de cualquier Régimen de los que integran eI sistema de la Seguridad Social.","En el Régimen Especial de Profesionales Taurinos, el organizador, sea este persona física o jurídica, en relación con los espectáculos de este carácter en que aquellos intervengan.",En el Régimen Especial Agrarios a quien ocupe trabajadores por cuenta ajena y tenga una explotación con una extensión mínima según 10 establecido en el Reglamento de Afiliación.,"En el Régimen General, para los miembros de los cultos religiosos, la autoridad de mayor rango según 10 tenga establecido cada confesión religiosa.",S03,3,Temario específico Seguridad Social,Normas sobre afiliación. Altas y bajas en el régimen general. Procedimiento y efectos. El convenio especial y otras situaciones asimiladas a la del alta. Encuadramiento e inscripción.,S03,Real Decreto 84/1996,,"Afiliación, altas y bajas",Media,S03,,,No,Teórico,A,A,Válida,01. Información oficial de la oposición\Exámenes oficiales anteriores\2026 Convocatoria 2025 - Acceso libre Verde A.pdf,https://www.seg-social.es/wps/portal/wss/internet/InformacionUtil/9950/88beb45d-ca83-4bab-8162-f94ef2894562/e0c83707-3358-47a9-94d7-508221dad233,OCR Windows es-ES sobre PDF oficial,100,Alta,Regla jurídica determinista,2026_conv2025_rojo_A-T35,1.0
2026_conv2025_verde_A-T38,2026,2025,2026-06-28,Acceso libre,Primera parte,Verde A,Rojo/Verde A/B,No,Los colores y modelos reproducen el mismo conjunto de preguntas con orden y/o opciones permutados; Rojo A es la variante canónica para frecuencias y Verde A se conserva como control de cobertura.,38,No,"De acuerdo con 10 establecido en el artículo 45 del Real Decreto 1415/2004, de 11 de junio, por el que se aprueba el Reglamento General de Recaudación de la Seguridad Social, ¿cuál es eI plazo máximo del que dispone la Tesorería General de la Seguridad Social para adoptar y notificar la resolución sobre una solicitud de devolución de ingresos indebidos?",Tres meses siguientes a la fecha en que se hubiera completado la documentación que deba aportar el solicitante de la devolución.,Seis meses siguientes a la fecha en que se hubiera completado la documentación que deba aportar el solicitante de la devolución.,Seis meses desde la fecha de entrada de la solicitud en eI registro competente.,Tres meses desde la fecha de entrada de la solicitud en el registro competente.,S05,5,Temario específico Seguridad Social,"La gestión recaudatoria: concepto, competencia y objeto. Responsables del pago. Requisitos para el pago. Medios de pago. Control de recaudación. Revisión de los actos de gestión recaudatoria. La recaudación en periodo voluntario. Efectos de la falta de cotización en período reglamentario. Recaudación de otros recursos. Aplazamientos. Devolución de ingresos indebidos. Capital coste de pensiones.",S05,Real Decreto 1415/2004,45,Plazos,Alta,S05,Tesorería General de la Seguridad Social,,No,Teórico,B,B,Válida,01. Información oficial de la oposición\Exámenes oficiales anteriores\2026 Convocatoria 2025 - Acceso libre Verde A.pdf,https://www.seg-social.es/wps/portal/wss/internet/InformacionUtil/9950/88beb45d-ca83-4bab-8162-f94ef2894562/e0c83707-3358-47a9-94d7-508221dad233,OCR Windows es-ES sobre PDF oficial,100,Alta,Regla jurídica determinista,2026_conv2025_rojo_A-T44,0.9887
2026_conv2025_verde_A-T39,2026,2025,2026-06-28,Acceso libre,Primera parte,Verde A,Rojo/Verde A/B,No,Los colores y modelos reproducen el mismo conjunto de preguntas con orden y/o opciones permutados; Rojo A es la variante canónica para frecuencias y Verde A se conserva como control de cobertura.,39,No,¿Cuál de los siguientes NO es un Título del texto refundido de la Ley General de la Seguridad Social?,Prestación por cese de actividad.,Normas generales del sistema de la Seguridad Social.,Prestaciones contributivas.,Prestaciones no contributivas.,S01,1,Temario específico Seguridad Social,La Seguridad Social en la Constitución española de 1978. El texto refundido de la Ley General de la Seguridad Social.,S01,texto refundido de la Ley General de la Seguridad Social,,Artículos literales,Básica,S01,,,Sí,Teórico,C,ANULADA,Anulada,01. Información oficial de la oposición\Exámenes oficiales anteriores\2026 Convocatoria 2025 - Acceso libre Verde A.pdf,https://www.seg-social.es/wps/portal/wss/internet/InformacionUtil/9950/88beb45d-ca83-4bab-8162-f94ef2894562/e0c83707-3358-47a9-94d7-508221dad233,OCR Windows es-ES sobre PDF oficial,100,Alta,Regla jurídica determinista,2026_conv2025_rojo_A-T29,1.0
2026_conv2025_verde_A-T40,2026,2025,2026-06-28,Acceso libre,Primera parte,Verde A,Rojo/Verde A/B,No,Los colores y modelos reproducen el mismo conjunto de preguntas con orden y/o opciones permutados; Rojo A es la variante canónica para frecuencias y Verde A se conserva como control de cobertura.,40,No,"Conforme al artículo 3 de la Orden de 13 de febrero de 1967 por la que se establecen normas para la aplicación y desarrollo de las prestaciones de muerte y supervivencia del Régimen General de la Seguridad Social, ¿cuál es la fecha en que se entenderá causada la pensión de orfandad en el caso de que eI beneficiario sea un hijo póstumo?",La fecha de fallecimiento del sujeto causante.,La fecha de apertura de la herencia.,La fecha de nacimiento del hijo póstumo.,La fecha en que se resuelve el reconocimiento de la pensión.,S11,11,Temario específico Seguridad Social,"La protección por muerte y supervivencia. Hecho causante. Requisitos para las prestaciones de viudedad, orfandad y en favor de familiares. Cuantía de las prestaciones. Compatibilidad. Suspensión y Extinción. Normas específicas en caso de muerte derivada de accidente de trabajo o enfermedad profesional. Efectividad económica de las prestaciones. El auxilio por defunción.",orfandad,,3,Personas beneficiarias,Alta,orfandad,,,No,Teórico,C,C,Válida,01. Información oficial de la oposición\Exámenes oficiales anteriores\2026 Convocatoria 2025 - Acceso libre Verde A.pdf,https://www.seg-social.es/wps/portal/wss/internet/InformacionUtil/9950/88beb45d-ca83-4bab-8162-f94ef2894562/e0c83707-3358-47a9-94d7-508221dad233,OCR Windows es-ES sobre PDF oficial,100,Alta,Regla jurídica determinista,2026_conv2025_rojo_A-T60,0.9941
2026_conv2025_verde_A-T41,2026,2025,2026-06-28,Acceso libre,Primera parte,Verde A,Rojo/Verde A/B,No,Los colores y modelos reproducen el mismo conjunto de preguntas con orden y/o opciones permutados; Rojo A es la variante canónica para frecuencias y Verde A se conserva como control de cobertura.,41,No,"Según el artículo 9 del Real Decreto 1221/1992, sobre eI patrimonio de la Seguridad Social, con carácter general, la adquisición a título oneroso de bienes inmuebles por la Tesorería General de la Seguridad Social se realizará mediante:",Subasta pública.,Contrato menor.,Adjudicación directa siempre.,Concurso público cualquiera que sea su valor.,S13,13,Temario específico Seguridad Social,"Recursos generales del sistema de la Seguridad Social. El patrimonio único de la seguridad social: titularidad, adscripción, administración y custodia. Los negocios jurídicos patrimoniales: adquisición, enajenación, arrendamiento y cesión. El Fondo de Reserva de la Seguridad Social: constitución, dotación y disposición. Gestión de los recursos financieros: atribución de funciones. Pago de prestaciones de la Seguridad Social.",S13,Real Decreto 1221/1992,9,Artículos literales,Media,S13,Tesorería General de la Seguridad Social,,No,Teórico,D,D,Válida,01. Información oficial de la oposición\Exámenes oficiales anteriores\2026 Convocatoria 2025 - Acceso libre Verde A.pdf,https://www.seg-social.es/wps/portal/wss/internet/InformacionUtil/9950/88beb45d-ca83-4bab-8162-f94ef2894562/e0c83707-3358-47a9-94d7-508221dad233,OCR Windows es-ES sobre PDF oficial,17,Alta,Ponderación de palabras clave,2026_conv2025_rojo_A-T68,0.9958
2026_conv2025_verde_A-T42,2026,2025,2026-06-28,Acceso libre,Primera parte,Verde A,Rojo/Verde A/B,No,Los colores y modelos reproducen el mismo conjunto de preguntas con orden y/o opciones permutados; Rojo A es la variante canónica para frecuencias y Verde A se conserva como control de cobertura.,42,No,"Según el artículo 173 del texto refundido de la Ley General de la Seguridad Social, en caso de accidente de trabajo o enfermedad profesional, eI subsidio se abonará desde:","EI mismo día al de la baja en eI trabajo, estando a cargo del empresario el salario íntegro correspondiente al día de la baja.","EI día siguiente al de la baja en el trabajo, estando a cargo del empresario el salario íntegro correspondiente al día de la baja.","A partir del cuarto día al de baja en el trabajo, estando a cargo del empresario eI salario íntegro correspondiente al día de la baja.","A partir del tercer día al de baja en el trabajo, estando a cargo del empresario ei salario íntegro correspondiente al día de la baja.",S08,8,Temario específico Seguridad Social,"Incapacidad temporal: concepto y causas que motivan esta situación. Beneficiarios. Prestación económica: determinación y cuantía. Nacimiento, duración y extinción del derecho al subsidio. Reconocimiento y pago. Control de la incapacidad. Incapacidad permanente contributiva: concepto. Grados de incapacidad. Prestaciones. Determinación y cuantía. Beneficiarios. Nacimiento, duración y extinción del derecho. Lesiones permanentes no incapacitantes. La calificación y revisión de la incapacidad permanente.",S08,texto refundido de la Ley General de la Seguridad Social,173,Incapacidad,Media,S08,,,No,Teórico,B,B,Válida,01. Información oficial de la oposición\Exámenes oficiales anteriores\2026 Convocatoria 2025 - Acceso libre Verde A.pdf,https://www.seg-social.es/wps/portal/wss/internet/InformacionUtil/9950/88beb45d-ca83-4bab-8162-f94ef2894562/e0c83707-3358-47a9-94d7-508221dad233,OCR Windows es-ES sobre PDF oficial,100,Alta,Regla jurídica determinista,2026_conv2025_rojo_A-T54,0.9942
2026_conv2025_verde_A-T43,2026,2025,2026-06-28,Acceso libre,Primera parte,Verde A,Rojo/Verde A/B,No,Los colores y modelos reproducen el mismo conjunto de preguntas con orden y/o opciones permutados; Rojo A es la variante canónica para frecuencias y Verde A se conserva como control de cobertura.,43,No,"Según los artículos 206 y 206 bis del texto refundido de la Ley General de la Seguridad Social, la edad mínima de acceso a la pensión de jubilación podrá ser reducida:","En el caso de personas con discapacidad en un grado igual o superior al 45%, siempre que se traten de discapacidades reglamentariamente determinadas.","Por razón de la actividad en aquellos grupos o actividades profesionales cuyos trabajos sean de naturaleza penosa, tóxica, peligrosa o insalubre y siempre que sea posible la modificación de las condiciones de trabajo.",En el caso de personas con discapacidad en grado igual o superior al 60%.,La aplicación de los coeficientes reductores en ningún caso dará lugar al acceso a la jubilación con una edad inferior a los 54 años.,S10,10,Temario específico Seguridad Social,"Jubilación en la modalidad contributiva: concepto. Jubilación ordinaria: requisitos: especial referencia a la edad de jubilación. Determinación de la cuantía de la prestación: base reguladora y porcentaje. Jubilación anticipada, jubilación parcial y jubilación flexible. Compatibilidad de la pensión de jubilación y el trabajo. Suspensión y extinción de la prestación. Especial referencia a la aplicación de la normativa anterior a la Ley 27/2011.",jubilación,texto refundido de la Ley General de la Seguridad Social,206 y 206,Jubilación,Media,jubilación,,,No,Teórico,A,A,Válida,01. Información oficial de la oposición\Exámenes oficiales anteriores\2026 Convocatoria 2025 - Acceso libre Verde A.pdf,https://www.seg-social.es/wps/portal/wss/internet/InformacionUtil/9950/88beb45d-ca83-4bab-8162-f94ef2894562/e0c83707-3358-47a9-94d7-508221dad233,OCR Windows es-ES sobre PDF oficial,100,Alta,Regla jurídica determinista,2026_conv2025_rojo_A-T59,1.0
2026_conv2025_verde_A-T44,2026,2025,2026-06-28,Acceso libre,Primera parte,Verde A,Rojo/Verde A/B,No,Los colores y modelos reproducen el mismo conjunto de preguntas con orden y/o opciones permutados; Rojo A es la variante canónica para frecuencias y Verde A se conserva como control de cobertura.,44,No,"Señale la respuesta correcta en base a 10 previsto en el artículo 12 del texto refundido de la Ley General de la Seguridad Social, sobre los familiares del empresario/a:","No tendrán la consideración de trabajadores/as por cuenta ajena, salvo prueba en contrario: parientes del empresario/a, por consanguinidad o afinidad hasta el tercer grado inclusive y, en su caso, por adopción, ocupados en su centro o centros de trabajo, cuando convivan en su hogar y estén a su cargo.","Los trabajadore/as autónomos podrán contratar, como trabajadores por cuenta ajena, a los hijos/as menores de 30 años, aunque convivan con ellos, quedando incluida la cobertura por desempleo dentro de la acción protectora dispensada.","Los trabajadores/as autónomos podrán contratar, como trabajadores/as por cuenta ajena, a los hijos/as que, aun siendo mayores de 30 años, convivan con ellos y tengan especiales dificultades para su inserción laboral.","Tendrá la consideración de trabajador/a por cuenta ajena, en todo caso, el cónyuge del empresario/a.",S02,2,Temario específico Seguridad Social,"Campo de aplicación y composición del sistema de la Seguridad Social. Régimen general: ámbito subjetivo de aplicación, inclusiones y exclusiones. Regímenes especiales: enumeración, características generales, altas, bajas y cotización. Particularidades de la acción protectora. Sistemas especiales: enumeración y características generales. Altas, bajas y cotización. Particularidades de la acción protectora.",S02,texto refundido de la Ley General de la Seguridad Social,12,Artículos literales,Media,S02,,,No,Teórico,C,C,Válida,01. Información oficial de la oposición\Exámenes oficiales anteriores\2026 Convocatoria 2025 - Acceso libre Verde A.pdf,https://www.seg-social.es/wps/portal/wss/internet/InformacionUtil/9950/88beb45d-ca83-4bab-8162-f94ef2894562/e0c83707-3358-47a9-94d7-508221dad233,OCR Windows es-ES sobre PDF oficial,100,Alta,Regla jurídica determinista,2026_conv2025_rojo_A-T32,1.0
2026_conv2025_verde_A-T45,2026,2025,2026-06-28,Acceso libre,Primera parte,Verde A,Rojo/Verde A/B,No,Los colores y modelos reproducen el mismo conjunto de preguntas con orden y/o opciones permutados; Rojo A es la variante canónica para frecuencias y Verde A se conserva como control de cobertura.,45,No,"Conforme a la Orden TAS/2865/2003, ¿qué requisito es imprescindible para suscribir un convenio Especial con 'a Seguridad Social?",Los diputados y senadores de las Cortes Generales para poder suscribir un Convenio Especial deben tener cubierto un período mínimo de cotización de ciento ochenta días en cualquiera de los Regímenes que integran la Seguridad Social.,"Solicitar su suscripción ante la Dirección Provincial de la Tesorería General de la Seguridad Social o administración de la Seguridad Social correspondiente al domicilio del solicitante en eI plazo de un año, que se computará de la forma prevista en eI artículo 3 de la citada Orden.","Tener cubierto, en la fecha de solicitud del convenio especial, un período de mil ochenta días de cotización al Sistema de la Seguridad Social en los quince años inmediatamente anteriores a la baja en el Régimen de la Seguridad Social de que se trate.",Solicitar la suscripción del convenio especial en el plazo máximo de nueve meses contados desde la resolución administrativa o judicial firme para aquellos trabajadores que causen baja en el correspondiente Régimen de la SS por haber solicitado una pensión y esta les sea posteriormente denegada.,S03,3,Temario específico Seguridad Social,Normas sobre afiliación. Altas y bajas en el régimen general. Procedimiento y efectos. El convenio especial y otras situaciones asimiladas a la del alta. Encuadramiento e inscripción.,S03,,,Requisitos,Media,S03,,,No,Teórico,B,B,Válida,01. Información oficial de la oposición\Exámenes oficiales anteriores\2026 Convocatoria 2025 - Acceso libre Verde A.pdf,https://www.seg-social.es/wps/portal/wss/internet/InformacionUtil/9950/88beb45d-ca83-4bab-8162-f94ef2894562/e0c83707-3358-47a9-94d7-508221dad233,OCR Windows es-ES sobre PDF oficial,100,Alta,Regla jurídica determinista,2026_conv2025_rojo_A-T37,0.9922
2026_conv2025_verde_A-T46,2026,2025,2026-06-28,Acceso libre,Primera parte,Verde A,Rojo/Verde A/B,No,Los colores y modelos reproducen el mismo conjunto de preguntas con orden y/o opciones permutados; Rojo A es la variante canónica para frecuencias y Verde A se conserva como control de cobertura.,46,No,"Según 10 prescrito en el artículo 220 del texto refundido de la Ley General de la Seguridad Social, en caso de concurrencia de beneficiarios con derecho a pensión de viudedad:",Esta se reconocerá únicamente en favor del cónyuge superviviente.,"Se reconocerá en cuantía proporcional al tiempo vivido por cada uno de ellos con el causante, garantizándose, en todo caso, el 40 por ciento a favor del cónyuge superviviente.","Se reconocerá en cuantía proporcional al tiempo vivido por cada uno de ellos con el causante, garantizándose, en todo caso, el 60 por ciento a favor del cónyuge superviviente.","Se reconocerá dividiendo el importe correspondiente en cuantías iguales a favor de cada uno de los beneficiarios, con independencia del tiempo de cc.nvivencia con e' causante.",S11,11,Temario específico Seguridad Social,"La protección por muerte y supervivencia. Hecho causante. Requisitos para las prestaciones de viudedad, orfandad y en favor de familiares. Cuantía de las prestaciones. Compatibilidad. Suspensión y Extinción. Normas específicas en caso de muerte derivada de accidente de trabajo o enfermedad profesional. Efectividad económica de las prestaciones. El auxilio por defunción.",viudedad,texto refundido de la Ley General de la Seguridad Social,220,Personas beneficiarias,Media,viudedad,,,No,Teórico,B,B,Válida,01. Información oficial de la oposición\Exámenes oficiales anteriores\2026 Convocatoria 2025 - Acceso libre Verde A.pdf,https://www.seg-social.es/wps/portal/wss/internet/InformacionUtil/9950/88beb45d-ca83-4bab-8162-f94ef2894562/e0c83707-3358-47a9-94d7-508221dad233,OCR Windows es-ES sobre PDF oficial,100,Alta,Regla jurídica determinista,2026_conv2025_rojo_A-T61,0.9943
2026_conv2025_verde_A-T47,2026,2025,2026-06-28,Acceso libre,Primera parte,Verde A,Rojo/Verde A/B,No,Los colores y modelos reproducen el mismo conjunto de preguntas con orden y/o opciones permutados; Rojo A es la variante canónica para frecuencias y Verde A se conserva como control de cobertura.,47,No,"Según el artículo 127 del texto refundido de la Ley General de la Seguridad Social, ¿cuál de las siguientes afirmaciones sobre eI Mecanismo de Equidad Intergeneracional es correcta?",Es una cotización computable a efectos del cálculo de las prestaciones contributivas de jubilación.,Es una cotización aplicable exclusivamente al Régimen General de la Seguridad Social.,"Es una cotización finalista, aplicable en todos los regímenes y en todos los supuestos en los que se cotice por la contingencia de jubilación, sin efectos sobre las prestaciones.",Es una cotización susceptible de bonificación o reducción en función de la modalidad contractual o del colectivo protegido.,S13,13,Temario específico Seguridad Social,"Recursos generales del sistema de la Seguridad Social. El patrimonio único de la seguridad social: titularidad, adscripción, administración y custodia. Los negocios jurídicos patrimoniales: adquisición, enajenación, arrendamiento y cesión. El Fondo de Reserva de la Seguridad Social: constitución, dotación y disposición. Gestión de los recursos financieros: atribución de funciones. Pago de prestaciones de la Seguridad Social.",S13,texto refundido de la Ley General de la Seguridad Social,127,Artículos literales,Media,S13,ISM,,No,Teórico,C,C,Válida,01. Información oficial de la oposición\Exámenes oficiales anteriores\2026 Convocatoria 2025 - Acceso libre Verde A.pdf,https://www.seg-social.es/wps/portal/wss/internet/InformacionUtil/9950/88beb45d-ca83-4bab-8162-f94ef2894562/e0c83707-3358-47a9-94d7-508221dad233,OCR Windows es-ES sobre PDF oficial,100,Alta,Regla jurídica determinista,2026_conv2025_rojo_A-T70,0.9945
2026_conv2025_verde_A-T48,2026,2025,2026-06-28,Acceso libre,Primera parte,Verde A,Rojo/Verde A/B,No,Los colores y modelos reproducen el mismo conjunto de preguntas con orden y/o opciones permutados; Rojo A es la variante canónica para frecuencias y Verde A se conserva como control de cobertura.,48,No,"De acuerdo con el artículo 7 del Real Decreto 1335/2005, por el que se regulan las prestaciones familiares de la seguridad social, la base de cotización estará constituida por eI promedio de las bases de cotización del beneficiario correspondiente a:","Los nueve meses inmediatamente anteriores al inicio del periodo de excedencia laboral para eI cuidado del hijo, del menor acogido o de otros familiares.","Los tres meses inmediatamente anteriores al inicio del periodo de excedencia laboral para el cuidado del hijo, del menor acogido o de otros familiares.","Los doce meses inmediatamente anteriores al inicio del periodo de excedencia laborar para eI cuidado del hijo, del menor acogido o de otros familiares.","Los seis meses inmediatamente anteriores al inicio del periodo de excedencia laboral para el cuidado del hijo, del menor acogido o de otros familiares.",S12,12,Temario específico Seguridad Social,"Prestaciones no contributivas y asistenciales. El ingreso mínimo vital: beneficiarios, requisitos y duración. Obligaciones de las personas beneficiarias. Cuantía, pago, reintegro de prestaciones indebidas. Prestaciones familiares múltiples. Prestaciones familiares en la modalidad contributiva. Las pensiones no contributivas: Invalidez no contributiva: Jubilación no contributiva.",base de cotización,Real Decreto 1335/2005,7,Personas beneficiarias,Media,base de cotización,,,No,Teórico,D,D,Válida,01. Información oficial de la oposición\Exámenes oficiales anteriores\2026 Convocatoria 2025 - Acceso libre Verde A.pdf,https://www.seg-social.es/wps/portal/wss/internet/InformacionUtil/9950/88beb45d-ca83-4bab-8162-f94ef2894562/e0c83707-3358-47a9-94d7-508221dad233,OCR Windows es-ES sobre PDF oficial,100,Alta,Revisión jurídica individual,2026_conv2025_rojo_A-T65,0.992
2026_conv2025_verde_A-T49,2026,2025,2026-06-28,Acceso libre,Primera parte,Verde A,Rojo/Verde A/B,No,Los colores y modelos reproducen el mismo conjunto de preguntas con orden y/o opciones permutados; Rojo A es la variante canónica para frecuencias y Verde A se conserva como control de cobertura.,49,No,Están obligatoriamente incluidos en el campo de aplicación del Régimen Especial de la Seguridad Social de los Trabajadores por Cuenta Propia o Autónomos:,Los trabajadores incluidos en e' Sistema Especial para Trabajadores por Cuenta Ajena Agrarios.,"Los trabajadores autónomos económicamente dependientes a los que se refiere la Ley 20/2007, de II de julio.","Los miembros del Cuerpo de Registradores de la Propiedad, Mercantiles y de Bienes Muebles, excluidos los del Cuerpo de Aspirantes.",Los socios trabajadores de las cooperativas de trabajo asociado dedicados a la venta ambulante siempre que no perciban ingresos directamente de los compradores.,S02,2,Temario específico Seguridad Social,"Campo de aplicación y composición del sistema de la Seguridad Social. Régimen general: ámbito subjetivo de aplicación, inclusiones y exclusiones. Regímenes especiales: enumeración, características generales, altas, bajas y cotización. Particularidades de la acción protectora. Sistemas especiales: enumeración y características generales. Altas, bajas y cotización. Particularidades de la acción protectora.",S02,,,Artículos literales,Media,S02,,,No,Teórico,B,B,Válida,01. Información oficial de la oposición\Exámenes oficiales anteriores\2026 Convocatoria 2025 - Acceso libre Verde A.pdf,https://www.seg-social.es/wps/portal/wss/internet/InformacionUtil/9950/88beb45d-ca83-4bab-8162-f94ef2894562/e0c83707-3358-47a9-94d7-508221dad233,OCR Windows es-ES sobre PDF oficial,100,Alta,Regla jurídica determinista,2026_conv2025_rojo_A-T33,0.9935
2026_conv2025_verde_A-T50,2026,2025,2026-06-28,Acceso libre,Primera parte,Verde A,Rojo/Verde A/B,No,Los colores y modelos reproducen el mismo conjunto de preguntas con orden y/o opciones permutados; Rojo A es la variante canónica para frecuencias y Verde A se conserva como control de cobertura.,50,No,¿Cuántas disposiciones adicionales tiene el texto refundido de la Ley General de la Seguridad Social?,54.,61.,373,60.,S01,1,Temario específico Seguridad Social,La Seguridad Social en la Constitución española de 1978. El texto refundido de la Ley General de la Seguridad Social.,S01,texto refundido de la Ley General de la Seguridad Social,,Artículos literales,Básica,S01,,,No,Teórico,B,B,Válida,01. Información oficial de la oposición\Exámenes oficiales anteriores\2026 Convocatoria 2025 - Acceso libre Verde A.pdf,https://www.seg-social.es/wps/portal/wss/internet/InformacionUtil/9950/88beb45d-ca83-4bab-8162-f94ef2894562/e0c83707-3358-47a9-94d7-508221dad233,OCR Windows es-ES sobre PDF oficial,100,Alta,Regla jurídica determinista,2026_conv2025_rojo_A-T30,0.9901
2026_conv2025_verde_A-T51,2026,2025,2026-06-28,Acceso libre,Primera parte,Verde A,Rojo/Verde A/B,No,Los colores y modelos reproducen el mismo conjunto de preguntas con orden y/o opciones permutados; Rojo A es la variante canónica para frecuencias y Verde A se conserva como control de cobertura.,51,No,"De conformidad con el artículo 12 del Real Decreto 1221/1992, sobre eI patrimonio de la Seguridad Social, las mejoras realizadas en un inmueble del patrimonio de la Seguridad Social durante el periodo de adscripción:",Generan derecho a indemnización.,Se compensan económicamente al finalizar la adscripción.,Permanecen en favor de la entidad adscrita.,Se integrarán en eI patrimonio de la Tesorería General de la Seguridad Social sin indemnización.,S13,13,Temario específico Seguridad Social,"Recursos generales del sistema de la Seguridad Social. El patrimonio único de la seguridad social: titularidad, adscripción, administración y custodia. Los negocios jurídicos patrimoniales: adquisición, enajenación, arrendamiento y cesión. El Fondo de Reserva de la Seguridad Social: constitución, dotación y disposición. Gestión de los recursos financieros: atribución de funciones. Pago de prestaciones de la Seguridad Social.",S13,Real Decreto 1221/1992,12,Artículos literales,Media,S13,,,No,Teórico,D,D,Válida,01. Información oficial de la oposición\Exámenes oficiales anteriores\2026 Convocatoria 2025 - Acceso libre Verde A.pdf,https://www.seg-social.es/wps/portal/wss/internet/InformacionUtil/9950/88beb45d-ca83-4bab-8162-f94ef2894562/e0c83707-3358-47a9-94d7-508221dad233,OCR Windows es-ES sobre PDF oficial,12,Alta,Ponderación de palabras clave,2026_conv2025_rojo_A-T69,0.9907
2026_conv2025_verde_A-T52,2026,2025,2026-06-28,Acceso libre,Primera parte,Verde A,Rojo/Verde A/B,No,Los colores y modelos reproducen el mismo conjunto de preguntas con orden y/o opciones permutados; Rojo A es la variante canónica para frecuencias y Verde A se conserva como control de cobertura.,52,No,"Según eI articulo 15 de la ley 19/2021, por la que se establece eI ingreso mínimo vital, todas las personas beneficiarias, integradas o no en una unidad de convivencia, estarán obligadas a poner en conocimiento de la entidad gestora competente aquellas circunstancias que afecten al cumplimiento de los requisitos o de las obligaciones establecidos en esta ley, en eI plazo máximo de:",Treinta días hábiles.,Treinta días naturales.,Quince días hábiles.,Quince días naturales.,S12,12,Temario específico Seguridad Social,"Prestaciones no contributivas y asistenciales. El ingreso mínimo vital: beneficiarios, requisitos y duración. Obligaciones de las personas beneficiarias. Cuantía, pago, reintegro de prestaciones indebidas. Prestaciones familiares múltiples. Prestaciones familiares en la modalidad contributiva. Las pensiones no contributivas: Invalidez no contributiva: Jubilación no contributiva.",ingreso mínimo vital,ley 19/2021,15,Plazos,Alta,ingreso mínimo vital,,,No,Teórico,B,B,Válida,01. Información oficial de la oposición\Exámenes oficiales anteriores\2026 Convocatoria 2025 - Acceso libre Verde A.pdf,https://www.seg-social.es/wps/portal/wss/internet/InformacionUtil/9950/88beb45d-ca83-4bab-8162-f94ef2894562/e0c83707-3358-47a9-94d7-508221dad233,OCR Windows es-ES sobre PDF oficial,100,Alta,Regla jurídica determinista,2026_conv2025_rojo_A-T63,0.9922
2026_conv2025_verde_A-T53,2026,2025,2026-06-28,Acceso libre,Primera parte,Verde A,Rojo/Verde A/B,No,Los colores y modelos reproducen el mismo conjunto de preguntas con orden y/o opciones permutados; Rojo A es la variante canónica para frecuencias y Verde A se conserva como control de cobertura.,53,No,"De acuerdo con eI artículo 185 del texto refundido de la Ley General de la Seguridad Social, la prestación económica por ejercicio corresponsable del cuidado de lactante se extinguirá cuando:",EI o la menor cumpla nueve meses de edad.,EI o la menor cumpla doce meses de edad.,EI o la menor cumpla dieciocho meses de edad.,EI o la menor cumpla seis meses de edad.,S09,9,Temario específico Seguridad Social,Nacimiento y cuidado de menor. Ejercicio corresponsable del cuidado del lactante. Prestación por riesgo durante el embarazo. Prestación por riesgo durante la lactancia natural. Asignación económica por hijo o menor acogido a cargo. Prestación económica por nacimiento o adopción de hijo en supuestos de familias numerosas o monoparentales y en los casos de madres o padres con discapacidad. Prestación por parto o adopción Subsidio por cuidado de menores afectados por cáncer u otra enfermedad grave.,S09,texto refundido de la Ley General de la Seguridad Social,185,Prestaciones familiares,Media,S09,,,No,Teórico,B,B,Válida,01. Información oficial de la oposición\Exámenes oficiales anteriores\2026 Convocatoria 2025 - Acceso libre Verde A.pdf,https://www.seg-social.es/wps/portal/wss/internet/InformacionUtil/9950/88beb45d-ca83-4bab-8162-f94ef2894562/e0c83707-3358-47a9-94d7-508221dad233,OCR Windows es-ES sobre PDF oficial,100,Alta,Regla jurídica determinista,2026_conv2025_rojo_A-T55,0.9948
2026_conv2025_verde_A-T54,2026,2025,2026-06-28,Acceso libre,Primera parte,Verde A,Rojo/Verde A/B,No,Los colores y modelos reproducen el mismo conjunto de preguntas con orden y/o opciones permutados; Rojo A es la variante canónica para frecuencias y Verde A se conserva como control de cobertura.,54,No,"Según 10 establecido en el artículo 48 del Estatuto de Trabajadores, el nacimiento, en los casos de parto prematuro con falta de peso y en aquellos otros en que eI neonato precise, por alguna condición clinica, hospitalización a continuación del parto, por un periodo superior a siete días, el periodo de suspensión se ampliará en tantos días como eI nacido se encuentre hospitalizado, con un máximo de:",Diez semanas adicionales.,Dieciséis semanas adicionales.,Siete semanas adicionales.,Trece semanas adicionales.,S09,9,Temario específico Seguridad Social,Nacimiento y cuidado de menor. Ejercicio corresponsable del cuidado del lactante. Prestación por riesgo durante el embarazo. Prestación por riesgo durante la lactancia natural. Asignación económica por hijo o menor acogido a cargo. Prestación económica por nacimiento o adopción de hijo en supuestos de familias numerosas o monoparentales y en los casos de madres o padres con discapacidad. Prestación por parto o adopción Subsidio por cuidado de menores afectados por cáncer u otra enfermedad grave.,S09,,48,Plazos,Alta,S09,,,No,Teórico,D,D,Válida,01. Información oficial de la oposición\Exámenes oficiales anteriores\2026 Convocatoria 2025 - Acceso libre Verde A.pdf,https://www.seg-social.es/wps/portal/wss/internet/InformacionUtil/9950/88beb45d-ca83-4bab-8162-f94ef2894562/e0c83707-3358-47a9-94d7-508221dad233,OCR Windows es-ES sobre PDF oficial,100,Alta,Revisión jurídica individual,2026_conv2025_rojo_A-T58,0.9926
2026_conv2025_verde_A-T55,2026,2025,2026-06-28,Acceso libre,Primera parte,Verde A,Rojo/Verde A/B,No,Los colores y modelos reproducen el mismo conjunto de preguntas con orden y/o opciones permutados; Rojo A es la variante canónica para frecuencias y Verde A se conserva como control de cobertura.,55,No,"Conforme al artículo 103 del texto refundido de la Ley General de la Seguridad Social, el patrimonio de la Seguridad Social:","Es un patrimonio único, afecto a sus fines y distinto del patrimonio del Estado.",Tiene carácter embargable.,Forma parte del patrimonio del Estado.,Pertenece a las entidades gestoras.,S13,13,Temario específico Seguridad Social,"Recursos generales del sistema de la Seguridad Social. El patrimonio único de la seguridad social: titularidad, adscripción, administración y custodia. Los negocios jurídicos patrimoniales: adquisición, enajenación, arrendamiento y cesión. El Fondo de Reserva de la Seguridad Social: constitución, dotación y disposición. Gestión de los recursos financieros: atribución de funciones. Pago de prestaciones de la Seguridad Social.",S13,texto refundido de la Ley General de la Seguridad Social,103,Artículos literales,Media,S13,,,No,Teórico,A,A,Válida,01. Información oficial de la oposición\Exámenes oficiales anteriores\2026 Convocatoria 2025 - Acceso libre Verde A.pdf,https://www.seg-social.es/wps/portal/wss/internet/InformacionUtil/9950/88beb45d-ca83-4bab-8162-f94ef2894562/e0c83707-3358-47a9-94d7-508221dad233,OCR Windows es-ES sobre PDF oficial,100,Alta,Regla jurídica determinista,2026_conv2025_rojo_A-T67,1.0
2026_conv2025_verde_A-T56,2026,2025,2026-06-28,Acceso libre,Primera parte,Verde A,Rojo/Verde A/B,No,Los colores y modelos reproducen el mismo conjunto de preguntas con orden y/o opciones permutados; Rojo A es la variante canónica para frecuencias y Verde A se conserva como control de cobertura.,56,No,EI Estatuto de los Trabajadores contempla en su artículo 37 que quien por razones de guarda legal tenga a su cuidado directo algún menor de doce años o una persona con discapacidad que no desempeñe una actividad retribuida tendrá derecho a:,"Una reducción de la jornada de trabajo diaria, con la disminución proporcional del salario entre, al menos, un sexto y un máximo de la mitad de la duración de aquella.","Una reducción de la jornada de trabajo diaria, con la disminución proporcional del salario entre, al menos, un cuarto y un máximo de la mitad de la duración de aquella.","una reducción de la jornada de trabajo diaria, con la disminución proporcional del salario entre, al menos, un quinto y un máximo de la mitad de la duración de aquella.","Una reducción de la jornada de trabajo diaria, con la disminución proporcional del salario entre, al menos, un octavo y un máximo de la mitad de la duración de aquella.",G21,21,Temario general,"Políticas de igualdad y contra la violencia de género. Discapacidad y dependencia: régimen jurídico. La Ley 4/2023, de 28 de febrero, para la igualdad real y efectiva de las personas trans y para la garantía de los derechos de las personas LGTBI.",G21,,37,Artículos literales,Media,G21,,,No,Teórico,D,D,Válida,01. Información oficial de la oposición\Exámenes oficiales anteriores\2026 Convocatoria 2025 - Acceso libre Verde A.pdf,https://www.seg-social.es/wps/portal/wss/internet/InformacionUtil/9950/88beb45d-ca83-4bab-8162-f94ef2894562/e0c83707-3358-47a9-94d7-508221dad233,OCR Windows es-ES sobre PDF oficial,9,Media,Ponderación de palabras clave,2026_conv2025_rojo_A-T66,1.0
2026_conv2025_verde_A-T57,2026,2025,2026-06-28,Acceso libre,Primera parte,Verde A,Rojo/Verde A/B,No,Los colores y modelos reproducen el mismo conjunto de preguntas con orden y/o opciones permutados; Rojo A es la variante canónica para frecuencias y Verde A se conserva como control de cobertura.,57,No,"Atendiendo al artículo 4 de la ley 19/2021, por la que se establece eI ingreso mínimo vital, señale la respuesta correcta:",Podrán ser beneficiarias las personas de al menos veintitrés años que no se integren en una unidad de convivencia y que no estén unidas a otra por vínculo matrimonial o pareja de hecho.,"No se exigirá el requisito de edad a aquellas personas que provengan de un centro penitenciario por haber sido liberados de prisión, siempre que la privación de libertad haya sido por tiempo superior a tres meses.","No podrán ser beneficiarias de la prestación del ingreso mínimo vital las personas que temporalmente sean usuarias de una prestación de servicio residencial, de carácter socia', sanitario o socio-sanitario.","Podrán ser beneficiarias las personas de al menos veintitrés años que no se integren en una unidad de convivencia, aunque estén unidas a otra por vínculo matrimonial o pareja de hecho y no hayan iniciado los trámites de separación o divorcio.",S12,12,Temario específico Seguridad Social,"Prestaciones no contributivas y asistenciales. El ingreso mínimo vital: beneficiarios, requisitos y duración. Obligaciones de las personas beneficiarias. Cuantía, pago, reintegro de prestaciones indebidas. Prestaciones familiares múltiples. Prestaciones familiares en la modalidad contributiva. Las pensiones no contributivas: Invalidez no contributiva: Jubilación no contributiva.",ingreso mínimo vital,ley 19/2021,4,Prestaciones no contributivas,Media,ingreso mínimo vital,,,No,Teórico,A,A,Válida,01. Información oficial de la oposición\Exámenes oficiales anteriores\2026 Convocatoria 2025 - Acceso libre Verde A.pdf,https://www.seg-social.es/wps/portal/wss/internet/InformacionUtil/9950/88beb45d-ca83-4bab-8162-f94ef2894562/e0c83707-3358-47a9-94d7-508221dad233,OCR Windows es-ES sobre PDF oficial,100,Alta,Regla jurídica determinista,2026_conv2025_rojo_A-T64,0.9918
2026_conv2025_verde_A-T58,2026,2025,2026-06-28,Acceso libre,Primera parte,Verde A,Rojo/Verde A/B,No,Los colores y modelos reproducen el mismo conjunto de preguntas con orden y/o opciones permutados; Rojo A es la variante canónica para frecuencias y Verde A se conserva como control de cobertura.,58,No,"De acuerdo con el artículo 190 del texto refundido de la Ley General de la Seguridad Social, la prestación económica por cuidado de menores afectados por cáncer u otra enfermedad grave se mantendrá hasta los 26 años:","Si el causante antes de alcanzar los 23 años acreditara, además, un grado de discapacidad igual o superior al 65 por ciento.","Si el causante antes de alcanzar los 18 años acreditara, además, un grado de discapacidad igual o superior al 65 por ciento.","Si el causante antes de alcanzar los 23 años acreditara, además, un grado de discapacidad igual o superior al 33 por ciento.","Si eI causante antes de alcanzar los 21 años acreditara, además, un grado de discapacidad igual o superior al 33 por ciento.",S09,9,Temario específico Seguridad Social,Nacimiento y cuidado de menor. Ejercicio corresponsable del cuidado del lactante. Prestación por riesgo durante el embarazo. Prestación por riesgo durante la lactancia natural. Asignación económica por hijo o menor acogido a cargo. Prestación económica por nacimiento o adopción de hijo en supuestos de familias numerosas o monoparentales y en los casos de madres o padres con discapacidad. Prestación por parto o adopción Subsidio por cuidado de menores afectados por cáncer u otra enfermedad grave.,S09,texto refundido de la Ley General de la Seguridad Social,190,Prestaciones familiares,Media,S09,,26 años,No,Teórico,A,A,Válida,01. Información oficial de la oposición\Exámenes oficiales anteriores\2026 Convocatoria 2025 - Acceso libre Verde A.pdf,https://www.seg-social.es/wps/portal/wss/internet/InformacionUtil/9950/88beb45d-ca83-4bab-8162-f94ef2894562/e0c83707-3358-47a9-94d7-508221dad233,OCR Windows es-ES sobre PDF oficial,100,Alta,Regla jurídica determinista,2026_conv2025_rojo_A-T57,1.0
2026_conv2025_verde_A-T59,2026,2025,2026-06-28,Acceso libre,Primera parte,Verde A,Rojo/Verde A/B,No,Los colores y modelos reproducen el mismo conjunto de preguntas con orden y/o opciones permutados; Rojo A es la variante canónica para frecuencias y Verde A se conserva como control de cobertura.,59,No,"¿Cuál es eI porcentaje general que se aplicará a la base reguladora para calcular la cuantía de las pensiones de viudedad, de acuerdo con eI artículo 31 del Decreto 3158/1966, de 23 de diciembre, por eI que se aprueba el Reglamento General que determina la cuantía de las prestaciones económicas del Régimen General de la Seguridad Social y condiciones para el derecho a las mismas?",52%.,40%.,50%.,55%.,S11,11,Temario específico Seguridad Social,"La protección por muerte y supervivencia. Hecho causante. Requisitos para las prestaciones de viudedad, orfandad y en favor de familiares. Cuantía de las prestaciones. Compatibilidad. Suspensión y Extinción. Normas específicas en caso de muerte derivada de accidente de trabajo o enfermedad profesional. Efectividad económica de las prestaciones. El auxilio por defunción.",viudedad,,31,Cálculos,Alta,viudedad,ISM,,No,Teórico,A,A,Válida,01. Información oficial de la oposición\Exámenes oficiales anteriores\2026 Convocatoria 2025 - Acceso libre Verde A.pdf,https://www.seg-social.es/wps/portal/wss/internet/InformacionUtil/9950/88beb45d-ca83-4bab-8162-f94ef2894562/e0c83707-3358-47a9-94d7-508221dad233,OCR Windows es-ES sobre PDF oficial,100,Alta,Regla jurídica determinista,2026_conv2025_rojo_A-T62,0.9869
2026_conv2025_verde_A-T60,2026,2025,2026-06-28,Acceso libre,Primera parte,Verde A,Rojo/Verde A/B,No,Los colores y modelos reproducen el mismo conjunto de preguntas con orden y/o opciones permutados; Rojo A es la variante canónica para frecuencias y Verde A se conserva como control de cobertura.,60,No,"De acuerdo con el artículo 119 del Real Decreto 1415/2004, de 11 de junio, por el que se aprueba el Reglamento General de Recaudación de la Seguridad Social, en las mesas de subasta actuará como secretario:",La persona titular de la Dirección Provincial o titular del órgano o unidad en quien delegue.,La persona funcionaria que a tal efecto designe la persona titular de la Dirección Provincial.,La persona titular de la Unidad de Recaudación Ejecutiva que tenga a su cargo el expediente ejecutivo.,La persona titular de la Intervención Delegada en la Dirección Provincial.,S06,6,Temario específico Seguridad Social,La recaudación en vía ejecutiva. Normas generales. Iniciación y título ejecutivo. La providencia de apremio. Oposición y efectos. El embargo de bienes. Enajenación de bienes: modalidades. Créditos incobrables. Tercerías.,S06,Real Decreto 1415/2004,119,Recaudación ejecutiva,Media,S06,,,No,Teórico,B,B,Válida,01. Información oficial de la oposición\Exámenes oficiales anteriores\2026 Convocatoria 2025 - Acceso libre Verde A.pdf,https://www.seg-social.es/wps/portal/wss/internet/InformacionUtil/9950/88beb45d-ca83-4bab-8162-f94ef2894562/e0c83707-3358-47a9-94d7-508221dad233,OCR Windows es-ES sobre PDF oficial,100,Alta,Regla jurídica determinista,2026_conv2025_rojo_A-T48,0.9903
2026_conv2025_verde_A-T61,2026,2025,2026-06-28,Acceso libre,Primera parte,Verde A,Rojo/Verde A/B,No,Los colores y modelos reproducen el mismo conjunto de preguntas con orden y/o opciones permutados; Rojo A es la variante canónica para frecuencias y Verde A se conserva como control de cobertura.,61,No,"De conformidad con el artículo 18 del Real Decreto 2064/1995, de 22 de diciembre, por eI que se aprueba el Reglamento General sobre Cotización y Liquidación de otros Derechos de la Seguridad Social, en el sistema de liquidación simplificada:",La Tesorería General de la Seguridad Social practicará la liquidación de las cuotas de la Seguridad Social correspondientes a cada período sin necesidad de solicitud previa por parte del sujeto responsable.,EI Instituto Nacional de la Seguridad Social practicará la liquidación de las cuotas de la Seguridad Social correspondientes a cada período sin necesidad de comunicación previa al trabajador.,EI sujeto responsable practicará la liquidación de las cuotas de la Seguridad Social correspondientes a cada período sin necesidad de solicitud previa por parte de la Tesorería General de la Seguridad Social.,EI sujeto responsable practicará la liquidación de las cuotas de la Seguridad Social correspondientes a cada período sin necesidad de comunicación previa al trabajador.,S04,4,Temario específico Seguridad Social,La cotización a la Seguridad Social: normas comunes del sistema. La liquidación de cuotas. El régimen general de la Seguridad Social. Supuestos especiales. Bases y tipos de cotización. Liquidación de otras deudas.,S04,Real Decreto 2064/1995,18,Cotización,Media,S04,,,No,Teórico,A,A,Válida,01. Información oficial de la oposición\Exámenes oficiales anteriores\2026 Convocatoria 2025 - Acceso libre Verde A.pdf,https://www.seg-social.es/wps/portal/wss/internet/InformacionUtil/9950/88beb45d-ca83-4bab-8162-f94ef2894562/e0c83707-3358-47a9-94d7-508221dad233,OCR Windows es-ES sobre PDF oficial,100,Alta,Regla jurídica determinista,2026_conv2025_rojo_A-T39,0.9834
2026_conv2025_verde_A-T62,2026,2025,2026-06-28,Acceso libre,Primera parte,Verde A,Rojo/Verde A/B,No,Los colores y modelos reproducen el mismo conjunto de preguntas con orden y/o opciones permutados; Rojo A es la variante canónica para frecuencias y Verde A se conserva como control de cobertura.,62,No,En relación con eI cambio de base de cotización por los trabajadores incluidos en eI Régimen Especial de la Seguridad Social de los Trabajadores por Cuenta Propia o Autónomos:,Podrán cambiar hasta cuatro veces al año la base por la que vengan obligados a cotizar.,Podrán elegir otra dentro de los límites mínimo y máximo aplicables en el ejercicio inmediatamente anterior.,Lo tendrán que solicitar a la Dirección Provincial del Instituto Nacional de la Seguridad Social que corresponda según territorio.,"EI cambio de base de cotización tendrá efecto el 1 de marzo, si la solicitud se formula entre eI 1 de enero y el último día natural del mes de febrero.",S04,4,Temario específico Seguridad Social,La cotización a la Seguridad Social: normas comunes del sistema. La liquidación de cuotas. El régimen general de la Seguridad Social. Supuestos especiales. Bases y tipos de cotización. Liquidación de otras deudas.,base de cotización,,,Cotización,Media,base de cotización,,,No,Teórico,D,D,Válida,01. Información oficial de la oposición\Exámenes oficiales anteriores\2026 Convocatoria 2025 - Acceso libre Verde A.pdf,https://www.seg-social.es/wps/portal/wss/internet/InformacionUtil/9950/88beb45d-ca83-4bab-8162-f94ef2894562/e0c83707-3358-47a9-94d7-508221dad233,OCR Windows es-ES sobre PDF oficial,100,Alta,Regla jurídica determinista,2026_conv2025_rojo_A-T34,0.9943
2026_conv2025_verde_A-T63,2026,2025,2026-06-28,Acceso libre,Primera parte,Verde A,Rojo/Verde A/B,No,Los colores y modelos reproducen el mismo conjunto de preguntas con orden y/o opciones permutados; Rojo A es la variante canónica para frecuencias y Verde A se conserva como control de cobertura.,63,No,"Conforme al artículo 87 del Real Decreto 1415/2004, de II de junio, por eI que se aprueba el Reglamento General de Recaudación de la Seguridad Social, las actuaciones del procedimiento de apremio podrán prever, en concepto de previsión de costas e intereses, un incremento sobre la cuantía exigible de hasta:",Un 5 por ciento.,Un 10 por ciento.,un 7 por ciento.,Un 3 por ciento.,S06,6,Temario específico Seguridad Social,La recaudación en vía ejecutiva. Normas generales. Iniciación y título ejecutivo. La providencia de apremio. Oposición y efectos. El embargo de bienes. Enajenación de bienes: modalidades. Créditos incobrables. Tercerías.,S06,Real Decreto 1415/2004,87,Cálculos,Media,S06,,,No,Teórico,B,B,Válida,01. Información oficial de la oposición\Exámenes oficiales anteriores\2026 Convocatoria 2025 - Acceso libre Verde A.pdf,https://www.seg-social.es/wps/portal/wss/internet/InformacionUtil/9950/88beb45d-ca83-4bab-8162-f94ef2894562/e0c83707-3358-47a9-94d7-508221dad233,OCR Windows es-ES sobre PDF oficial,100,Alta,Regla jurídica determinista,2026_conv2025_rojo_A-T46,0.9838
2026_conv2025_verde_A-T64,2026,2025,2026-06-28,Acceso libre,Primera parte,Verde A,Rojo/Verde A/B,No,Los colores y modelos reproducen el mismo conjunto de preguntas con orden y/o opciones permutados; Rojo A es la variante canónica para frecuencias y Verde A se conserva como control de cobertura.,64,No,"En relación con los trabajadores contratados a tiempo parcial, el artículo 246 del texto refundido de la Ley General de la Seguridad Social establece que la base de cotización a la Seguridad Social y de las aportaciones que se recaudan conjuntamente con las cuotas de aquella:",Será siempre mensual y estará constituida por las retribuciones efectivamente percibidas en función de las horas ordinarias trabajadas.,"Será siempre mensual y estará constituida por las retribuciones efectivamente percibidas en función de las horas trabajadas, tanto ordinarias corno complementarias.","Será mensual o semanal, en función del tipo de contrato, y estará constituida por las retribuciones efectivamente percibidas en función de las horas trabajadas, tanto ordinarias como complementarias.","Será mensual o semanal, en función del tipo de contrato, y estará constituida por las retribuciones efectivamente percibidas en función de las horas ordinarias trabajadas.",S04,4,Temario específico Seguridad Social,La cotización a la Seguridad Social: normas comunes del sistema. La liquidación de cuotas. El régimen general de la Seguridad Social. Supuestos especiales. Bases y tipos de cotización. Liquidación de otras deudas.,base de cotización,texto refundido de la Ley General de la Seguridad Social,246,Cotización,Media,base de cotización,,,No,Teórico,B,B,Válida,01. Información oficial de la oposición\Exámenes oficiales anteriores\2026 Convocatoria 2025 - Acceso libre Verde A.pdf,https://www.seg-social.es/wps/portal/wss/internet/InformacionUtil/9950/88beb45d-ca83-4bab-8162-f94ef2894562/e0c83707-3358-47a9-94d7-508221dad233,OCR Windows es-ES sobre PDF oficial,100,Alta,Regla jurídica determinista,2026_conv2025_rojo_A-T41,1.0
2026_conv2025_verde_A-T65,2026,2025,2026-06-28,Acceso libre,Primera parte,Verde A,Rojo/Verde A/B,No,Los colores y modelos reproducen el mismo conjunto de preguntas con orden y/o opciones permutados; Rojo A es la variante canónica para frecuencias y Verde A se conserva como control de cobertura.,65,No,"De acuerdo con 10 estipulado en el artículo 58 del texto refundido de la Ley General de la Seguridad Social, para mantener eI poder adquisitivo de las pensiones de Seguridad Social, en su modalidad contributiva, incluido el complemento de brecha de género, las pensiones se revalorizarán al comienzo de cada año:",En el porcentaje equivalente al valor expresado en tanto por ciento del índice de Precios al Consumo del mes de diciembre del año anterior.,"En eI 0,25 por ciento.",En el porcentaje equivalente al valor expresado en tanto por ciento del índice de Precios al Consumo del mes de noviembre del año anterior.,En eI porcentaje equivalente al valor medio de las tasas de variación interanual expresadas en tanto por ciento del Índice de Precios al Consumo de los doce meses previos a diciembre del año anterior.,S07,7,Temario específico Seguridad Social,"Acción protectora. Contenido y clasificación de las prestaciones. Caracteres de las prestaciones. Incompatibilidades. Reintegro de las prestaciones indebidas. Requisitos generales del derecho a las prestaciones. Responsabilidades en orden a las prestaciones por incumplimiento de las obligaciones de afiliación, altas, bajas y cotización. Automaticidad y anticipo de prestaciones. Riesgo protegido: contingencias comunes y profesionales.",S07,texto refundido de la Ley General de la Seguridad Social,58,Artículos literales,Media,S07,,,No,Teórico,D,D,Válida,01. Información oficial de la oposición\Exámenes oficiales anteriores\2026 Convocatoria 2025 - Acceso libre Verde A.pdf,https://www.seg-social.es/wps/portal/wss/internet/InformacionUtil/9950/88beb45d-ca83-4bab-8162-f94ef2894562/e0c83707-3358-47a9-94d7-508221dad233,OCR Windows es-ES sobre PDF oficial,100,Alta,Regla jurídica determinista,2026_conv2025_rojo_A-T52,0.9968
2026_conv2025_verde_A-T66,2026,2025,2026-06-28,Acceso libre,Primera parte,Verde A,Rojo/Verde A/B,No,Los colores y modelos reproducen el mismo conjunto de preguntas con orden y/o opciones permutados; Rojo A es la variante canónica para frecuencias y Verde A se conserva como control de cobertura.,66,No,EI texto refundido de la Ley General de la Seguridad Social menciona distintos supuestos de incompatibilidad. Señale la afirmación INCORRECTA:,Son incompatibles entre sí los complementos de pensiones contributivas para la reducción de la brecha de género que pudieran ser reconocidos en cualquiera de los regímenes de Seguridad Social siendo abonado en eI régimen en el que el causante de la pensión tenga más periodos de alta.,"Son incompatibles las indemnizaciones a tanto alzado de lesiones permanentes no incapacitantes con las prestaciones económicas de incapacidad temporal, aunque las lesiones sean totalmente independientes.","Son incompatibles la prestación y eI subsidio por desempleo con la obtención de prestaciones de carácter económico de la Seguridad Social, salvo que estas hubieran sido compatibles con el trabajo que originó la prestación o el subsidio.","Es incompatible la prestación económica por cese de actividad con la obtención de pensiones o prestaciones de carácter económico del sistema de la Seguridad Social, salvo que estas hubieran sido compatibles con el trabajo que dio lugar a la prestación por cese de actividad.",S07,7,Temario específico Seguridad Social,"Acción protectora. Contenido y clasificación de las prestaciones. Caracteres de las prestaciones. Incompatibilidades. Reintegro de las prestaciones indebidas. Requisitos generales del derecho a las prestaciones. Responsabilidades en orden a las prestaciones por incumplimiento de las obligaciones de afiliación, altas, bajas y cotización. Automaticidad y anticipo de prestaciones. Riesgo protegido: contingencias comunes y profesionales.",S07,texto refundido de la Ley General de la Seguridad Social,,Artículos literales,Alta,S07,,,Sí,Teórico,B,B,Válida,01. Información oficial de la oposición\Exámenes oficiales anteriores\2026 Convocatoria 2025 - Acceso libre Verde A.pdf,https://www.seg-social.es/wps/portal/wss/internet/InformacionUtil/9950/88beb45d-ca83-4bab-8162-f94ef2894562/e0c83707-3358-47a9-94d7-508221dad233,OCR Windows es-ES sobre PDF oficial,100,Alta,Revisión jurídica individual,2026_conv2025_rojo_A-T51,1.0
2026_conv2025_verde_A-T67,2026,2025,2026-06-28,Acceso libre,Primera parte,Verde A,Rojo/Verde A/B,No,Los colores y modelos reproducen el mismo conjunto de preguntas con orden y/o opciones permutados; Rojo A es la variante canónica para frecuencias y Verde A se conserva como control de cobertura.,67,No,"Según establece el artículo 64 del Real Decreto 141512004, de II de junio, por el que se aprueba eI Reglamento General de Recaudación de la Seguridad Social, los importes exigidos en las reclamaciones de deuda por cuotas y conceptos de recaudación conjunta notificadas entre los días I y 15 de cada mes deberán hacerse efectivos dentro del siguiente plazo:",Desde la fecha de la notificación hasta el día 15 del mes siguiente o eI inmediato hábil posterior.,Desde la fecha de la notificación hasta el último día hábil del mismo mes.,Desde la fecha de la notificación hasta eI día 5 del mes siguiente o eI inmediato hábil posterior.,Desde la fecha de la notificación hasta el día 10 del mes siguiente o el inmediato hábil posterior.,S05,5,Temario específico Seguridad Social,"La gestión recaudatoria: concepto, competencia y objeto. Responsables del pago. Requisitos para el pago. Medios de pago. Control de recaudación. Revisión de los actos de gestión recaudatoria. La recaudación en periodo voluntario. Efectos de la falta de cotización en período reglamentario. Recaudación de otros recursos. Aplazamientos. Devolución de ingresos indebidos. Capital coste de pensiones.",S05,,64,Cálculos,Alta,S05,,,No,Teórico,C,C,Válida,01. Información oficial de la oposición\Exámenes oficiales anteriores\2026 Convocatoria 2025 - Acceso libre Verde A.pdf,https://www.seg-social.es/wps/portal/wss/internet/InformacionUtil/9950/88beb45d-ca83-4bab-8162-f94ef2894562/e0c83707-3358-47a9-94d7-508221dad233,OCR Windows es-ES sobre PDF oficial,100,Alta,Regla jurídica determinista,2026_conv2025_rojo_A-T45,0.9888
2026_conv2025_verde_A-T68,2026,2025,2026-06-28,Acceso libre,Primera parte,Verde A,Rojo/Verde A/B,No,Los colores y modelos reproducen el mismo conjunto de preguntas con orden y/o opciones permutados; Rojo A es la variante canónica para frecuencias y Verde A se conserva como control de cobertura.,68,No,"De acuerdo con el Real Decreto 84/1996, en las situaciones de pluriactividad y pluriempleo:",Se considera pluriactividad la situación del trabajador por cuenta propia y/o ajena cuyas actividades den lugar a su alta obligatoria en dos o más Regímenes distintos del sistema de la Seguridad Social.,Se entenderá por pluriempleo la situación del trabajador por cuenta ajena contratado por dos o más empresas y que además ejerza servicios profesionales encuadrados dentro del Régimen Especial de Trabajadores Autónomos.,Los empresarios que conozcan la situación de pluriempleo de sus trabajadores pueden comunicar las altas y las bajas de estos en eI plazo de los 90 días siguientes al inicio de la actividad.,"Si una de las actividades determinase la inclusión en eI Sistema Especial de Trabajadores por Cuenta Propia Agrarios, eI alta se practicará por dicha actividad y la Tesorería podrá pedir un informe de la Intervención General de la Seguridad Social.",S03,3,Temario específico Seguridad Social,Normas sobre afiliación. Altas y bajas en el régimen general. Procedimiento y efectos. El convenio especial y otras situaciones asimiladas a la del alta. Encuadramiento e inscripción.,S03,Real Decreto 84/1996,,"Afiliación, altas y bajas",Media,S03,,,No,Teórico,A,A,Válida,01. Información oficial de la oposición\Exámenes oficiales anteriores\2026 Convocatoria 2025 - Acceso libre Verde A.pdf,https://www.seg-social.es/wps/portal/wss/internet/InformacionUtil/9950/88beb45d-ca83-4bab-8162-f94ef2894562/e0c83707-3358-47a9-94d7-508221dad233,OCR Windows es-ES sobre PDF oficial,100,Alta,Regla jurídica determinista,2026_conv2025_rojo_A-T38,1.0
2026_conv2025_verde_A-T69,2026,2025,2026-06-28,Acceso libre,Primera parte,Verde A,Rojo/Verde A/B,No,Los colores y modelos reproducen el mismo conjunto de preguntas con orden y/o opciones permutados; Rojo A es la variante canónica para frecuencias y Verde A se conserva como control de cobertura.,69,No,"De acuerdo con el artículo 7 del Real Decreto 1415/2004, de 11 de junio, por el que se aprueba el Reglamento General de Recaudación de la Seguridad Social, los actos de la Tesorería General de la Seguridad Social para la determinación y recaudación de la deuda con la Seguridad Social:",Gozan de presunción de legalidad y son inmediatamente ejecutivos.,Gozan de presunción de validez y son inmediatamente ejecutivos.,Gozan de presunción de legalidad y son ejecutivos cuando adquieren firmeza en vía administrativa.,Gozan de presunción de validez y son ejecutivos cuando adquieren firmeza en vía administrativa.,S05,5,Temario específico Seguridad Social,"La gestión recaudatoria: concepto, competencia y objeto. Responsables del pago. Requisitos para el pago. Medios de pago. Control de recaudación. Revisión de los actos de gestión recaudatoria. La recaudación en periodo voluntario. Efectos de la falta de cotización en período reglamentario. Recaudación de otros recursos. Aplazamientos. Devolución de ingresos indebidos. Capital coste de pensiones.",S05,Real Decreto 1415/2004,7,Recaudación,Media,S05,Tesorería General de la Seguridad Social,,No,Teórico,A,A,Válida,01. Información oficial de la oposición\Exámenes oficiales anteriores\2026 Convocatoria 2025 - Acceso libre Verde A.pdf,https://www.seg-social.es/wps/portal/wss/internet/InformacionUtil/9950/88beb45d-ca83-4bab-8162-f94ef2894562/e0c83707-3358-47a9-94d7-508221dad233,OCR Windows es-ES sobre PDF oficial,100,Alta,Regla jurídica determinista,2026_conv2025_rojo_A-T42,0.9965
2026_conv2025_verde_A-T70,2026,2025,2026-06-28,Acceso libre,Primera parte,Verde A,Rojo/Verde A/B,No,Los colores y modelos reproducen el mismo conjunto de preguntas con orden y/o opciones permutados; Rojo A es la variante canónica para frecuencias y Verde A se conserva como control de cobertura.,70,No,"Según establece el artículo 123 bis del Real Decreto 1415/2004, de II de junio, por el que se aprueba el Reglamento General de Recaudación de la Seguridad Social, una vez autorizada por el director provincial de la Tesorería General la enajenación mediante adjudicación directa, las actuaciones necesarias para llevarla a cabo se realizarán en el plazo de:",Un año.,Tres meses.,30 días naturales.,Seis meses.,S06,6,Temario específico Seguridad Social,La recaudación en vía ejecutiva. Normas generales. Iniciación y título ejecutivo. La providencia de apremio. Oposición y efectos. El embargo de bienes. Enajenación de bienes: modalidades. Créditos incobrables. Tercerías.,S06,Real Decreto 1415/2004,123,Plazos,Alta,S06,,,No,Teórico,D,D,Válida,01. Información oficial de la oposición\Exámenes oficiales anteriores\2026 Convocatoria 2025 - Acceso libre Verde A.pdf,https://www.seg-social.es/wps/portal/wss/internet/InformacionUtil/9950/88beb45d-ca83-4bab-8162-f94ef2894562/e0c83707-3358-47a9-94d7-508221dad233,OCR Windows es-ES sobre PDF oficial,100,Alta,Regla jurídica determinista,2026_conv2025_rojo_A-T49,0.9972
2026_conv2025_verde_A-T71,2026,2025,2026-06-28,Acceso libre,Primera parte,Verde A,Rojo/Verde A/B,No,Los colores y modelos reproducen el mismo conjunto de preguntas con orden y/o opciones permutados; Rojo A es la variante canónica para frecuencias y Verde A se conserva como control de cobertura.,71,Sí,"Según eI artículo 15 del Real Decreto 141512004, de 11 de junio, por el que se aprueba el Reglamento General de Recaudación de la Seguridad Social, los herederos del responsable del pago de la deuda a la Seguridad Social que acepten la herencia a beneficio de inventario:",Responderán solidariamente entre sí de su pago con los bienes de la herencia.,Responderán solidariamente entre sí de su pago con los bienes de la herencia y con su propio patrimonio.,Solo responderán con los bienes de la herencia que les hayan sido adjudicados y con su propio patrimonio.,Solo responderán con los bienes de la herencia que les hayan sido adjudicados.,S05,5,Temario específico Seguridad Social,"La gestión recaudatoria: concepto, competencia y objeto. Responsables del pago. Requisitos para el pago. Medios de pago. Control de recaudación. Revisión de los actos de gestión recaudatoria. La recaudación en periodo voluntario. Efectos de la falta de cotización en período reglamentario. Recaudación de otros recursos. Aplazamientos. Devolución de ingresos indebidos. Capital coste de pensiones.",S05,,15,Recaudación,Media,S05,,,No,Teórico,D,D,Válida,01. Información oficial de la oposición\Exámenes oficiales anteriores\2026 Convocatoria 2025 - Acceso libre Verde A.pdf,https://www.seg-social.es/wps/portal/wss/internet/InformacionUtil/9950/88beb45d-ca83-4bab-8162-f94ef2894562/e0c83707-3358-47a9-94d7-508221dad233,OCR Windows es-ES sobre PDF oficial,100,Alta,Regla jurídica determinista,2026_conv2025_rojo_A-T71,0.9889
2026_conv2025_verde_A-T72,2026,2025,2026-06-28,Acceso libre,Primera parte,Verde A,Rojo/Verde A/B,No,Los colores y modelos reproducen el mismo conjunto de preguntas con orden y/o opciones permutados; Rojo A es la variante canónica para frecuencias y Verde A se conserva como control de cobertura.,72,Sí,"EI artículo 118 del Real Decreto 1415/2004, de II de junio, por el que se aprueba el Reglamento General de Recaudación de la Seguridad Social, establece que el licitador que presente oferta en una subasta deberá constituir depósito por importe del:",20 por ciento del tipo establecido para la enajenación del bien de que se trate.,25 por ciento del tipo establecido para la enajenación del bien de que se trate.,10 por ciento del tipo establecido para la enajenación del bien de que se trate.,15 por ciento del tipo establecido para la enajenación del bien de que se trate.,S06,6,Temario específico Seguridad Social,La recaudación en vía ejecutiva. Normas generales. Iniciación y título ejecutivo. La providencia de apremio. Oposición y efectos. El embargo de bienes. Enajenación de bienes: modalidades. Créditos incobrables. Tercerías.,S06,Real Decreto 1415/2004,118,Cálculos,Media,S06,,,No,Teórico,B,B,Válida,01. Información oficial de la oposición\Exámenes oficiales anteriores\2026 Convocatoria 2025 - Acceso libre Verde A.pdf,https://www.seg-social.es/wps/portal/wss/internet/InformacionUtil/9950/88beb45d-ca83-4bab-8162-f94ef2894562/e0c83707-3358-47a9-94d7-508221dad233,OCR Windows es-ES sobre PDF oficial,100,Alta,Regla jurídica determinista,2026_conv2025_rojo_A-T72,1.0
2026_conv2025_verde_A-T73,2026,2025,2026-06-28,Acceso libre,Primera parte,Verde A,Rojo/Verde A/B,No,Los colores y modelos reproducen el mismo conjunto de preguntas con orden y/o opciones permutados; Rojo A es la variante canónica para frecuencias y Verde A se conserva como control de cobertura.,73,Sí,"De acuerdo con el artículo 290 del Tratado de Funcionamiento de la Unión Europea, en relación con los actos delegados:",La Comisión Europea podrá decidir revocar la delegación.,EI acto delegado podrá entrar en vigor aunque el Parlamento Europeo o el Consejo hayan formulado objeciones en eI plazo fijado.,No es obligatorio que en eI título de los actos delegados figure el adjetivo «delegado» o «delegada»,"Los actos legislativos delimitarán de forma expresa los objetivos, el contenido, el alcance y la duración de la delegación de poderes.",G11,11,Temario general,"Las fuentes del derecho de la Unión Europea. Derecho originario. Derecho derivado: Reglamentos, directivas y decisiones. Otras fuentes. Las relaciones entre el Derecho de la Unión Europea y el ordenamiento jurídico de los Estados miembros.",G11,Tratado de Funcionamiento de la Unión Europea,290,Artículos literales,Media,G11,,,No,Teórico,D,D,Válida,01. Información oficial de la oposición\Exámenes oficiales anteriores\2026 Convocatoria 2025 - Acceso libre Verde A.pdf,https://www.seg-social.es/wps/portal/wss/internet/InformacionUtil/9950/88beb45d-ca83-4bab-8162-f94ef2894562/e0c83707-3358-47a9-94d7-508221dad233,OCR Windows es-ES sobre PDF oficial,100,Alta,Regla jurídica determinista,2026_conv2025_rojo_A-T73,0.9915
2026_conv2025_verde_A-P01,2026,2025,2026-06-28,Acceso libre,Segunda parte,Verde A,Rojo/Verde A/B,No,Los colores y modelos reproducen el mismo conjunto de preguntas con orden y/o opciones permutados; Rojo A es la variante canónica para frecuencias y Verde A se conserva como control de cobertura.,1,No,"Indique, si de acuerdo con el artículo 29 del Reglamento General sobre inscripción de empresas y afiliación, altas, bajas y variaciones de datos de trabajadores en la Seguridad Social, aprobado por eI Real Decreto 84/1996, de 26 de enero, la empresa tiene que promover la baja de la trabajadora en eI código de cuenta de cotización de la localidad de Las Navas del Marqués y eI alta en eI código de cuenta de cotización de la localidad de Sanchorreja:","No, únicamente es necesario cuando el nuevo centro de trabajo se encuentre en otra provincia.","Es indiferente, depende exclusivamente de la voluntad del empresario.","No, porque el alta es única para la empresa con independencia del lugar donde preste servicios y del código de cuenta de cotización.","Si, la empresa debe promover la baja y eI alta de la trabajadora, porque tienen diferente código de cuenta de cotización.",S03,3,Temario específico Seguridad Social,Normas sobre afiliación. Altas y bajas en el régimen general. Procedimiento y efectos. El convenio especial y otras situaciones asimiladas a la del alta. Encuadramiento e inscripción.,afiliación,Real Decreto 84/1996,29,"Afiliación, altas y bajas",Alta,afiliación,,,No,Práctico,D,D,Válida,01. Información oficial de la oposición\Exámenes oficiales anteriores\2026 Convocatoria 2025 - Acceso libre Verde A.pdf,https://www.seg-social.es/wps/portal/wss/internet/InformacionUtil/9950/88beb45d-ca83-4bab-8162-f94ef2894562/e0c83707-3358-47a9-94d7-508221dad233,OCR Windows es-ES sobre PDF oficial,100,Alta,Regla jurídica determinista,2026_conv2025_rojo_A-P01,0.9667
2026_conv2025_verde_A-P02,2026,2025,2026-06-28,Acceso libre,Segunda parte,Verde A,Rojo/Verde A/B,No,Los colores y modelos reproducen el mismo conjunto de preguntas con orden y/o opciones permutados; Rojo A es la variante canónica para frecuencias y Verde A se conserva como control de cobertura.,2,No,Determine si la empresa tiene que comunicar la baja en el Régimen General de la Seguridad Social de Dña. Juliana Suárez cuando es operada de urgencia:,"No, la trabajadora continúa en la situación de alta en la empresa.","No, la baja en eI Régimen General 10 debe comunicar la entidad gestora o la mutua colaboradora en el plazo de tres días naturales a la baja médica.","Sí, la empresa tiene que comunicar la baja en el Régimen General en el plazo de los tres días naturales siguientes al cese en el trabajo.","Sí, la empresa debe de comunicar la baja en eI Régimen General en el plazo de tres días hábiles siguientes al cese en eI trabajo. EI trabajador Mario de la Vega de la empresa ""Tesifonte Ovejero, S.L."", que presta servicios en el centro de trabajo de la localidad Sanchorreja de la provincia de Ávila, se desplaza varias veces al mes para prestar servicios en el centro de trabajo de la localidad de Las Navas del Marqués que se encuentra en la misma provincia. Para realizar estos desplazamientos utiliza el trasporte público disponiendo de la correspondiente factura.",S03,3,Temario específico Seguridad Social,Normas sobre afiliación. Altas y bajas en el régimen general. Procedimiento y efectos. El convenio especial y otras situaciones asimiladas a la del alta. Encuadramiento e inscripción.,baja,,,"Afiliación, altas y bajas",Media,baja,,,No,Práctico,A,A,Válida,01. Información oficial de la oposición\Exámenes oficiales anteriores\2026 Convocatoria 2025 - Acceso libre Verde A.pdf,https://www.seg-social.es/wps/portal/wss/internet/InformacionUtil/9950/88beb45d-ca83-4bab-8162-f94ef2894562/e0c83707-3358-47a9-94d7-508221dad233,OCR Windows es-ES sobre PDF oficial,100,Alta,Revisión jurídica individual,2026_conv2025_rojo_A-P02,0.9933
2026_conv2025_verde_A-P03,2026,2025,2026-06-28,Acceso libre,Segunda parte,Verde A,Rojo/Verde A/B,No,Los colores y modelos reproducen el mismo conjunto de preguntas con orden y/o opciones permutados; Rojo A es la variante canónica para frecuencias y Verde A se conserva como control de cobertura.,3,No,"Señale si los importes abonados por la empresa al trabajador Mario de la Vega para resarcirle por estos desplazamientos, previa presentación de la factura, se tienen que integrar en la base de cotización:","Forman parte de la base de cotización, porque se incluyen todas las percepciones abonadas por la empresa.","Forman parte de la base de cotización, por ser desplazamientos en transporte público y con factura.","No forman parte de la base de cotización, por ser desplazamientos en transporte público y con factura.","No forman parte de la base de cotización, porque todas las indemnizaciones por transporte están excluidas. La empresa ""Tesifonte Ovejero, S.L."", el día 23 de mayo de 2026 ha solicitado a la Tesorería General de la Seguridad Social eI cálculo de la liquidación de cuotas correspondientes al mes anterior, pero la liquidación no puede practicarse porque los datos son insuficientes.",S04,4,Temario específico Seguridad Social,La cotización a la Seguridad Social: normas comunes del sistema. La liquidación de cuotas. El régimen general de la Seguridad Social. Supuestos especiales. Bases y tipos de cotización. Liquidación de otras deudas.,base de cotización,,,Cálculos,Media,base de cotización,,,No,Práctico,C,C,Válida,01. Información oficial de la oposición\Exámenes oficiales anteriores\2026 Convocatoria 2025 - Acceso libre Verde A.pdf,https://www.seg-social.es/wps/portal/wss/internet/InformacionUtil/9950/88beb45d-ca83-4bab-8162-f94ef2894562/e0c83707-3358-47a9-94d7-508221dad233,OCR Windows es-ES sobre PDF oficial,100,Alta,Regla jurídica determinista,2026_conv2025_rojo_A-P03,1.0
2026_conv2025_verde_A-P04,2026,2025,2026-06-28,Acceso libre,Segunda parte,Verde A,Rojo/Verde A/B,No,Los colores y modelos reproducen el mismo conjunto de preguntas con orden y/o opciones permutados; Rojo A es la variante canónica para frecuencias y Verde A se conserva como control de cobertura.,4,No,"Determine eI plazo máximo que tiene la Tesorería General de la Seguridad Social para informar a la empresa ""Tesifonte Ovejero, S.L."" de la causa que impide eI cálculo, tal y como establece eI artículo 18 del Reglamento General sobre cotización y liquidación de otros derechos de la Seguridad Social, aprobado por Real Decreto 2064/1995, de 22 de diciembre:",La Tesorería General de la Seguridad Social tiene dos días hábiles a contar desde la aportación.,La Tesorería General de la Seguridad Social tiene dos días naturales a contar desde la aportación.,Dispone de 72 horas a contar desde la aportación.,Dispone de 48 horas a contar desde la aportación.,S04,4,Temario específico Seguridad Social,La cotización a la Seguridad Social: normas comunes del sistema. La liquidación de cuotas. El régimen general de la Seguridad Social. Supuestos especiales. Bases y tipos de cotización. Liquidación de otras deudas.,S04,Real Decreto 2064/1995,18,Plazos,Alta,S04,Tesorería General de la Seguridad Social,,No,Práctico,D,D,Válida,01. Información oficial de la oposición\Exámenes oficiales anteriores\2026 Convocatoria 2025 - Acceso libre Verde A.pdf,https://www.seg-social.es/wps/portal/wss/internet/InformacionUtil/9950/88beb45d-ca83-4bab-8162-f94ef2894562/e0c83707-3358-47a9-94d7-508221dad233,OCR Windows es-ES sobre PDF oficial,100,Alta,Regla jurídica determinista,2026_conv2025_rojo_A-P04,0.9944
2026_conv2025_verde_A-P05,2026,2025,2026-06-28,Acceso libre,Segunda parte,Verde A,Rojo/Verde A/B,No,Los colores y modelos reproducen el mismo conjunto de preguntas con orden y/o opciones permutados; Rojo A es la variante canónica para frecuencias y Verde A se conserva como control de cobertura.,5,No,"Teniendo en cuenta que eI día 31 de mayo de 2026 fue domingo, indique hasta qué día puede la empresa ""Tesifonte Ovejero, S.L."" solicitar la práctica de la liquidación de las cuotas de la Seguridad Social del mes de abril de 2026 correspondiente a aquellos trabajadores cuyos datos permiten el cálculo:",Hasta el día 29 de mayo.,Hasta eI día 30 de mayo.,Hasta eI día 31 de mayo.,"Hasta el día I de junio. EI trabajador Ventura Aguado de la empresa ""Tesifonte Ovejero, S.L. "" sufrió el día 5 de marzo de 2025 un accidente, por eI cual perdió varios dedos de la mano izquierda. Como consecuencia de esta pérdida fue declarado en una situación de incapacidad permanente parcial, percibiendo una prestación de 24.000 euros. Mediante resolución de la Dirección Provincial del Instituto Nacional de la Seguridad Social de 17 de noviembre de 2025, se declaró a la empresa responsable de un recargo del 50% sobre las prestaciones, al amparo de 10 establecido en el artículo 164 del texto refundido de la Ley General de la Seguridad Social, aprobado por Real Decreto Legislativo 8/2015, de 30 de octubre. La resolución firme fue remitida a la Tesorería General de la Seguridad Social eI día 11 de febrero de 2026, que emitió la correspondiente reclamación al día siguiente y fue recibida por la empresa el día 16 de febrero.",S04,4,Temario específico Seguridad Social,La cotización a la Seguridad Social: normas comunes del sistema. La liquidación de cuotas. El régimen general de la Seguridad Social. Supuestos especiales. Bases y tipos de cotización. Liquidación de otras deudas.,S04,,,Plazos,Alta,S04,,,No,Práctico,B,B,Válida,01. Información oficial de la oposición\Exámenes oficiales anteriores\2026 Convocatoria 2025 - Acceso libre Verde A.pdf,https://www.seg-social.es/wps/portal/wss/internet/InformacionUtil/9950/88beb45d-ca83-4bab-8162-f94ef2894562/e0c83707-3358-47a9-94d7-508221dad233,OCR Windows es-ES sobre PDF oficial,100,Alta,Revisión jurídica individual,2026_conv2025_rojo_A-P05,0.9917
2026_conv2025_verde_A-P06,2026,2025,2026-06-28,Acceso libre,Segunda parte,Verde A,Rojo/Verde A/B,No,Los colores y modelos reproducen el mismo conjunto de preguntas con orden y/o opciones permutados; Rojo A es la variante canónica para frecuencias y Verde A se conserva como control de cobertura.,6,No,"Remitida la resolución firme de la entidad gestora a la Tesorería General de la Seguridad Social, determine el importe a reclamar a la empresa por la Tesorería General de la Seguridad Social al amparo del artículo 75 del Reglamento General de Recaudación de la Seguridad Social, aprobado por Real Decreto 1415/2004, de 11 de junio:",12.000 euros.,24.000 euros.,36.000 euros.,30.000 euros.,S05,5,Temario específico Seguridad Social,"La gestión recaudatoria: concepto, competencia y objeto. Responsables del pago. Requisitos para el pago. Medios de pago. Control de recaudación. Revisión de los actos de gestión recaudatoria. La recaudación en periodo voluntario. Efectos de la falta de cotización en período reglamentario. Recaudación de otros recursos. Aplazamientos. Devolución de ingresos indebidos. Capital coste de pensiones.",S05,Real Decreto 1415/2004,75,Cálculos,Alta,S05,Tesorería General de la Seguridad Social,,No,Práctico,A,A,Válida,01. Información oficial de la oposición\Exámenes oficiales anteriores\2026 Convocatoria 2025 - Acceso libre Verde A.pdf,https://www.seg-social.es/wps/portal/wss/internet/InformacionUtil/9950/88beb45d-ca83-4bab-8162-f94ef2894562/e0c83707-3358-47a9-94d7-508221dad233,OCR Windows es-ES sobre PDF oficial,100,Alta,Regla jurídica determinista,2026_conv2025_rojo_A-P06,0.994
2026_conv2025_verde_A-P07,2026,2025,2026-06-28,Acceso libre,Segunda parte,Verde A,Rojo/Verde A/B,No,Los colores y modelos reproducen el mismo conjunto de preguntas con orden y/o opciones permutados; Rojo A es la variante canónica para frecuencias y Verde A se conserva como control de cobertura.,7,No,"Indique cuándo finaliza eI plazo reglamentario de ingreso de la reclamación de deuda emitida a la empresa ""Tesifonte Ovejero, S.L."" para recaudar eI recargo sobre la prestación determinado por la resolución de la Dirección Provincial del Instituto Nacional de la Seguridad Social de 17 de noviembre de 2025:",EI día 31 de enero de 2026.,EI dia 20 de marzo de 2026.,EI día 31 de marzo de 2026.,"EI día 5 de abril de 2026. Ante la falta de pago en eI plazo reglamentario de ingreso de la reclamación de deuda emitida para reclamar el recargo sobre la prestación impuesta por la resolución de la Dirección Provincial del Instituto Nacional de la Seguridad Social de 1 7 de noviembre de 2025, se emite la correspondiente providencia de apremio, que es recibida por la empresa eI día 24 de abril de 2026. La empresa ""Tesifonte Ovejero, S.L."" para abonar la deuda solicita un aplazamiento.",S05,5,Temario específico Seguridad Social,"La gestión recaudatoria: concepto, competencia y objeto. Responsables del pago. Requisitos para el pago. Medios de pago. Control de recaudación. Revisión de los actos de gestión recaudatoria. La recaudación en periodo voluntario. Efectos de la falta de cotización en período reglamentario. Recaudación de otros recursos. Aplazamientos. Devolución de ingresos indebidos. Capital coste de pensiones.",S05,,,Plazos,Alta,S05,Instituto Nacional de la Seguridad Social,,No,Práctico,C,C,Válida,01. Información oficial de la oposición\Exámenes oficiales anteriores\2026 Convocatoria 2025 - Acceso libre Verde A.pdf,https://www.seg-social.es/wps/portal/wss/internet/InformacionUtil/9950/88beb45d-ca83-4bab-8162-f94ef2894562/e0c83707-3358-47a9-94d7-508221dad233,OCR Windows es-ES sobre PDF oficial,100,Alta,Regla jurídica determinista,2026_conv2025_rojo_A-P07,1.0
2026_conv2025_verde_A-P08,2026,2025,2026-06-28,Acceso libre,Segunda parte,Verde A,Rojo/Verde A/B,No,Los colores y modelos reproducen el mismo conjunto de preguntas con orden y/o opciones permutados; Rojo A es la variante canónica para frecuencias y Verde A se conserva como control de cobertura.,8,No,• Indique si eI aplazamiento sobre esta deuda necesita ser garantizado:,Sólo puede garantizarse con hipoteca inmobiliaria.,Sólo puede garantizarse con aval bancario.,Se tiene que garantizar con cualquier tipo de garantía.,"No necesita garantía. EI aplazamiento no es concedido y por tanto la Unidad de Recaudación Ejecutiva responde con el procedimiento de apremio y embarga el saldo de una cuenta bancaria, que asciende a 5.000 euros. Esta cuenta bancaria está abierta a nombre de cinco titulares, entre ellos figura la empresa ""Tesifonte Ovejero, S.L."", con titularidad indistinta.",S05,5,Temario específico Seguridad Social,"La gestión recaudatoria: concepto, competencia y objeto. Responsables del pago. Requisitos para el pago. Medios de pago. Control de recaudación. Revisión de los actos de gestión recaudatoria. La recaudación en periodo voluntario. Efectos de la falta de cotización en período reglamentario. Recaudación de otros recursos. Aplazamientos. Devolución de ingresos indebidos. Capital coste de pensiones.",aplazamiento,,,Recaudación,Media,aplazamiento,,,No,Práctico,B,ANULADA,Anulada,01. Información oficial de la oposición\Exámenes oficiales anteriores\2026 Convocatoria 2025 - Acceso libre Verde A.pdf,https://www.seg-social.es/wps/portal/wss/internet/InformacionUtil/9950/88beb45d-ca83-4bab-8162-f94ef2894562/e0c83707-3358-47a9-94d7-508221dad233,OCR Windows es-ES sobre PDF oficial,100,Alta,Regla jurídica determinista,2026_conv2025_rojo_A-P08,0.9714
2026_conv2025_verde_A-P09,2026,2025,2026-06-28,Acceso libre,Segunda parte,Verde A,Rojo/Verde A/B,No,Los colores y modelos reproducen el mismo conjunto de preguntas con orden y/o opciones permutados; Rojo A es la variante canónica para frecuencias y Verde A se conserva como control de cobertura.,9,No,Señale cuál sería el importe del saldo de la cuenta a embargar:,"EI importe total del saldo, 5.000 euros.","No puede embargarse, porque no puede establecerse el importe del saldo correspondiente a la empresa.","1 .OOO euros, la parte del saldo correspondiente, salvo que del contrato se desprenda otra cosa.","2.500, la mitad del saldo. La trabajadora Matilde Padilla inició su vida laboral, prestando servicios para la empresa ""Tesifonte Ovejero, S.L."" eI día 29 de enero de 2026. Esta empresa tramitó el correspondiente alta en la Seguridad Social en tiempo y forma. La empresa ""Tesifonte Ovejero, S. L."" tiene cubierta la protección de incapacidad temporal derivada de contingencias comunes y la protección de accidentes de trabajo y enfermedades profesionales con la mutua colaboradora de la Seguridad Social ""Consorcio"". EI día 8 de junio de 2026, el médico del servicio de salud de su comunidad autónoma expide la baja de Dña. Matilde Padilla por padecer una situación de menstruación incapacitante secundaria.",S06,6,Temario específico Seguridad Social,La recaudación en vía ejecutiva. Normas generales. Iniciación y título ejecutivo. La providencia de apremio. Oposición y efectos. El embargo de bienes. Enajenación de bienes: modalidades. Créditos incobrables. Tercerías.,S06,,,Cálculos,Media,S06,,,No,Práctico,C,C,Válida,01. Información oficial de la oposición\Exámenes oficiales anteriores\2026 Convocatoria 2025 - Acceso libre Verde A.pdf,https://www.seg-social.es/wps/portal/wss/internet/InformacionUtil/9950/88beb45d-ca83-4bab-8162-f94ef2894562/e0c83707-3358-47a9-94d7-508221dad233,OCR Windows es-ES sobre PDF oficial,100,Alta,Revisión jurídica individual,2026_conv2025_rojo_A-P09,1.0
2026_conv2025_verde_A-P10,2026,2025,2026-06-28,Acceso libre,Segunda parte,Verde A,Rojo/Verde A/B,No,Los colores y modelos reproducen el mismo conjunto de preguntas con orden y/o opciones permutados; Rojo A es la variante canónica para frecuencias y Verde A se conserva como control de cobertura.,10,No,"Determine si doña Matilde Padilla, tiene derecho a la prestación de incapacidad temporal por la baja médica debida a la situación de menstruación incapacitante secundaria:","No, porque no reúne eI periodo mínimo de cotización de 180 días en los cinco años anteriores al hecho causante.","Sí, porque para las situaciones de menstruación incapacitante secundaria no se exige periodo mínimo de cotización.","No, porque la menstruación incapacitante secundaria no es una situación determinante de la incapacidad temporal.","Sí, porque la menstruación incapacitante secundaria tiene la consideración de enfermedad profesional y por ello no se exige periodo mínimo de cotización.",S08,8,Temario específico Seguridad Social,"Incapacidad temporal: concepto y causas que motivan esta situación. Beneficiarios. Prestación económica: determinación y cuantía. Nacimiento, duración y extinción del derecho al subsidio. Reconocimiento y pago. Control de la incapacidad. Incapacidad permanente contributiva: concepto. Grados de incapacidad. Prestaciones. Determinación y cuantía. Beneficiarios. Nacimiento, duración y extinción del derecho. Lesiones permanentes no incapacitantes. La calificación y revisión de la incapacidad permanente.",baja,,,Personas beneficiarias,Media,baja,,,No,Práctico,B,B,Válida,01. Información oficial de la oposición\Exámenes oficiales anteriores\2026 Convocatoria 2025 - Acceso libre Verde A.pdf,https://www.seg-social.es/wps/portal/wss/internet/InformacionUtil/9950/88beb45d-ca83-4bab-8162-f94ef2894562/e0c83707-3358-47a9-94d7-508221dad233,OCR Windows es-ES sobre PDF oficial,100,Alta,Regla jurídica determinista,2026_conv2025_rojo_A-P10,1.0
2026_conv2025_verde_A-P11,2026,2025,2026-06-28,Acceso libre,Segunda parte,Verde A,Rojo/Verde A/B,No,Los colores y modelos reproducen el mismo conjunto de preguntas con orden y/o opciones permutados; Rojo A es la variante canónica para frecuencias y Verde A se conserva como control de cobertura.,11,No,"En el supuesto de tener derecho a la prestación de incapacidad temporal y de acuerdo con eI artículo 173, párrafo tercero del texto refundido de la Ley General de la Seguridad Social, por la situación determinante de la menstruación incapacitante secundaria, el abono del subsidio de la incapacidad temporal será a cargo de:",Del Instituto Nacional de la Seguridad Social.,De la empresa.,"La mutua colaboradora de la Seguridad Social ""Consorcio""",Del Servicio Público de Empleo Estatal.,S08,8,Temario específico Seguridad Social,"Incapacidad temporal: concepto y causas que motivan esta situación. Beneficiarios. Prestación económica: determinación y cuantía. Nacimiento, duración y extinción del derecho al subsidio. Reconocimiento y pago. Control de la incapacidad. Incapacidad permanente contributiva: concepto. Grados de incapacidad. Prestaciones. Determinación y cuantía. Beneficiarios. Nacimiento, duración y extinción del derecho. Lesiones permanentes no incapacitantes. La calificación y revisión de la incapacidad permanente.",incapacidad temporal,texto refundido de la Ley General de la Seguridad Social,173,Personas beneficiarias,Alta,incapacidad temporal,,,No,Práctico,C,C,Válida,01. Información oficial de la oposición\Exámenes oficiales anteriores\2026 Convocatoria 2025 - Acceso libre Verde A.pdf,https://www.seg-social.es/wps/portal/wss/internet/InformacionUtil/9950/88beb45d-ca83-4bab-8162-f94ef2894562/e0c83707-3358-47a9-94d7-508221dad233,OCR Windows es-ES sobre PDF oficial,100,Alta,Regla jurídica determinista,2026_conv2025_rojo_A-P11,0.9938
2026_conv2025_verde_A-P12,2026,2025,2026-06-28,Acceso libre,Segunda parte,Verde A,Rojo/Verde A/B,No,Los colores y modelos reproducen el mismo conjunto de preguntas con orden y/o opciones permutados; Rojo A es la variante canónica para frecuencias y Verde A se conserva como control de cobertura.,12,No,"En el supuesto de tener derecho a la prestación de incapacidad temporal, determine los meses que se tendrían en cuenta para el cálculo de la base reguladora de la prestación, si tuviera un contrato a tiempo parcial:","Los meses de abril, mayo y junio de 2026.","Los meses de febrero, marzo y abril de 2026.","Los meses de marzo, abril y mayo de 2026.","Los meses de febrero, marzo, abril y mayo de 2026. La trabajadora Nati Robles, que ha nacido el día 21 de julio de 1968, ha prestado sus servicios en los últimos años en la empresa ""Tesifonte Ovejero, S.L."". Después de un proceso de incapacidad temporal debido a una enfermedad común, ha sido declarada en situación de incapacidad permanente total, el día 4 de mayo de 2026.",S08,8,Temario específico Seguridad Social,"Incapacidad temporal: concepto y causas que motivan esta situación. Beneficiarios. Prestación económica: determinación y cuantía. Nacimiento, duración y extinción del derecho al subsidio. Reconocimiento y pago. Control de la incapacidad. Incapacidad permanente contributiva: concepto. Grados de incapacidad. Prestaciones. Determinación y cuantía. Beneficiarios. Nacimiento, duración y extinción del derecho. Lesiones permanentes no incapacitantes. La calificación y revisión de la incapacidad permanente.",incapacidad temporal,,,Cálculos,Media,incapacidad temporal,,,No,Práctico,B,B,Válida,01. Información oficial de la oposición\Exámenes oficiales anteriores\2026 Convocatoria 2025 - Acceso libre Verde A.pdf,https://www.seg-social.es/wps/portal/wss/internet/InformacionUtil/9950/88beb45d-ca83-4bab-8162-f94ef2894562/e0c83707-3358-47a9-94d7-508221dad233,OCR Windows es-ES sobre PDF oficial,100,Alta,Regla jurídica determinista,2026_conv2025_rojo_A-P12,1.0
2026_conv2025_verde_A-P13,2026,2025,2026-06-28,Acceso libre,Segunda parte,Verde A,Rojo/Verde A/B,No,Los colores y modelos reproducen el mismo conjunto de preguntas con orden y/o opciones permutados; Rojo A es la variante canónica para frecuencias y Verde A se conserva como control de cobertura.,13,No,"¿Puede en este año 2026, Dña. Nati Robles, sustituir excepcionalmente la pensión vitalicia por incapacidad permanente total por una indemnización a tanto alzado?","Sí, porque es menor de 60 de años, si cumple el resto de los requisitos establecidos.","No, porque es una excepción no prevista en el artículo 196 del texto refundido de la Ley General de la Seguridad Social.","No, porque únicamente se permite esta opción a los menores de 55 años.","Sí, porque el artículo 196 del texto refundido de la Ley General de la Seguridad Social no establece ningún límite de edad, si cumple el resto de los requisitos establecidos.",S08,8,Temario específico Seguridad Social,"Incapacidad temporal: concepto y causas que motivan esta situación. Beneficiarios. Prestación económica: determinación y cuantía. Nacimiento, duración y extinción del derecho al subsidio. Reconocimiento y pago. Control de la incapacidad. Incapacidad permanente contributiva: concepto. Grados de incapacidad. Prestaciones. Determinación y cuantía. Beneficiarios. Nacimiento, duración y extinción del derecho. Lesiones permanentes no incapacitantes. La calificación y revisión de la incapacidad permanente.",incapacidad permanente,,,Incapacidad,Alta,incapacidad permanente,,,No,Práctico,A,A,Válida,01. Información oficial de la oposición\Exámenes oficiales anteriores\2026 Convocatoria 2025 - Acceso libre Verde A.pdf,https://www.seg-social.es/wps/portal/wss/internet/InformacionUtil/9950/88beb45d-ca83-4bab-8162-f94ef2894562/e0c83707-3358-47a9-94d7-508221dad233,OCR Windows es-ES sobre PDF oficial,100,Alta,Regla jurídica determinista,2026_conv2025_rojo_A-P13,1.0
2026_conv2025_verde_A-P14,2026,2025,2026-06-28,Acceso libre,Segunda parte,Verde A,Rojo/Verde A/B,No,Los colores y modelos reproducen el mismo conjunto de preguntas con orden y/o opciones permutados; Rojo A es la variante canónica para frecuencias y Verde A se conserva como control de cobertura.,14,No,Indique cuál ha sido el periodo de cotización mínimo que ha tenido que reunir Dña. Nati Robles para tener derecho a la prestación de incapacidad permanente total:,La tercera parte del tiempo transcurrido entre la fecha en que cumplió los dieciséis años y la del hecho causante de la pensión.,"La cuarta parte del tiempo transcurrido entre la fecha en que cumplió los veinte años y la del hecho causante de la pensión, con un mínimo, en todo caso, de cinco años; al menos la quinta parte del período de cotización exigible ha tenido que estar comprendida entre los diez años inmediatamente anteriores al hecho causante.","La tercera parte del tiempo transcurrido entre la fecha en que cumplió los veinte años y la del hecho causante de la pensión, con un mínimo, en todo caso, de cinco años; al menos la quinta parte del período de cotización exigible ha tenido que estar comprendida entre los diez años inmediatamente anteriores al hecho causante.","La quinta parte del tiempo transcurrido entre la fecha en que cumplió los veinte años y la del hecho causante de la pensión. La empresa ""Tesifonte Ovejero, S.L."", en eI año 2025 ha tenido una disminución de ingresos por 10 que reuniendo las condiciones del artículo 51 de la Ley del Estatuto de los Trabajadores, aprobado por Real Decreto Legislativo 2/2015, de 23 de octubre, ha practicado un despido colectivo. D. Leonardo Meléndez, que ha nacido en eI año 1.961, se encuentra entre los afectados por el despido colectivo y desea jubilarse este año 2026. Dña. Rosa Antofagasta, que ha nacido en I .964 y acredita 39 años cotizados, todos ellos en el Régimen General, entre la empresa ""Tesifonte Ovejero, S.L."" y otras empresas, también se encuentra afectada por este despido colectivo. La empresa ""Tesifonte Ovejero, S.L."" no Ie ha abonado la indemnización que Ie corresponde por eI despido.",S08,8,Temario específico Seguridad Social,"Incapacidad temporal: concepto y causas que motivan esta situación. Beneficiarios. Prestación económica: determinación y cuantía. Nacimiento, duración y extinción del derecho al subsidio. Reconocimiento y pago. Control de la incapacidad. Incapacidad permanente contributiva: concepto. Grados de incapacidad. Prestaciones. Determinación y cuantía. Beneficiarios. Nacimiento, duración y extinción del derecho. Lesiones permanentes no incapacitantes. La calificación y revisión de la incapacidad permanente.",incapacidad permanente,,,Personas beneficiarias,Media,incapacidad permanente,,,No,Práctico,B,B,Válida,01. Información oficial de la oposición\Exámenes oficiales anteriores\2026 Convocatoria 2025 - Acceso libre Verde A.pdf,https://www.seg-social.es/wps/portal/wss/internet/InformacionUtil/9950/88beb45d-ca83-4bab-8162-f94ef2894562/e0c83707-3358-47a9-94d7-508221dad233,OCR Windows es-ES sobre PDF oficial,100,Alta,Regla jurídica determinista,2026_conv2025_rojo_A-P14,1.0
2026_conv2025_verde_A-P15,2026,2025,2026-06-28,Acceso libre,Segunda parte,Verde A,Rojo/Verde A/B,No,Los colores y modelos reproducen el mismo conjunto de preguntas con orden y/o opciones permutados; Rojo A es la variante canónica para frecuencias y Verde A se conserva como control de cobertura.,15,No,¿La falta de ingreso de la indemnización por el despido colectivo le puede impedir a Dña. Rosa Antofagasta acceder a la posibilidad de jubilarse anticipadamente por causa no imputable al trabajador?:,"No, porque no es un requisito para acceder a esta modalidad de jubilación.","No, siempre que conste la declaración verbal del trabajador.","No, siempre que acredite haber interpuesto demanda judicial en reclamación de dicha indemnización.","Sí, porque exclusivamente se puede acreditar eI cumplimiento de este requisito aportando la justificación de la transferencia bancaria de la indemnización.",S10,10,Temario específico Seguridad Social,"Jubilación en la modalidad contributiva: concepto. Jubilación ordinaria: requisitos: especial referencia a la edad de jubilación. Determinación de la cuantía de la prestación: base reguladora y porcentaje. Jubilación anticipada, jubilación parcial y jubilación flexible. Compatibilidad de la pensión de jubilación y el trabajo. Suspensión y extinción de la prestación. Especial referencia a la aplicación de la normativa anterior a la Ley 27/2011.",S10,,,Jubilación,Media,S10,,,No,Práctico,C,C,Válida,01. Información oficial de la oposición\Exámenes oficiales anteriores\2026 Convocatoria 2025 - Acceso libre Verde A.pdf,https://www.seg-social.es/wps/portal/wss/internet/InformacionUtil/9950/88beb45d-ca83-4bab-8162-f94ef2894562/e0c83707-3358-47a9-94d7-508221dad233,OCR Windows es-ES sobre PDF oficial,100,Alta,Regla jurídica determinista,2026_conv2025_rojo_A-P15,0.995
2026_conv2025_verde_A-P16,2026,2025,2026-06-28,Acceso libre,Segunda parte,Verde A,Rojo/Verde A/B,No,Los colores y modelos reproducen el mismo conjunto de preguntas con orden y/o opciones permutados; Rojo A es la variante canónica para frecuencias y Verde A se conserva como control de cobertura.,16,Sí,¿Reúne Dña. Rosa Antofagasta el requisito de edad que establece eI artículo 207 del texto refundido de la Ley General de la Seguridad Social para poderse jubilar anticipadamente por causa no imputable a la trabajadora?,"No, porque tiene una edad superior a los 60 años.","Sí, porque esta disposición no establece límite de edad.","Sí, porque tiene una edad inferior en cuatro años como máximo de la edad establecida en eI artículo 205 del texto refundido de la Ley General de la Seguridad Social.","No, por tener una edad inferior en 63 años.",S10,10,Temario específico Seguridad Social,"Jubilación en la modalidad contributiva: concepto. Jubilación ordinaria: requisitos: especial referencia a la edad de jubilación. Determinación de la cuantía de la prestación: base reguladora y porcentaje. Jubilación anticipada, jubilación parcial y jubilación flexible. Compatibilidad de la pensión de jubilación y el trabajo. Suspensión y extinción de la prestación. Especial referencia a la aplicación de la normativa anterior a la Ley 27/2011.",S10,texto refundido de la Ley General de la Seguridad Social,207,Requisitos,Alta,S10,,,No,Práctico,C,C,Válida,01. Información oficial de la oposición\Exámenes oficiales anteriores\2026 Convocatoria 2025 - Acceso libre Verde A.pdf,https://www.seg-social.es/wps/portal/wss/internet/InformacionUtil/9950/88beb45d-ca83-4bab-8162-f94ef2894562/e0c83707-3358-47a9-94d7-508221dad233,OCR Windows es-ES sobre PDF oficial,100,Alta,Regla jurídica determinista,2026_conv2025_rojo_A-P16,0.9954
2026_conv2025_verde_A-P17,2026,2025,2026-06-28,Acceso libre,Segunda parte,Verde A,Rojo/Verde A/B,No,Los colores y modelos reproducen el mismo conjunto de preguntas con orden y/o opciones permutados; Rojo A es la variante canónica para frecuencias y Verde A se conserva como control de cobertura.,17,Sí,"Si Dña. Rosa Antofagasta solicita su pensión de jubilación el día 9 de junio de 2026 y por tanto este día se considerará como el día del hecho causante, indique los meses cuyas bases de cotización se computan a su valor nominal:",Mayo 2024 a abril 2026.,Junio 2024 a mayo 2026.,Julio 2024 a junio 2026.,Mayo 2025 a abril 2026.,S10,10,Temario específico Seguridad Social,"Jubilación en la modalidad contributiva: concepto. Jubilación ordinaria: requisitos: especial referencia a la edad de jubilación. Determinación de la cuantía de la prestación: base reguladora y porcentaje. Jubilación anticipada, jubilación parcial y jubilación flexible. Compatibilidad de la pensión de jubilación y el trabajo. Suspensión y extinción de la prestación. Especial referencia a la aplicación de la normativa anterior a la Ley 27/2011.",jubilación,,,Plazos,Alta,jubilación,,,No,Práctico,A,A,Válida,01. Información oficial de la oposición\Exámenes oficiales anteriores\2026 Convocatoria 2025 - Acceso libre Verde A.pdf,https://www.seg-social.es/wps/portal/wss/internet/InformacionUtil/9950/88beb45d-ca83-4bab-8162-f94ef2894562/e0c83707-3358-47a9-94d7-508221dad233,OCR Windows es-ES sobre PDF oficial,100,Alta,Regla jurídica determinista,2026_conv2025_rojo_A-P17,1.0
2026_conv2025_verde_A-P18,2026,2025,2026-06-28,Acceso libre,Segunda parte,Verde A,Rojo/Verde A/B,No,Los colores y modelos reproducen el mismo conjunto de preguntas con orden y/o opciones permutados; Rojo A es la variante canónica para frecuencias y Verde A se conserva como control de cobertura.,18,Sí,"¿Cuántos años deberá de tener cotizados D. Leonardo Meléndez, para poderse jubilar con 65 años, según la Disposición transitoria séptima del texto refundido de la Ley General de la Seguridad Social?",38 0 más años.,37 años y 9 meses o más.,38 años y seis meses o más.,38 años y tres meses o más.,S10,10,Temario específico Seguridad Social,"Jubilación en la modalidad contributiva: concepto. Jubilación ordinaria: requisitos: especial referencia a la edad de jubilación. Determinación de la cuantía de la prestación: base reguladora y porcentaje. Jubilación anticipada, jubilación parcial y jubilación flexible. Compatibilidad de la pensión de jubilación y el trabajo. Suspensión y extinción de la prestación. Especial referencia a la aplicación de la normativa anterior a la Ley 27/2011.",S10,texto refundido de la Ley General de la Seguridad Social,,Jubilación,Alta,S10,,65 años,No,Práctico,D,D,Válida,01. Información oficial de la oposición\Exámenes oficiales anteriores\2026 Convocatoria 2025 - Acceso libre Verde A.pdf,https://www.seg-social.es/wps/portal/wss/internet/InformacionUtil/9950/88beb45d-ca83-4bab-8162-f94ef2894562/e0c83707-3358-47a9-94d7-508221dad233,OCR Windows es-ES sobre PDF oficial,100,Alta,Regla jurídica determinista,2026_conv2025_rojo_A-P18,1.0
